{
  "data": {
    "COMID": 71028974.0,
    "slope": 0.004734730921,
    "NextDownID": 71028957.0,
    "length": 1580.2618176291362
  }
}