{
  "data": {
    "COMID": 71031503.0,
    "slope": 0.056254854955,
    "NextDownID": 71028974.0,
    "length": 6210.650079558564
  }
}