{
  "data": {
    "COMID": 71030690.0,
    "slope": 0.036291275138,
    "NextDownID": 71029798.0,
    "length": 7969.491235840515
  }
}