{
  "data": {
    "COMID": 71032217.0,
    "slope": 0.017709585359,
    "NextDownID": 71029992.0,
    "length": 8122.008301256509
  }
}