{
  "data": {
    "COMID": 71030784.0,
    "slope": 0.038086101661,
    "NextDownID": 71030302.0,
    "length": 4505.681011392778
  }
}