{
  "data": {
    "COMID": 71029528.0,
    "slope": 0.008256229788,
    "NextDownID": 71029071.0,
    "length": 23135.12795438617
  }
}