{
  "data": {
    "COMID": 71029778.0,
    "slope": 0.009005042587,
    "NextDownID": 71029528.0,
    "length": 8218.827092159168
  }
}