{
  "data": {
    "COMID": 71029798.0,
    "slope": 0.015809440797,
    "NextDownID": 71028609.0,
    "length": 5772.68360687813
  }
}