{
  "data": {
    "GRU_ID": "71031654",
    "HRU_ID": 37,
    "center_lat": 51.46186819008913,
    "center_lon": -116.10668080432956,
    "HRU_area": 23486539.95
  }
}