{
  "data": {
    "GRU_ID": "71031359",
    "HRU_ID": 116,
    "center_lat": 51.372083330562646,
    "center_lon": -116.10333333333283,
    "HRU_area": 0.0
  }
}