{
  "data": {
    "GRU_ID": "71028957",
    "HRU_ID": 56,
    "center_lat": 51.39008027257136,
    "center_lon": -116.12377300815962,
    "HRU_area": 23012178.55
  }
}