{
  "data": {
    "GRU_ID": "71031654",
    "HRU_ID": 86,
    "center_lat": 51.4226409821485,
    "center_lon": -116.13531621693788,
    "HRU_area": 6938022.593
  }
}