{
  "data": {
    "GRU_ID": "71028597",
    "HRU_ID": 49,
    "center_lat": 51.1774712006235,
    "center_lon": -115.6114022642511,
    "HRU_area": 3781836.401
  }
}