{
  "data": {
    "GRU_ID": "71032102",
    "HRU_ID": 41,
    "center_lat": 51.534787765879834,
    "center_lon": -116.09255707555967,
    "HRU_area": 41510866.47
  }
}