{
  "data": {
    "GRU_ID": "71032292",
    "HRU_ID": 44,
    "center_lat": 51.62616227067477,
    "center_lon": -116.08632945265121,
    "HRU_area": 23691696.3
  }
}