{
  "data": {
    "GRU_ID": "71032217",
    "HRU_ID": 92,
    "center_lat": 51.58505420065362,
    "center_lon": -116.18897195148662,
    "HRU_area": 6147798.287
  }
}