{
  "data": {
    "GRU_ID": "71030774",
    "HRU_ID": 75,
    "center_lat": 51.12825107222597,
    "center_lon": -115.59257831913648,
    "HRU_area": 19199563.48
  }
}