{
  "data": {
    "GRU_ID": "71028974",
    "HRU_ID": 57,
    "center_lat": 51.430321391854584,
    "center_lon": -116.15568654805111,
    "HRU_area": 9489160.638
  }
}