{
  "data": {
    "GRU_ID": "71028597",
    "HRU_ID": 1,
    "center_lat": 51.19270711760954,
    "center_lon": -115.62201741067233,
    "HRU_area": 1620257.054
  }
}