{
  "data": {
    "GRU_ID": "71028676",
    "HRU_ID": 3,
    "center_lat": 51.193487019863504,
    "center_lon": -115.76115680122626,
    "HRU_area": 48650037.18
  }
}