{
  "data": {
    "GRU_ID": "71028609",
    "HRU_ID": 101,
    "center_lat": 51.164007410139924,
    "center_lon": -115.64380379490976,
    "HRU_area": 4409814.765
  }
}