{
  "data": {
    "GRU_ID": "71030071",
    "HRU_ID": 17,
    "center_lat": 51.10177958772398,
    "center_lon": -115.64492811347579,
    "HRU_area": 3284716.741
  }
}