{
  "data": {
    "GRU_ID": "71028676",
    "HRU_ID": 102,
    "center_lat": 51.193186877420004,
    "center_lon": -115.74437868707348,
    "HRU_area": 30935777.66
  }
}