{
  "data": {
    "GRU_ID": "71031296",
    "HRU_ID": 81,
    "center_lat": 51.24942149989891,
    "center_lon": -115.67807010715404,
    "HRU_area": 22920267.11
  }
}