{
  "data": {
    "GRU_ID": "71031296",
    "HRU_ID": 32,
    "center_lat": 51.28161009280348,
    "center_lon": -115.70956609205408,
    "HRU_area": 70411146.1
  }
}