{
  "data": {
    "GRU_ID": "71029963",
    "HRU_ID": 64,
    "center_lat": 51.11441073713066,
    "center_lon": -115.67834317285975,
    "HRU_area": 8515232.819
  }
}