{
  "data": {
    "GRU_ID": "71030838",
    "HRU_ID": 28,
    "center_lat": 51.15171552712417,
    "center_lon": -115.97275966042257,
    "HRU_area": 39066320.95
  }
}