{
  "data": {
    "GRU_ID": "71029528",
    "HRU_ID": 60,
    "center_lat": 51.514395677564764,
    "center_lon": -116.28019195941084,
    "HRU_area": 56359210.36
  }
}