{
  "data": {
    "GRU_ID": "71030287",
    "HRU_ID": 20,
    "center_lat": 51.41047676695771,
    "center_lon": -116.05230907259902,
    "HRU_area": 15347223.09
  }
}