{
  "data": {
    "GRU_ID": "71028904",
    "HRU_ID": 55,
    "center_lat": 51.35946874854424,
    "center_lon": -116.09386932772335,
    "HRU_area": 18383179.55
  }
}