{
  "data": {
    "GRU_ID": "71029798",
    "HRU_ID": 108,
    "center_lat": 51.152983531528385,
    "center_lon": -115.67277682722201,
    "HRU_area": 2908138.914
  }
}