{
  "data": {
    "GRU_ID": "71029016",
    "HRU_ID": 10,
    "center_lat": 51.39695117462826,
    "center_lon": -116.20345527944086,
    "HRU_area": 220462.554
  }
}