{
  "data": {
    "GRU_ID": "71030026",
    "HRU_ID": 98,
    "center_lat": 51.5654464138137,
    "center_lon": -116.15334183862518,
    "HRU_area": 519678.673
  }
}