{
  "data": {
    "GRU_ID": "71028957",
    "HRU_ID": 8,
    "center_lat": 51.398552760760474,
    "center_lon": -116.12668341013695,
    "HRU_area": 5946902.48
  }
}