{
  "data": {
    "COMID": 71030527.0,
    "slope": 0.046683676899,
    "NextDownID": 71030071.0,
    "length": 3056.158381507334
  }
}