{
  "data": {
    "COMID": 71028609.0,
    "slope": 0.000110122015,
    "NextDownID": 71028597.0,
    "length": 2717.98565473261
  }
}