{
  "data": {
    "COMID": 71032292.0,
    "slope": 0.013546719006,
    "NextDownID": 71030270.0,
    "length": 493.825993036273
  }
}