{
  "data": {
    "COMID": 71030563.0,
    "slope": 0.039512875907,
    "NextDownID": 71029963.0,
    "length": 5278.338646215305
  }
}