{
  "data": {
    "COMID": 71032102.0,
    "slope": 0.022593361017,
    "NextDownID": 71030026.0,
    "length": 5344.64030281634
  }
}