{
  "data": {
    "COMID": 71031838.0,
    "slope": 0.039715167247,
    "NextDownID": 71030287.0,
    "length": 5463.742203729762
  }
}