{
  "data": {
    "COMID": 71028904.0,
    "slope": 0.002677796869,
    "NextDownID": 71028852.0,
    "length": 4548.938407763738
  }
}