{
  "data": {
    "BotElev": 449.0,
    "Length": 2235.514990397308,
    "OBJECTID": null,
    "PFAF": "3284252",
    "PFAF_CODE": 328425200000.0,
    "PF_TYPE": 6,
    "Shape_Leng": 0.02827305794,
    "Slope": 0.002236621101392,
    "TopElev": 454.0,
    "Tosegment": 3034706,
    "end_x": -108.01562500000006,
    "end_y": 58.36548611111118,
    "flow_acc": 254.158,
    "seg_id": 3000410,
    "start_x": -108.03750000000008,
    "start_y": 58.35298611111108,
    "islake": 0,
    "lakeId": 0,
    "RATEACV": 0.0,
    "RATEBCV": 0.0,
    "lake_Vol": 0.0
  }
}