{
  "data": {
    "BotElev": 573.0,
    "Length": 5396.050718468416,
    "OBJECTID": null,
    "PFAF": "3492982",
    "PFAF_CODE": 349298200000.0,
    "PF_TYPE": 6,
    "Shape_Leng": 0.04821278255,
    "Slope": 0.001297245034418,
    "TopElev": 580.0,
    "Tosegment": 3022446,
    "end_x": -103.29958333333832,
    "end_y": 49.34375000000142,
    "flow_acc": 260.201,
    "seg_id": 3000973,
    "start_x": -103.27541666667173,
    "start_y": 49.376666666668086,
    "islake": 0,
    "lakeId": 0,
    "RATEACV": 0.0,
    "RATEBCV": 0.0,
    "lake_Vol": 0.0
  }
}