{
  "data": {
    "BotElev": 553.0,
    "Length": 884.5380558294419,
    "OBJECTID": null,
    "PFAF": "3286262",
    "PFAF_CODE": 328626200000.0,
    "PF_TYPE": 6,
    "Shape_Leng": 0.00944902897,
    "Slope": 0.0,
    "TopElev": 553.0,
    "Tosegment": 3027268,
    "end_x": -111.04479166666675,
    "end_y": 55.63423611111125,
    "flow_acc": 252.094,
    "seg_id": 3000198,
    "start_x": -111.05000000000007,
    "start_y": 55.62694444444452,
    "islake": 0,
    "lakeId": 0,
    "RATEACV": 0.0,
    "RATEBCV": 0.0,
    "lake_Vol": 0.0
  }
}