{
  "data": {
    "BotElev": 495.0,
    "Length": 1066.0803256789077,
    "OBJECTID": null,
    "PFAF": "321852",
    "PFAF_CODE": 321852000000.0,
    "PF_TYPE": 5,
    "Shape_Leng": 0.01526755651,
    "Slope": 0.022512374932645,
    "TopElev": 519.0,
    "Tosegment": 3038599,
    "end_x": -128.91145833333348,
    "end_y": 64.9800694444445,
    "flow_acc": 250.435,
    "seg_id": 3000044,
    "start_x": -128.92291666666677,
    "start_y": 64.97381944444447,
    "islake": 0,
    "lakeId": 0,
    "RATEACV": 0.0,
    "RATEBCV": 0.0,
    "lake_Vol": 0.0
  }
}