{
  "data": {
    "BotElev": 501.0,
    "Length": 10865.740166256774,
    "OBJECTID": null,
    "PFAF": "3286964",
    "PFAF_CODE": 328696400000.0,
    "PF_TYPE": 6,
    "Shape_Leng": 0.165625,
    "Slope": -0.00018406477326,
    "TopElev": 499.0,
    "Tosegment": 3021431,
    "end_x": -109.02187500000008,
    "end_y": 57.64256944444446,
    "flow_acc": 256.812,
    "seg_id": 3000666,
    "start_x": -109.18750000000006,
    "start_y": 57.64256944444446,
    "islake": 0,
    "lakeId": 0,
    "RATEACV": 0.0,
    "RATEBCV": 0.0,
    "lake_Vol": 0.0
  }
}