{
  "data": {
    "BotElev": 130.0,
    "Length": 3000.0047855920475,
    "OBJECTID": null,
    "PFAF": "3322462",
    "PFAF_CODE": 332246200000.0,
    "PF_TYPE": 6,
    "Shape_Leng": 0.03043042084,
    "Slope": 0.004666659222424,
    "TopElev": 144.0,
    "Tosegment": 3021840,
    "end_x": -130.1260416664897,
    "end_y": 68.29465277800335,
    "flow_acc": 253.327,
    "seg_id": 3000322,
    "start_x": -130.1104166662961,
    "start_y": 68.27486111085159,
    "islake": 0,
    "lakeId": 0,
    "RATEACV": 0.0,
    "RATEBCV": 0.0,
    "lake_Vol": 0.0
  }
}