{
  "data": {
    "BotElev": 301.0,
    "Length": 4936.210895851162,
    "OBJECTID": null,
    "PFAF": "336792",
    "PFAF_CODE": 336792000000.0,
    "PF_TYPE": 5,
    "Shape_Leng": 0.09026755616,
    "Slope": 0.000810338148915,
    "TopElev": 305.0,
    "Tosegment": 3040054,
    "end_x": -104.7156250003934,
    "end_y": 62.42381944411221,
    "flow_acc": 253.638,
    "seg_id": 3000358,
    "start_x": -104.80416666695794,
    "start_y": 62.41965277805343,
    "islake": 0,
    "lakeId": 0,
    "RATEACV": 0.0,
    "RATEBCV": 0.0,
    "lake_Vol": 0.0
  }
}