{
  "data": {
    "BotElev": 705.0,
    "Length": 2062.15792589239,
    "OBJECTID": null,
    "PFAF": "318942522",
    "PFAF_CODE": 318942522000.0,
    "PF_TYPE": 8,
    "Shape_Leng": 0.02662119707,
    "Slope": -0.006789004772242,
    "TopElev": 691.0,
    "Tosegment": 3014210,
    "end_x": -133.36770833333344,
    "end_y": 63.06548611111123,
    "flow_acc": 252.556,
    "seg_id": 3000248,
    "start_x": -133.34583333333342,
    "start_y": 63.068611111111125,
    "islake": 0,
    "lakeId": 0,
    "RATEACV": 0.0,
    "RATEBCV": 0.0,
    "lake_Vol": 0.0
  }
}