{
  "data": {
    "BotElev": 460.0,
    "Length": 515.1844858038836,
    "OBJECTID": null,
    "PFAF": "3189234",
    "PFAF_CODE": 318923400000.0,
    "PF_TYPE": 6,
    "Shape_Leng": 0.01031197389,
    "Slope": 0.001941052239645,
    "TopElev": 461.0,
    "Tosegment": 3042472,
    "end_x": -140.05104166666678,
    "end_y": 62.67381944444452,
    "flow_acc": 253.106,
    "seg_id": 3000297,
    "start_x": -140.05833333333334,
    "start_y": 62.66652777777779,
    "islake": 0,
    "lakeId": 0,
    "RATEACV": 0.0,
    "RATEBCV": 0.0,
    "lake_Vol": 0.0
  }
}