{
  "data": {
    "BotElev": 475.0,
    "Length": 3940.9514156538753,
    "OBJECTID": null,
    "PFAF": "3449792",
    "PFAF_CODE": 344979200000.0,
    "PF_TYPE": 6,
    "Shape_Leng": 0.02763579242,
    "Slope": 0.001014983332226,
    "TopElev": 479.0,
    "Tosegment": 3035051,
    "end_x": -103.3845833333383,
    "end_y": 52.64708333333391,
    "flow_acc": 253.054,
    "seg_id": 3000292,
    "start_x": -103.36583333333829,
    "start_y": 52.629166666667174,
    "islake": 0,
    "lakeId": 0,
    "RATEACV": 0.0,
    "RATEBCV": 0.0,
    "lake_Vol": 0.0
  }
}