{
  "data": {
    "BotElev": 555.0,
    "Length": 2317.1472192276196,
    "OBJECTID": null,
    "PFAF": "328912",
    "PFAF_CODE": 328912000000.0,
    "PF_TYPE": 5,
    "Shape_Leng": 0.0312193362,
    "Slope": 0.011652259198706,
    "TopElev": 582.0,
    "Tosegment": 3042934,
    "end_x": -114.09270833333335,
    "end_y": 55.0467361111111,
    "flow_acc": 254.012,
    "seg_id": 3000393,
    "start_x": -114.06666666666678,
    "start_y": 55.059236111111204,
    "islake": 0,
    "lakeId": 0,
    "RATEACV": 0.0,
    "RATEBCV": 0.0,
    "lake_Vol": 0.0
  }
}