{
  "data": {
    "BotElev": 886.0,
    "Length": 2181.50353447973,
    "OBJECTID": null,
    "PFAF": "38994934",
    "PFAF_CODE": 389949340000.0,
    "PF_TYPE": 7,
    "Shape_Leng": 0.02174323591,
    "Slope": 0.002291997203292,
    "TopElev": 891.0,
    "Tosegment": 3037464,
    "end_x": -111.3787499999973,
    "end_y": 49.120416666664596,
    "flow_acc": 253.899,
    "seg_id": 3000384,
    "start_x": -111.39249999999731,
    "start_y": 49.1108333333313,
    "islake": 0,
    "lakeId": 0,
    "RATEACV": 0.0,
    "RATEBCV": 0.0,
    "lake_Vol": 0.0
  }
}