{
  "data": {
    "BotElev": 991.0,
    "Length": 4591.427833477882,
    "OBJECTID": null,
    "PFAF": "3429912",
    "PFAF_CODE": 342991200000.0,
    "PF_TYPE": 6,
    "Shape_Leng": 0.03430245909,
    "Slope": 0.003484754760456,
    "TopElev": 1007.0,
    "Tosegment": 3036507,
    "end_x": -113.62541666666908,
    "end_y": 49.63875000000144,
    "flow_acc": 256.878,
    "seg_id": 3000676,
    "start_x": -113.62583333333572,
    "start_y": 49.61250000000143,
    "islake": 0,
    "lakeId": 0,
    "RATEACV": 0.0,
    "RATEBCV": 0.0,
    "lake_Vol": 0.0
  }
}