{
  "data": {
    "BotElev": 410.0,
    "Length": 2051.1479656704123,
    "OBJECTID": null,
    "PFAF": "3247234",
    "PFAF_CODE": 324723400000.0,
    "PF_TYPE": 6,
    "Shape_Leng": 0.02489530723,
    "Slope": 0.021451402208138,
    "TopElev": 454.0,
    "Tosegment": 3037780,
    "end_x": -124.90520833333346,
    "end_y": 60.15090277777779,
    "flow_acc": 258.151,
    "seg_id": 3000791,
    "start_x": -124.88958333333346,
    "start_y": 60.16444444444454,
    "islake": 0,
    "lakeId": 0,
    "RATEACV": 0.0,
    "RATEBCV": 0.0,
    "lake_Vol": 0.0
  }
}