{
  "data": {
    "BotElev": 263.0,
    "Length": 2817.8331501142784,
    "OBJECTID": null,
    "PFAF": "32742272",
    "PFAF_CODE": 327422720000.0,
    "PF_TYPE": 7,
    "Shape_Leng": 0.04077305794,
    "Slope": 0.000709765232167,
    "TopElev": 265.0,
    "Tosegment": 3032470,
    "end_x": -115.86145833333342,
    "end_y": 60.15090277777779,
    "flow_acc": 252.01,
    "seg_id": 3000191,
    "start_x": -115.89791666666673,
    "start_y": 60.1404861111111,
    "islake": 0,
    "lakeId": 0,
    "RATEACV": 0.0,
    "RATEBCV": 0.0,
    "lake_Vol": 0.0
  }
}