{
  "data": {
    "BotElev": 705.0,
    "Length": 1414.071870315633,
    "OBJECTID": null,
    "PFAF": "318942523",
    "PFAF_CODE": 318942523000.0,
    "PF_TYPE": 7,
    "Shape_Leng": 0.01325825215,
    "Slope": 0.007778953977456,
    "TopElev": 716.0,
    "Tosegment": 3014210,
    "end_x": -133.36770833333344,
    "end_y": 63.06548611111123,
    "flow_acc": 255.645,
    "seg_id": 3000557,
    "start_x": -133.37291666666658,
    "start_y": 63.07486111111115,
    "islake": 0,
    "lakeId": 0,
    "RATEACV": 0.0,
    "RATEBCV": 0.0,
    "lake_Vol": 0.0
  }
}