{
  "data": {
    "BotElev": 335.0,
    "Length": 4488.89376513022,
    "OBJECTID": null,
    "PFAF": "323564",
    "PFAF_CODE": 323564000000.0,
    "PF_TYPE": 5,
    "Shape_Leng": 0.0630488666,
    "Slope": 0.003341580528486,
    "TopElev": 350.0,
    "Tosegment": 3023901,
    "end_x": -124.45104166666681,
    "end_y": 63.317569444444416,
    "flow_acc": 258.685,
    "seg_id": 3000845,
    "start_x": -124.5,
    "start_y": 63.29361111111115,
    "islake": 0,
    "lakeId": 0,
    "RATEACV": 0.0,
    "RATEBCV": 0.0,
    "lake_Vol": 0.0
  }
}