{
  "data": {
    "BotElev": 348.0,
    "Length": 613.5472457142878,
    "OBJECTID": null,
    "PFAF": "3186982",
    "PFAF_CODE": 318698200000.0,
    "PF_TYPE": 6,
    "Shape_Leng": 0.00858608405,
    "Slope": 0.008149331669119,
    "TopElev": 353.0,
    "Tosegment": 3034835,
    "end_x": -138.77812500000005,
    "end_y": 66.41756944444444,
    "flow_acc": 250.152,
    "seg_id": 3000021,
    "start_x": -138.78125000000006,
    "start_y": 66.41027777777788,
    "islake": 0,
    "lakeId": 0,
    "RATEACV": 0.0,
    "RATEBCV": 0.0,
    "lake_Vol": 0.0
  }
}