{
  "data": {
    "BotElev": 37.0,
    "Length": 4566.085919641361,
    "OBJECTID": null,
    "PFAF": "3215582",
    "PFAF_CODE": 321558200000.0,
    "PF_TYPE": 6,
    "Shape_Leng": 0.05507297676,
    "Slope": 0.005256142880878,
    "TopElev": 61.0,
    "Tosegment": 3020722,
    "end_x": -130.05104166666672,
    "end_y": 67.13006944444447,
    "flow_acc": 258.193,
    "seg_id": 3000796,
    "start_x": -130.00625000000008,
    "start_y": 67.11861111111114,
    "islake": 0,
    "lakeId": 0,
    "RATEACV": 0.0,
    "RATEBCV": 0.0,
    "lake_Vol": 0.0
  }
}