{
  "data": {
    "BotElev": 81.0,
    "Length": 2021.5937269434182,
    "OBJECTID": null,
    "PFAF": "3154222",
    "PFAF_CODE": 315422200000.0,
    "PF_TYPE": 6,
    "Shape_Leng": 0.01731514549,
    "Slope": 0.006925229245328,
    "TopElev": 95.0,
    "Tosegment": 3019938,
    "end_x": -131.13708333333125,
    "end_y": 56.61874999999975,
    "flow_acc": 250.793,
    "seg_id": 3000084,
    "start_x": -131.12749999999795,
    "start_y": 56.609999999999616,
    "islake": 0,
    "lakeId": 0,
    "RATEACV": 0.0,
    "RATEBCV": 0.0,
    "lake_Vol": 0.0
  }
}