{
  "data": {
    "BotElev": 375.0,
    "Length": 398.3472332304887,
    "OBJECTID": null,
    "PFAF": "3247552",
    "PFAF_CODE": 324755200000.0,
    "PF_TYPE": 6,
    "Shape_Leng": 0.003125,
    "Slope": 0.052717825676096,
    "TopElev": 396.0,
    "Tosegment": 3043943,
    "end_x": -125.67604166666678,
    "end_y": 59.380069444444416,
    "flow_acc": 250.021,
    "seg_id": 3000005,
    "start_x": -125.67604166666678,
    "start_y": 59.38319444444454,
    "islake": 0,
    "lakeId": 0,
    "RATEACV": 0.0,
    "RATEBCV": 0.0,
    "lake_Vol": 0.0
  }
}