{
  "data": {
    "BotElev": 404.0,
    "Length": 3261.4283625049716,
    "OBJECTID": null,
    "PFAF": "3334544",
    "PFAF_CODE": 333454400000.0,
    "PF_TYPE": 6,
    "Shape_Leng": 0.05291561418,
    "Slope": 0.004599211858352,
    "TopElev": 419.0,
    "Tosegment": 3019439,
    "end_x": -115.22812500006859,
    "end_y": 66.0550694444994,
    "flow_acc": 259.273,
    "seg_id": 3000894,
    "start_x": -115.18125000038714,
    "start_y": 66.06965277795348,
    "islake": 0,
    "lakeId": 0,
    "RATEACV": 0.0,
    "RATEBCV": 0.0,
    "lake_Vol": 0.0
  }
}