{
  "data": {
    "BotElev": 334.0,
    "Length": 1606.8155001985467,
    "OBJECTID": null,
    "PFAF": "3382382",
    "PFAF_CODE": 338238200000.0,
    "PF_TYPE": 6,
    "Shape_Leng": 0.01119585688,
    "Slope": 0.0,
    "TopElev": 334.0,
    "Tosegment": 3020310,
    "end_x": -102.57625000003736,
    "end_y": 57.11625000043722,
    "flow_acc": 254.098,
    "seg_id": 3000402,
    "start_x": -102.58416666635844,
    "start_y": 57.1241666667583,
    "islake": 0,
    "lakeId": 0,
    "RATEACV": 0.0,
    "RATEBCV": 0.0,
    "lake_Vol": 0.0
  }
}