{
  "data": {
    "BotElev": 379.0,
    "Length": 2179.941561001624,
    "OBJECTID": null,
    "PFAF": "338532",
    "PFAF_CODE": 338532000000.0,
    "PF_TYPE": 5,
    "Shape_Leng": 0.02545135804,
    "Slope": -0.000458727893394,
    "TopElev": 378.0,
    "Tosegment": 3043961,
    "end_x": -106.13708333332914,
    "end_y": 55.752916667070565,
    "flow_acc": 251.272,
    "seg_id": 3000129,
    "start_x": -106.15583333374133,
    "start_y": 55.73958333370393,
    "islake": 0,
    "lakeId": 0,
    "RATEACV": 0.0,
    "RATEBCV": 0.0,
    "lake_Vol": 0.0
  }
}