{
  "data": {
    "BotElev": 157.0,
    "Length": 3713.630064804138,
    "OBJECTID": null,
    "PFAF": "321682",
    "PFAF_CODE": 321682000000.0,
    "PF_TYPE": 5,
    "Shape_Leng": 0.03912119707,
    "Slope": 0.006462679260236,
    "TopElev": 181.0,
    "Tosegment": 3029502,
    "end_x": -126.20520833333336,
    "end_y": 66.43006944444448,
    "flow_acc": 259.756,
    "seg_id": 3000929,
    "start_x": -126.20625000000013,
    "start_y": 66.45402777777775,
    "islake": 0,
    "lakeId": 0,
    "RATEACV": 0.0,
    "RATEBCV": 0.0,
    "lake_Vol": 0.0
  }
}