{
  "data": {
    "BotElev": 476.0,
    "Length": 3178.846590742575,
    "OBJECTID": null,
    "PFAF": "3389452",
    "PFAF_CODE": 338945200000.0,
    "PF_TYPE": 6,
    "Shape_Leng": 0.03073731331,
    "Slope": 0.000943738527281,
    "TopElev": 479.0,
    "Tosegment": 3032984,
    "end_x": -108.17541666624606,
    "end_y": 54.10458333355405,
    "flow_acc": 254.297,
    "seg_id": 3000429,
    "start_x": -108.14916666710798,
    "start_y": 54.098749999812696,
    "islake": 0,
    "lakeId": 0,
    "RATEACV": 0.0,
    "RATEBCV": 0.0,
    "lake_Vol": 0.0
  }
}