{
  "data": {
    "BotElev": 1.0,
    "Length": 7238.097517454324,
    "OBJECTID": null,
    "PFAF": "33399734",
    "PFAF_CODE": 333997340000.0,
    "PF_TYPE": 7,
    "Shape_Leng": 0.07336084218,
    "Slope": 0.012434206610642,
    "TopElev": 91.0,
    "Tosegment": -9999,
    "end_x": -111.68645833298558,
    "end_y": 68.55194444468049,
    "flow_acc": 254.967,
    "seg_id": 3000499,
    "start_x": -111.67708333322918,
    "start_y": 68.60090277784104,
    "islake": 0,
    "lakeId": 0,
    "RATEACV": 0.0,
    "RATEBCV": 0.0,
    "lake_Vol": 0.0
  }
}