{
  "data": {
    "BotElev": 188.0,
    "Length": 7996.026421883079,
    "OBJECTID": null,
    "PFAF": "323852",
    "PFAF_CODE": 323852000000.0,
    "PF_TYPE": 5,
    "Shape_Leng": 0.10191731295,
    "Slope": 0.031265529502981,
    "TopElev": 438.0,
    "Tosegment": 3037404,
    "end_x": -123.73020833333345,
    "end_y": 62.188402777777696,
    "flow_acc": 267.654,
    "seg_id": 3001598,
    "start_x": -123.8125,
    "start_y": 62.179027777777776,
    "islake": 0,
    "lakeId": 0,
    "RATEACV": 0.0,
    "RATEBCV": 0.0,
    "lake_Vol": 0.0
  }
}