{
  "data": {
    "BotElev": 64.0,
    "Length": 9173.423839213352,
    "OBJECTID": null,
    "PFAF": "31515982",
    "PFAF_CODE": 315159820000.0,
    "PF_TYPE": 7,
    "Shape_Leng": 0.06183715122,
    "Slope": 0.01776872003921,
    "TopElev": 227.0,
    "Tosegment": 3016894,
    "end_x": -126.58041666666583,
    "end_y": 52.06625000000082,
    "flow_acc": 266.958,
    "seg_id": 3001533,
    "start_x": -126.62499999999903,
    "start_y": 52.100833333334265,
    "islake": 0,
    "lakeId": 0,
    "RATEACV": 0.0,
    "RATEBCV": 0.0,
    "lake_Vol": 0.0
  }
}