{
  "data": {
    "BotElev": 812.0,
    "Length": 4647.078887804675,
    "OBJECTID": null,
    "PFAF": "3299222",
    "PFAF_CODE": 329922200000.0,
    "PF_TYPE": 6,
    "Shape_Leng": 0.03581747532,
    "Slope": 0.005164534663481,
    "TopElev": 836.0,
    "Tosegment": 3033575,
    "end_x": -124.95104166666681,
    "end_y": 56.427986111111125,
    "flow_acc": 263.409,
    "seg_id": 3001248,
    "start_x": -124.97500000000014,
    "start_y": 56.44777777777773,
    "islake": 0,
    "lakeId": 0,
    "RATEACV": 0.0,
    "RATEBCV": 0.0,
    "lake_Vol": 0.0
  }
}