{
  "data": {
    "BotElev": 145.0,
    "Length": 11935.795695678113,
    "OBJECTID": null,
    "PFAF": "3322652",
    "PFAF_CODE": 332265200000.0,
    "PF_TYPE": 6,
    "Shape_Leng": 0.12124684225,
    "Slope": 0.002681011037378,
    "TopElev": 177.0,
    "Tosegment": 3033388,
    "end_x": -128.1697916663523,
    "end_y": 67.56756944417458,
    "flow_acc": 270.82,
    "seg_id": 3001890,
    "start_x": -128.14895833336038,
    "start_y": 67.47902777760999,
    "islake": 0,
    "lakeId": 0,
    "RATEACV": 0.0,
    "RATEBCV": 0.0,
    "lake_Vol": 0.0
  }
}