{
  "data": {
    "BotElev": 265.0,
    "Length": 1501.3479024570793,
    "OBJECTID": null,
    "PFAF": "3262644",
    "PFAF_CODE": 326264400000.0,
    "PF_TYPE": 6,
    "Shape_Leng": 0.02202305794,
    "Slope": 0.0,
    "TopElev": 265.0,
    "Tosegment": 3023081,
    "end_x": -115.41145833333343,
    "end_y": 63.51756944444446,
    "flow_acc": 266.138,
    "seg_id": 3001476,
    "start_x": -115.39375000000013,
    "start_y": 63.52798611111109,
    "islake": 0,
    "lakeId": 0,
    "RATEACV": 0.0,
    "RATEBCV": 0.0,
    "lake_Vol": 0.0
  }
}