{
  "data": {
    "BotElev": 582.0,
    "Length": 1278.0332585346964,
    "OBJECTID": null,
    "PFAF": "318876",
    "PFAF_CODE": 318876000000.0,
    "PF_TYPE": 5,
    "Shape_Leng": 0.01318422318,
    "Slope": 0.00156490450201,
    "TopElev": 584.0,
    "Tosegment": 3039341,
    "end_x": -133.85312499999998,
    "end_y": 63.384236111111136,
    "flow_acc": 268.517,
    "seg_id": 3001669,
    "start_x": -133.8416666666667,
    "start_y": 63.3800694444447,
    "islake": 0,
    "lakeId": 0,
    "RATEACV": 0.0,
    "RATEBCV": 0.0,
    "lake_Vol": 0.0
  }
}