{
  "data": {
    "BotElev": 225.0,
    "Length": 8944.149980863996,
    "OBJECTID": null,
    "PFAF": "329114",
    "PFAF_CODE": 329114000000.0,
    "PF_TYPE": 5,
    "Shape_Leng": 0.08438770136,
    "Slope": 0.002236098460199,
    "TopElev": 245.0,
    "Tosegment": 3044673,
    "end_x": -112.8406250000001,
    "end_y": 59.08631944444443,
    "flow_acc": 265.724,
    "seg_id": 3001435,
    "start_x": -112.91250000000008,
    "start_y": 59.11652777777789,
    "islake": 0,
    "lakeId": 0,
    "RATEACV": 0.0,
    "RATEBCV": 0.0,
    "lake_Vol": 0.0
  }
}