{
  "data": {
    "BotElev": 644.0,
    "Length": 8198.116812650736,
    "OBJECTID": null,
    "PFAF": "3249212",
    "PFAF_CODE": 324921200000.0,
    "PF_TYPE": 6,
    "Shape_Leng": 0.08100995065,
    "Slope": 0.007928650138248,
    "TopElev": 709.0,
    "Tosegment": 3038448,
    "end_x": -128.38229166666673,
    "end_y": 60.096736111111056,
    "flow_acc": 270.969,
    "seg_id": 3001901,
    "start_x": -128.44791666666663,
    "start_y": 60.11548611111118,
    "islake": 0,
    "lakeId": 0,
    "RATEACV": 0.0,
    "RATEBCV": 0.0,
    "lake_Vol": 0.0
  }
}