{
  "data": {
    "BotElev": 551.0,
    "Length": 4465.1062955125035,
    "OBJECTID": null,
    "PFAF": "31426323",
    "PFAF_CODE": 314263230000.0,
    "PF_TYPE": 6,
    "Shape_Leng": 0.0530943362,
    "Slope": 0.031578195605714,
    "TopElev": 692.0,
    "Tosegment": 3016903,
    "end_x": -119.44625000000087,
    "end_y": 51.02458333333459,
    "flow_acc": 267.917,
    "seg_id": 3001624,
    "start_x": -119.39833333333439,
    "start_y": 51.037083333334465,
    "islake": 0,
    "lakeId": 0,
    "RATEACV": 0.0,
    "RATEBCV": 0.0,
    "lake_Vol": 0.0
  }
}