{
  "data": {
    "BotElev": 711.0,
    "Length": 6010.348725601662,
    "OBJECTID": null,
    "PFAF": "3295692",
    "PFAF_CODE": 329569200000.0,
    "PF_TYPE": 6,
    "Shape_Leng": 0.04293042025,
    "Slope": 0.004991390910849,
    "TopElev": 741.0,
    "Tosegment": 3022636,
    "end_x": -119.88645833333345,
    "end_y": 55.66548611111125,
    "flow_acc": 268.856,
    "seg_id": 3001703,
    "start_x": -119.86458333333337,
    "start_y": 55.63527777777779,
    "islake": 0,
    "lakeId": 0,
    "RATEACV": 0.0,
    "RATEBCV": 0.0,
    "lake_Vol": 0.0
  }
}