{
  "data": {
    "BotElev": 362.0,
    "Length": 2330.384275225074,
    "OBJECTID": null,
    "PFAF": "3293142",
    "PFAF_CODE": 329314200000.0,
    "PF_TYPE": 6,
    "Shape_Leng": 0.03287119707,
    "Slope": 0.012444299555359,
    "TopElev": 391.0,
    "Tosegment": 3018967,
    "end_x": -115.88645833333345,
    "end_y": 58.648819444444484,
    "flow_acc": 264.422,
    "seg_id": 3001326,
    "start_x": -115.8583333333334,
    "start_y": 58.66027777777782,
    "islake": 0,
    "lakeId": 0,
    "RATEACV": 0.0,
    "RATEBCV": 0.0,
    "lake_Vol": 0.0
  }
}