{
  "data": {
    "BotElev": 396.0,
    "Length": 2809.9676514970424,
    "OBJECTID": null,
    "PFAF": "3292352",
    "PFAF_CODE": 329235200000.0,
    "PF_TYPE": 6,
    "Shape_Leng": 0.03868972461,
    "Slope": 0.013879163334575,
    "TopElev": 435.0,
    "Tosegment": 3042027,
    "end_x": -115.32187500000015,
    "end_y": 57.39256944444452,
    "flow_acc": 262.364,
    "seg_id": 3001171,
    "start_x": -115.3562500000001,
    "start_y": 57.38215277777789,
    "islake": 0,
    "lakeId": 0,
    "RATEACV": 0.0,
    "RATEBCV": 0.0,
    "lake_Vol": 0.0
  }
}