{
  "data": {
    "BotElev": 365.0,
    "Length": 12530.390272965089,
    "OBJECTID": null,
    "PFAF": "32626822",
    "PFAF_CODE": 326268220000.0,
    "PF_TYPE": 7,
    "Shape_Leng": 0.15974514485,
    "Slope": 0.00095767168768,
    "TopElev": 377.0,
    "Tosegment": 3021549,
    "end_x": -114.96770833333335,
    "end_y": 64.5300694444445,
    "flow_acc": 269.487,
    "seg_id": 3001763,
    "start_x": -114.84583333333347,
    "start_y": 64.56861111111118,
    "islake": 0,
    "lakeId": 0,
    "RATEACV": 0.0,
    "RATEBCV": 0.0,
    "lake_Vol": 0.0
  }
}