{
  "data": {
    "BotElev": 717.0,
    "Length": 6365.782226076404,
    "OBJECTID": null,
    "PFAF": "328828",
    "PFAF_CODE": 328828000000.0,
    "PF_TYPE": 5,
    "Shape_Leng": 0.05959708691,
    "Slope": 0.005026876330911,
    "TopElev": 749.0,
    "Tosegment": 3021100,
    "end_x": -114.7781250000001,
    "end_y": 54.90298611111115,
    "flow_acc": 262.242,
    "seg_id": 3001165,
    "start_x": -114.83125000000013,
    "start_y": 54.91861111111115,
    "islake": 0,
    "lakeId": 0,
    "RATEACV": 0.0,
    "RATEBCV": 0.0,
    "lake_Vol": 0.0
  }
}