{
  "data": {
    "BotElev": 335.0,
    "Length": 11548.54382920726,
    "OBJECTID": null,
    "PFAF": "3382716",
    "PFAF_CODE": 338271600000.0,
    "PF_TYPE": 6,
    "Shape_Leng": 0.07559433572,
    "Slope": -8.6591003575e-05,
    "TopElev": 334.0,
    "Tosegment": 3042120,
    "end_x": -102.15041666659585,
    "end_y": 57.54875000011248,
    "flow_acc": 261.046,
    "seg_id": 3001049,
    "start_x": -102.16374999996248,
    "start_y": 57.61833333291702,
    "islake": 0,
    "lakeId": 0,
    "RATEACV": 0.0,
    "RATEBCV": 0.0,
    "lake_Vol": 0.0
  }
}