{
  "data": {
    "BotElev": 693.0,
    "Length": 6385.911400030455,
    "OBJECTID": null,
    "PFAF": "314524",
    "PFAF_CODE": 314524000000.0,
    "PF_TYPE": 5,
    "Shape_Leng": 0.06967724864,
    "Slope": 0.01409352469243,
    "TopElev": 783.0,
    "Tosegment": 3030291,
    "end_x": -121.86875000000038,
    "end_y": 52.011250000000985,
    "flow_acc": 265.556,
    "seg_id": 3001424,
    "start_x": -121.80666666666696,
    "start_y": 52.02125000000075,
    "islake": 0,
    "lakeId": 0,
    "RATEACV": 0.0,
    "RATEBCV": 0.0,
    "lake_Vol": 0.0
  }
}