{
  "data": {
    "BotElev": 403.0,
    "Length": 8892.108583280613,
    "OBJECTID": null,
    "PFAF": "3269722",
    "PFAF_CODE": 326972200000.0,
    "PF_TYPE": 6,
    "Shape_Leng": 0.12138219993,
    "Slope": 0.001012133389478,
    "TopElev": 412.0,
    "Tosegment": 3028703,
    "end_x": -109.87604166666677,
    "end_y": 63.69048611111117,
    "flow_acc": 261.799,
    "seg_id": 3001123,
    "start_x": -109.98333333333346,
    "start_y": 63.6977777777779,
    "islake": 0,
    "lakeId": 0,
    "RATEACV": 0.0,
    "RATEBCV": 0.0,
    "lake_Vol": 0.0
  }
}