{
  "data": {
    "BotElev": 466.0,
    "Length": 5434.365105009852,
    "OBJECTID": null,
    "PFAF": "3286932",
    "PFAF_CODE": 328693200000.0,
    "PF_TYPE": 6,
    "Shape_Leng": 0.05543042025,
    "Slope": 0.0,
    "TopElev": 466.0,
    "Tosegment": 3036017,
    "end_x": -108.40937500000007,
    "end_y": 57.13840277777774,
    "flow_acc": 265.537,
    "seg_id": 3001422,
    "start_x": -108.45833333333343,
    "start_y": 57.15402777777791,
    "islake": 0,
    "lakeId": 0,
    "RATEACV": 0.0,
    "RATEBCV": 0.0,
    "lake_Vol": 0.0
  }
}