{
  "data": {
    "BotElev": 0.0,
    "Length": 5101.004266302707,
    "OBJECTID": null,
    "PFAF": "33122",
    "PFAF_CODE": 331220000000.0,
    "PF_TYPE": 4,
    "Shape_Leng": 0.04961189157,
    "Slope": 0.001764358453776,
    "TopElev": 9.0,
    "Tosegment": 3033304,
    "end_x": -134.19895833296067,
    "end_y": 69.25090277744141,
    "flow_acc": 266.731,
    "seg_id": 3001516,
    "start_x": -134.1822916669268,
    "start_y": 69.20819444471795,
    "islake": 0,
    "lakeId": 0,
    "RATEACV": 0.0,
    "RATEBCV": 0.0,
    "lake_Vol": 0.0
  }
}