{
  "data": {
    "BotElev": 68.0,
    "Length": 5657.178525643269,
    "OBJECTID": null,
    "PFAF": "3333214",
    "PFAF_CODE": 333321400000.0,
    "PF_TYPE": 6,
    "Shape_Leng": 0.07130817134,
    "Slope": 0.007954495301151,
    "TopElev": 113.0,
    "Tosegment": 3039919,
    "end_x": -123.36145833303556,
    "end_y": 69.18631944408713,
    "flow_acc": 261.529,
    "seg_id": 3001090,
    "start_x": -123.3499999998001,
    "start_y": 69.15298611112019,
    "islake": 0,
    "lakeId": 0,
    "RATEACV": 0.0,
    "RATEBCV": 0.0,
    "lake_Vol": 0.0
  }
}