{
  "data": {
    "BotElev": 635.0,
    "Length": 5092.95823843578,
    "OBJECTID": null,
    "PFAF": "34247732",
    "PFAF_CODE": 342477320000.0,
    "PF_TYPE": 7,
    "Shape_Leng": 0.05442090544,
    "Slope": 0.006086835695225,
    "TopElev": 666.0,
    "Tosegment": 3041593,
    "end_x": -113.79375000000232,
    "end_y": 53.35625000000033,
    "flow_acc": 281.878,
    "seg_id": 3002809,
    "start_x": -113.82416666666904,
    "start_y": 53.322500000000446,
    "islake": 0,
    "lakeId": 0,
    "RATEACV": 0.0,
    "RATEBCV": 0.0,
    "lake_Vol": 0.0
  }
}