{
  "data": {
    "BotElev": 383.0,
    "Length": 15804.289584704591,
    "OBJECTID": null,
    "PFAF": "3293424",
    "PFAF_CODE": 329342400000.0,
    "PF_TYPE": 6,
    "Shape_Leng": 0.12419312161,
    "Slope": 0.002594232393696,
    "TopElev": 424.0,
    "Tosegment": 3024980,
    "end_x": -116.75312500000013,
    "end_y": 57.54465277777791,
    "flow_acc": 283.633,
    "seg_id": 3002950,
    "start_x": -116.71041666666679,
    "start_y": 57.45715277777788,
    "islake": 0,
    "lakeId": 0,
    "RATEACV": 0.0,
    "RATEBCV": 0.0,
    "lake_Vol": 0.0
  }
}