{
  "data": {
    "BotElev": 15.0,
    "Length": 8120.1511175350615,
    "OBJECTID": null,
    "PFAF": "31519242",
    "PFAF_CODE": 315192420000.0,
    "PF_TYPE": 7,
    "Shape_Leng": 0.06893275007,
    "Slope": 0.009359431727309,
    "TopElev": 91.0,
    "Tosegment": 3021986,
    "end_x": -127.82541666666549,
    "end_y": 53.0554166666671,
    "flow_acc": 280.237,
    "seg_id": 3002682,
    "start_x": -127.87999999999886,
    "start_y": 53.06750000000051,
    "islake": 0,
    "lakeId": 0,
    "RATEACV": 0.0,
    "RATEBCV": 0.0,
    "lake_Vol": 0.0
  }
}