{
  "data": {
    "BotElev": 130.0,
    "Length": 5653.887346586032,
    "OBJECTID": null,
    "PFAF": "321544",
    "PFAF_CODE": 321544000000.0,
    "PF_TYPE": 5,
    "Shape_Leng": 0.09379336517,
    "Slope": 0.000353738919331,
    "TopElev": 132.0,
    "Tosegment": 3031096,
    "end_x": -131.80104166666672,
    "end_y": 67.58215277777788,
    "flow_acc": 273.818,
    "seg_id": 3002142,
    "start_x": -131.8875000000001,
    "start_y": 67.56444444444452,
    "islake": 0,
    "lakeId": 0,
    "RATEACV": 0.0,
    "RATEBCV": 0.0,
    "lake_Vol": 0.0
  }
}