{
  "data": {
    "BotElev": 667.0,
    "Length": 10087.354449337543,
    "OBJECTID": null,
    "PFAF": "3249214",
    "PFAF_CODE": 324921400000.0,
    "PF_TYPE": 6,
    "Shape_Leng": 0.09853956224,
    "Slope": 0.004956701011263,
    "TopElev": 717.0,
    "Tosegment": 3038218,
    "end_x": -128.2656250000001,
    "end_y": 60.259236111111136,
    "flow_acc": 281.386,
    "seg_id": 3002766,
    "start_x": -128.35208333333338,
    "start_y": 60.284236111111056,
    "islake": 0,
    "lakeId": 0,
    "RATEACV": 0.0,
    "RATEBCV": 0.0,
    "lake_Vol": 0.0
  }
}