{
  "data": {
    "BotElev": 155.0,
    "Length": 8747.29139195486,
    "OBJECTID": null,
    "PFAF": "3365992",
    "PFAF_CODE": 336599200000.0,
    "PF_TYPE": 6,
    "Shape_Leng": 0.12361359038,
    "Slope": 0.001600495441695,
    "TopElev": 169.0,
    "Tosegment": 3042590,
    "end_x": -104.2656250003933,
    "end_y": 63.80923611145744,
    "flow_acc": 276.58,
    "seg_id": 3002388,
    "start_x": -104.2479166667207,
    "start_y": 63.84777777812201,
    "islake": 0,
    "lakeId": 0,
    "RATEACV": 0.0,
    "RATEBCV": 0.0,
    "lake_Vol": 0.0
  }
}