{
  "data": {
    "BotElev": 639.0,
    "Length": 7511.883778432666,
    "OBJECTID": null,
    "PFAF": "3294252",
    "PFAF_CODE": 329425200000.0,
    "PF_TYPE": 6,
    "Shape_Leng": 0.07720072747,
    "Slope": 0.002129958406164,
    "TopElev": 655.0,
    "Tosegment": 3036931,
    "end_x": -117.20520833333347,
    "end_y": 54.90715277777775,
    "flow_acc": 276.532,
    "seg_id": 3002379,
    "start_x": -117.24687500000016,
    "start_y": 54.87902777777771,
    "islake": 0,
    "lakeId": 0,
    "RATEACV": 0.0,
    "RATEBCV": 0.0,
    "lake_Vol": 0.0
  }
}