{
  "data": {
    "BotElev": 562.0,
    "Length": 452.517853629497,
    "OBJECTID": null,
    "PFAF": "338948",
    "PFAF_CODE": 338948000000.0,
    "PF_TYPE": 5,
    "Shape_Leng": 0.00294627846,
    "Slope": 0.002209857560269,
    "TopElev": 563.0,
    "Tosegment": 3025798,
    "end_x": -107.81208333357887,
    "end_y": 53.756250000137584,
    "flow_acc": 280.555,
    "seg_id": 3002709,
    "start_x": -107.81000000009982,
    "start_y": 53.754166666658534,
    "islake": 0,
    "lakeId": 0,
    "RATEACV": 0.0,
    "RATEBCV": 0.0,
    "lake_Vol": 0.0
  }
}