{
  "data": {
    "BotElev": 197.0,
    "Length": 8736.072780313054,
    "OBJECTID": null,
    "PFAF": "333876",
    "PFAF_CODE": 333876000000.0,
    "PF_TYPE": 5,
    "Shape_Leng": 0.12720072753,
    "Slope": 0.004349780611448,
    "TopElev": 235.0,
    "Tosegment": 3037150,
    "end_x": -105.15937499995624,
    "end_y": 66.18006944424951,
    "flow_acc": 281.148,
    "seg_id": 3002752,
    "start_x": -105.04374999996242,
    "start_y": 66.1550694442995,
    "islake": 0,
    "lakeId": 0,
    "RATEACV": 0.0,
    "RATEBCV": 0.0,
    "lake_Vol": 0.0
  }
}