{
  "data": {
    "BotElev": 235.0,
    "Length": 29436.273346757498,
    "OBJECTID": null,
    "PFAF": "32845224",
    "PFAF_CODE": 328452240000.0,
    "PF_TYPE": 7,
    "Shape_Leng": 0.47863050143,
    "Slope": 6.7943383201e-05,
    "TopElev": 237.0,
    "Tosegment": 3027668,
    "end_x": -106.66354166666679,
    "end_y": 59.09048611111109,
    "flow_acc": 274.934,
    "seg_id": 3002255,
    "start_x": -106.18750000000011,
    "start_y": 59.08423611111124,
    "islake": 0,
    "lakeId": 0,
    "RATEACV": 0.0,
    "RATEBCV": 0.0,
    "lake_Vol": 0.0
  }
}