{
  "data": {
    "BotElev": 692.0,
    "Length": 6744.570788697607,
    "OBJECTID": null,
    "PFAF": "3149224",
    "PFAF_CODE": 314922400000.0,
    "PF_TYPE": 6,
    "Shape_Leng": 0.08318825151,
    "Slope": 0.009044311626504,
    "TopElev": 753.0,
    "Tosegment": 3025785,
    "end_x": -125.28874999999942,
    "end_y": 54.13958333333352,
    "flow_acc": 280.447,
    "seg_id": 3002701,
    "start_x": -125.22583333333273,
    "start_y": 54.17458333333383,
    "islake": 0,
    "lakeId": 0,
    "RATEACV": 0.0,
    "RATEBCV": 0.0,
    "lake_Vol": 0.0
  }
}