{
  "data": {
    "BotElev": 753.0,
    "Length": 2326.8377787981794,
    "OBJECTID": null,
    "PFAF": "340272",
    "PFAF_CODE": 340272000000.0,
    "PF_TYPE": 5,
    "Shape_Leng": 0.02490398026,
    "Slope": 0.001289303460403,
    "TopElev": 756.0,
    "Tosegment": 3027487,
    "end_x": -111.27875000000296,
    "end_y": 51.702916666667534,
    "flow_acc": 281.449,
    "seg_id": 3002772,
    "start_x": -111.2966666666697,
    "start_y": 51.69291666666754,
    "islake": 0,
    "lakeId": 0,
    "RATEACV": 0.0,
    "RATEBCV": 0.0,
    "lake_Vol": 0.0
  }
}