{
  "data": {
    "BotElev": 1028.0,
    "Length": 6481.648429297745,
    "OBJECTID": null,
    "PFAF": "342864",
    "PFAF_CODE": 342864000000.0,
    "PF_TYPE": 5,
    "Shape_Leng": 0.07243867239,
    "Slope": 0.002159944364881,
    "TopElev": 1042.0,
    "Tosegment": 3031252,
    "end_x": -113.86875000000236,
    "end_y": 50.63791666666771,
    "flow_acc": 272.538,
    "seg_id": 3002031,
    "start_x": -113.92500000000234,
    "start_y": 50.6120833333344,
    "islake": 0,
    "lakeId": 0,
    "RATEACV": 0.0,
    "RATEBCV": 0.0,
    "lake_Vol": 0.0
  }
}