{
  "data": {
    "BotElev": 458.0,
    "Length": 3781.1647249397934,
    "OBJECTID": null,
    "PFAF": "3244362",
    "PFAF_CODE": 324436200000.0,
    "PF_TYPE": 6,
    "Shape_Leng": 0.04257297676,
    "Slope": 0.010314282195315,
    "TopElev": 497.0,
    "Tosegment": 3024057,
    "end_x": -121.5260416666668,
    "end_y": 59.917569444444496,
    "flow_acc": 281.145,
    "seg_id": 3002751,
    "start_x": -121.50833333333338,
    "start_y": 59.941527777777765,
    "islake": 0,
    "lakeId": 0,
    "RATEACV": 0.0,
    "RATEBCV": 0.0,
    "lake_Vol": 0.0
  }
}