{
  "data": {
    "BotElev": 695.0,
    "Length": 12301.09662108136,
    "OBJECTID": null,
    "PFAF": "314892",
    "PFAF_CODE": 314892000000.0,
    "PF_TYPE": 5,
    "Shape_Leng": 0.11448520916,
    "Slope": 0.013332144690169,
    "TopElev": 859.0,
    "Tosegment": 3034036,
    "end_x": -126.33791666666593,
    "end_y": 55.75708333333307,
    "flow_acc": 277.488,
    "seg_id": 3002458,
    "start_x": -126.30624999999918,
    "start_y": 55.8216666666666,
    "islake": 0,
    "lakeId": 0,
    "RATEACV": 0.0,
    "RATEBCV": 0.0,
    "lake_Vol": 0.0
  }
}