{
  "data": {
    "BotElev": 416.0,
    "Length": 2134.449492638926,
    "OBJECTID": null,
    "PFAF": "3334962",
    "PFAF_CODE": 333496200000.0,
    "PF_TYPE": 6,
    "Shape_Leng": 0.01620453026,
    "Slope": 0.0,
    "TopElev": 416.0,
    "Tosegment": 3025675,
    "end_x": -110.65729166627727,
    "end_y": 64.42798611067059,
    "flow_acc": 275.833,
    "seg_id": 3002312,
    "start_x": -110.64583333304182,
    "start_y": 64.41652777743514,
    "islake": 0,
    "lakeId": 0,
    "RATEACV": 0.0,
    "RATEBCV": 0.0,
    "lake_Vol": 0.0
  }
}