{
  "data": {
    "BotElev": 400.0,
    "Length": 8544.023373715358,
    "OBJECTID": null,
    "PFAF": "333482",
    "PFAF_CODE": 333482000000.0,
    "PF_TYPE": 5,
    "Shape_Leng": 0.09804676214,
    "Slope": 0.0,
    "TopElev": 400.0,
    "Tosegment": 3033571,
    "end_x": -111.55312500021847,
    "end_y": 64.91548611149489,
    "flow_acc": 277.134,
    "seg_id": 3002428,
    "start_x": -111.49374999966273,
    "start_y": 64.98527777764747,
    "islake": 0,
    "lakeId": 0,
    "RATEACV": 0.0,
    "RATEBCV": 0.0,
    "lake_Vol": 0.0
  }
}