{
  "data": {
    "BotElev": 156.0,
    "Length": 30480.81463164086,
    "OBJECTID": null,
    "PFAF": "3222312",
    "PFAF_CODE": 322231200000.0,
    "PF_TYPE": 6,
    "Shape_Leng": 0.23531197389,
    "Slope": 0.0,
    "TopElev": 156.0,
    "Tosegment": 3041429,
    "end_x": -120.49687500000016,
    "end_y": 65.28631944444436,
    "flow_acc": 280.122,
    "seg_id": 3002670,
    "start_x": -120.48958333333343,
    "start_y": 65.05402777777783,
    "islake": 0,
    "lakeId": 0,
    "RATEACV": 0.0,
    "RATEBCV": 0.0,
    "lake_Vol": 0.0
  }
}