{
  "data": {
    "BotElev": 388.0,
    "Length": 5078.1281167494635,
    "OBJECTID": null,
    "PFAF": "3295394",
    "PFAF_CODE": 329539400000.0,
    "PF_TYPE": 6,
    "Shape_Leng": 0.04379336517,
    "Slope": 0.004923073901492,
    "TopElev": 413.0,
    "Tosegment": 3044112,
    "end_x": -119.6822916666668,
    "end_y": 56.165486111111136,
    "flow_acc": 273.055,
    "seg_id": 3002073,
    "start_x": -119.68750000000011,
    "start_y": 56.13944444444451,
    "islake": 0,
    "lakeId": 0,
    "RATEACV": 0.0,
    "RATEBCV": 0.0,
    "lake_Vol": 0.0
  }
}