{
  "data": {
    "BotElev": 934.0,
    "Length": 2025.3650734927674,
    "OBJECTID": null,
    "PFAF": "31894782",
    "PFAF_CODE": 318947820000.0,
    "PF_TYPE": 7,
    "Shape_Leng": 0.02151755651,
    "Slope": -0.001481214443392,
    "TopElev": 931.0,
    "Tosegment": 3027310,
    "end_x": -132.89687500000002,
    "end_y": 61.85923611111133,
    "flow_acc": 277.815,
    "seg_id": 3002484,
    "start_x": -132.91666666666663,
    "start_y": 61.863402777777765,
    "islake": 0,
    "lakeId": 0,
    "RATEACV": 0.0,
    "RATEBCV": 0.0,
    "lake_Vol": 0.0
  }
}