{
  "data": {
    "BotElev": 465.0,
    "Length": 2839.546799016593,
    "OBJECTID": null,
    "PFAF": "3187872",
    "PFAF_CODE": 318787200000.0,
    "PF_TYPE": 6,
    "Shape_Leng": 0.03818422318,
    "Slope": 0.0,
    "TopElev": 465.0,
    "Tosegment": 3035395,
    "end_x": -138.48854166666678,
    "end_y": 63.97173611111111,
    "flow_acc": 289.598,
    "seg_id": 3003414,
    "start_x": -138.45208333333346,
    "start_y": 63.97590277777789,
    "islake": 0,
    "lakeId": 0,
    "RATEACV": 0.0,
    "RATEBCV": 0.0,
    "lake_Vol": 0.0
  }
}