{
  "data": {
    "BotElev": 122.0,
    "Length": 1337.8218932036307,
    "OBJECTID": null,
    "PFAF": "3339898",
    "PFAF_CODE": 333989800000.0,
    "PF_TYPE": 6,
    "Shape_Leng": 0.02733608416,
    "Slope": 0.0,
    "TopElev": 122.0,
    "Tosegment": 3025177,
    "end_x": -109.94270833332286,
    "end_y": 69.54256944472422,
    "flow_acc": 284.679,
    "seg_id": 3003033,
    "start_x": -109.96875000001239,
    "start_y": 69.53944444450565,
    "islake": 0,
    "lakeId": 0,
    "RATEACV": 0.0,
    "RATEBCV": 0.0,
    "lake_Vol": 0.0
  }
}