{
  "data": {
    "BotElev": 1040.0,
    "Length": 10736.645450683869,
    "OBJECTID": null,
    "PFAF": "31894994",
    "PFAF_CODE": 318949940000.0,
    "PF_TYPE": 7,
    "Shape_Leng": 0.1355340608,
    "Slope": 0.003818697393737,
    "TopElev": 1081.0,
    "Tosegment": 3019450,
    "end_x": -129.81562499999995,
    "end_y": 62.5259027777779,
    "flow_acc": 295.361,
    "seg_id": 3003865,
    "start_x": -129.6895833333332,
    "start_y": 62.52798611111115,
    "islake": 0,
    "lakeId": 0,
    "RATEACV": 0.0,
    "RATEBCV": 0.0,
    "lake_Vol": 0.0
  }
}