{
  "data": {
    "BotElev": 413.0,
    "Length": 4348.956771260089,
    "OBJECTID": null,
    "PFAF": "321728",
    "PFAF_CODE": 321728000000.0,
    "PF_TYPE": 5,
    "Shape_Leng": 0.04918042025,
    "Slope": 0.007588026677588,
    "TopElev": 446.0,
    "Tosegment": 3024766,
    "end_x": -130.43020833333344,
    "end_y": 65.56340277777787,
    "flow_acc": 290.988,
    "seg_id": 3003521,
    "start_x": -130.46666666666675,
    "start_y": 65.58111111111123,
    "islake": 0,
    "lakeId": 0,
    "RATEACV": 0.0,
    "RATEBCV": 0.0,
    "lake_Vol": 0.0
  }
}