{
  "data": {
    "BotElev": 519.0,
    "Length": 18841.513574629895,
    "OBJECTID": null,
    "PFAF": "3292492",
    "PFAF_CODE": 329249200000.0,
    "PF_TYPE": 6,
    "Shape_Leng": 0.18310598534,
    "Slope": 0.001645303063218,
    "TopElev": 550.0,
    "Tosegment": 3028347,
    "end_x": -115.53229166666677,
    "end_y": 56.38006944444447,
    "flow_acc": 297.122,
    "seg_id": 3003987,
    "start_x": -115.66250000000008,
    "start_y": 56.42486111111123,
    "islake": 0,
    "lakeId": 0,
    "RATEACV": 0.0,
    "RATEBCV": 0.0,
    "lake_Vol": 0.0
  }
}