{
  "data": {
    "BotElev": 506.0,
    "Length": 248.9224720892119,
    "OBJECTID": null,
    "PFAF": "338526",
    "PFAF_CODE": 338526000000.0,
    "PF_TYPE": 5,
    "Shape_Leng": 0.00294627846,
    "Slope": 0.0,
    "TopElev": 506.0,
    "Tosegment": 3031891,
    "end_x": -105.39375000016236,
    "end_y": 56.55458333315437,
    "flow_acc": 296.938,
    "seg_id": 3003976,
    "start_x": -105.3916666666832,
    "start_y": 56.55666666663342,
    "islake": 0,
    "lakeId": 0,
    "RATEACV": 0.0,
    "RATEBCV": 0.0,
    "lake_Vol": 0.0
  }
}