{
  "data": {
    "BotElev": 289.0,
    "Length": 7502.2972958661685,
    "OBJECTID": null,
    "PFAF": "336776",
    "PFAF_CODE": 336776000000.0,
    "PF_TYPE": 5,
    "Shape_Leng": 0.09775064597,
    "Slope": 0.002132680080382,
    "TopElev": 305.0,
    "Tosegment": 3040582,
    "end_x": -104.54062499984383,
    "end_y": 62.51965277785354,
    "flow_acc": 294.348,
    "seg_id": 3003788,
    "start_x": -104.45625000023728,
    "start_y": 62.52694444413089,
    "islake": 0,
    "lakeId": 0,
    "RATEACV": 0.0,
    "RATEBCV": 0.0,
    "lake_Vol": 0.0
  }
}