{
  "data": {
    "BotElev": 344.0,
    "Length": 12082.875502282055,
    "OBJECTID": null,
    "PFAF": "3295332",
    "PFAF_CODE": 329533200000.0,
    "PF_TYPE": 6,
    "Shape_Leng": 0.14352265201,
    "Slope": 0.017959301157991,
    "TopElev": 561.0,
    "Tosegment": 3044145,
    "end_x": -118.61979166666669,
    "end_y": 55.9196527777778,
    "flow_acc": 286.018,
    "seg_id": 3003139,
    "start_x": -118.71666666666681,
    "start_y": 55.8436111111111,
    "islake": 0,
    "lakeId": 0,
    "RATEACV": 0.0,
    "RATEBCV": 0.0,
    "lake_Vol": 0.0
  }
}