{
  "data": {
    "BotElev": 594.0,
    "Length": 22095.87614607108,
    "OBJECTID": null,
    "PFAF": "338882",
    "PFAF_CODE": 338882000000.0,
    "PF_TYPE": 5,
    "Shape_Leng": 0.14717304012,
    "Slope": 4.5257313781e-05,
    "TopElev": 595.0,
    "Tosegment": 3023683,
    "end_x": -109.71041666659579,
    "end_y": 54.87041666649611,
    "flow_acc": 295.811,
    "seg_id": 3003894,
    "start_x": -109.79250000027469,
    "start_y": 54.98041666699572,
    "islake": 0,
    "lakeId": 0,
    "RATEACV": 0.0,
    "RATEBCV": 0.0,
    "lake_Vol": 0.0
  }
}