{
  "data": {
    "BotElev": 578.0,
    "Length": 6742.34055319545,
    "OBJECTID": null,
    "PFAF": "3189572",
    "PFAF_CODE": 318957200000.0,
    "PF_TYPE": 6,
    "Shape_Leng": 0.06965631009,
    "Slope": 0.004894442773936,
    "TopElev": 611.0,
    "Tosegment": 3043604,
    "end_x": -135.46562499999993,
    "end_y": 61.99048611111107,
    "flow_acc": 285.797,
    "seg_id": 3003122,
    "start_x": -135.41666666666657,
    "start_y": 61.96444444444461,
    "islake": 0,
    "lakeId": 0,
    "RATEACV": 0.0,
    "RATEBCV": 0.0,
    "lake_Vol": 0.0
  }
}