{
  "data": {
    "BotElev": 484.0,
    "Length": 2329.977970071974,
    "OBJECTID": null,
    "PFAF": "3154262",
    "PFAF_CODE": 315426200000.0,
    "PF_TYPE": 6,
    "Shape_Leng": 0.01918401273,
    "Slope": 0.004291886072936,
    "TopElev": 494.0,
    "Tosegment": 3022629,
    "end_x": -130.6429166666647,
    "end_y": 57.049583333332805,
    "flow_acc": 293.029,
    "seg_id": 3003685,
    "start_x": -130.6591666666647,
    "start_y": 57.05666666666639,
    "islake": 0,
    "lakeId": 0,
    "RATEACV": 0.0,
    "RATEBCV": 0.0,
    "lake_Vol": 0.0
  }
}