{
  "data": {
    "BotElev": 1043.0,
    "Length": 8876.393319465815,
    "OBJECTID": null,
    "PFAF": "323492",
    "PFAF_CODE": 323492000000.0,
    "PF_TYPE": 5,
    "Shape_Leng": 0.08977475644,
    "Slope": 0.015434196646014,
    "TopElev": 1180.0,
    "Tosegment": 3029443,
    "end_x": -126.66145833333343,
    "end_y": 62.53215277777775,
    "flow_acc": 285.501,
    "seg_id": 3003096,
    "start_x": -126.58333333333337,
    "start_y": 62.50402777777788,
    "islake": 0,
    "lakeId": 0,
    "RATEACV": 0.0,
    "RATEBCV": 0.0,
    "lake_Vol": 0.0
  }
}