{
  "data": {
    "BotElev": 791.0,
    "Length": 15214.954997769888,
    "OBJECTID": null,
    "PFAF": "3212983",
    "PFAF_CODE": 321298300000.0,
    "PF_TYPE": 5,
    "Shape_Leng": 0.16859668098,
    "Slope": 0.0046007365786,
    "TopElev": 861.0,
    "Tosegment": 3016515,
    "end_x": -139.55729166666674,
    "end_y": 65.24256944444454,
    "flow_acc": 292.865,
    "seg_id": 3003664,
    "start_x": -139.47916666666663,
    "start_y": 65.15298611111103,
    "islake": 0,
    "lakeId": 0,
    "RATEACV": 0.0,
    "RATEBCV": 0.0,
    "lake_Vol": 0.0
  }
}