{
  "data": {
    "BotElev": 912.0,
    "Length": 5079.1751662059105,
    "OBJECTID": null,
    "PFAF": "31892692",
    "PFAF_CODE": 318926920000.0,
    "PF_TYPE": 7,
    "Shape_Leng": 0.06110088984,
    "Slope": 0.002756353057707,
    "TopElev": 926.0,
    "Tosegment": 3027731,
    "end_x": -137.40729166666677,
    "end_y": 61.5759027777778,
    "flow_acc": 293.571,
    "seg_id": 3003729,
    "start_x": -137.34791666666666,
    "start_y": 61.58006944444463,
    "islake": 0,
    "lakeId": 0,
    "RATEACV": 0.0,
    "RATEBCV": 0.0,
    "lake_Vol": 0.0
  }
}