{
  "data": {
    "BotElev": 724.0,
    "Length": 9794.10088153228,
    "OBJECTID": null,
    "PFAF": "342744",
    "PFAF_CODE": 342744000000.0,
    "PF_TYPE": 5,
    "Shape_Leng": 0.09077708627,
    "Slope": 0.002858863752649,
    "TopElev": 752.0,
    "Tosegment": 3033267,
    "end_x": -110.79708333333639,
    "end_y": 49.93375000000128,
    "flow_acc": 291.958,
    "seg_id": 3003601,
    "start_x": -110.83416666666977,
    "start_y": 49.87250000000137,
    "islake": 0,
    "lakeId": 0,
    "RATEACV": 0.0,
    "RATEBCV": 0.0,
    "lake_Vol": 0.0
  }
}