{
  "data": {
    "BotElev": 360.0,
    "Length": 16651.819667074356,
    "OBJECTID": null,
    "PFAF": "3142616",
    "PFAF_CODE": 314261600000.0,
    "PF_TYPE": 6,
    "Shape_Leng": 0.12488961031,
    "Slope": 0.01645465813816,
    "TopElev": 634.0,
    "Tosegment": 3040246,
    "end_x": -119.70041666666754,
    "end_y": 50.82791666666776,
    "flow_acc": 288.107,
    "seg_id": 3003300,
    "start_x": -119.64875000000086,
    "start_y": 50.75333333333447,
    "islake": 0,
    "lakeId": 0,
    "RATEACV": 0.0,
    "RATEBCV": 0.0,
    "lake_Vol": 0.0
  }
}