{
  "data": {
    "BotElev": 385.0,
    "Length": 4413.084200957688,
    "OBJECTID": null,
    "PFAF": "3385183",
    "PFAF_CODE": 338518300000.0,
    "PF_TYPE": 5,
    "Shape_Leng": 0.05342006333,
    "Slope": 0.0,
    "TopElev": 385.0,
    "Tosegment": 3023207,
    "end_x": -105.96125000028724,
    "end_y": 55.4020833334792,
    "flow_acc": 284.373,
    "seg_id": 3003007,
    "start_x": -106.00000000029962,
    "start_y": 55.3666666670332,
    "islake": 0,
    "lakeId": 0,
    "RATEACV": 0.0,
    "RATEBCV": 0.0,
    "lake_Vol": 0.0
  }
}