{
  "data": {
    "BotElev": 495.0,
    "Length": 13785.32974593591,
    "OBJECTID": null,
    "PFAF": "3254943",
    "PFAF_CODE": 325494300000.0,
    "PF_TYPE": 5,
    "Shape_Leng": 0.18955266953,
    "Slope": 0.0,
    "TopElev": 495.0,
    "Tosegment": 3015894,
    "end_x": -121.24062500000014,
    "end_y": 60.50506944444447,
    "flow_acc": 292.099,
    "seg_id": 3003610,
    "start_x": -121.42500000000013,
    "start_y": 60.49256944444443,
    "islake": 0,
    "lakeId": 0,
    "RATEACV": 0.0,
    "RATEBCV": 0.0,
    "lake_Vol": 0.0
  }
}