{
  "data": {
    "BotElev": 656.0,
    "Length": 18066.347535696797,
    "OBJECTID": null,
    "PFAF": "3297772",
    "PFAF_CODE": 329777200000.0,
    "PF_TYPE": 6,
    "Shape_Leng": 0.17389700573,
    "Slope": 0.003321091874351,
    "TopElev": 716.0,
    "Tosegment": 3043514,
    "end_x": -122.65312500000005,
    "end_y": 56.09881944444436,
    "flow_acc": 293.322,
    "seg_id": 3003709,
    "start_x": -122.7760416666668,
    "start_y": 56.15194444444455,
    "islake": 0,
    "lakeId": 0,
    "RATEACV": 0.0,
    "RATEBCV": 0.0,
    "lake_Vol": 0.0
  }
}