{
  "data": {
    "BotElev": 286.0,
    "Length": 10536.76236539094,
    "OBJECTID": null,
    "PFAF": "321168",
    "PFAF_CODE": 321168000000.0,
    "PF_TYPE": 5,
    "Shape_Leng": 0.15349514485,
    "Slope": 0.002942080206898,
    "TopElev": 317.0,
    "Tosegment": 3020411,
    "end_x": -136.2656250000001,
    "end_y": 67.72590277777789,
    "flow_acc": 292.673,
    "seg_id": 3003650,
    "start_x": -136.40833333333342,
    "start_y": 67.72902777777779,
    "islake": 0,
    "lakeId": 0,
    "RATEACV": 0.0,
    "RATEBCV": 0.0,
    "lake_Vol": 0.0
  }
}