{
  "data": {
    "BotElev": 334.0,
    "Length": 11067.989464540997,
    "OBJECTID": null,
    "PFAF": "3335872",
    "PFAF_CODE": 333587200000.0,
    "PF_TYPE": 6,
    "Shape_Leng": 0.14667831406,
    "Slope": 0.005692090709142,
    "TopElev": 397.0,
    "Tosegment": 3035818,
    "end_x": -110.89270833322286,
    "end_y": 66.79881944436187,
    "flow_acc": 296.789,
    "seg_id": 3003966,
    "start_x": -110.95208333377877,
    "start_y": 66.74986111120137,
    "islake": 0,
    "lakeId": 0,
    "RATEACV": 0.0,
    "RATEBCV": 0.0,
    "lake_Vol": 0.0
  }
}