{
  "data": {
    "BotElev": 429.0,
    "Length": 11802.886593379217,
    "OBJECTID": null,
    "PFAF": "31281176",
    "PFAF_CODE": 312811760000.0,
    "PF_TYPE": 7,
    "Shape_Leng": 0.10945051703,
    "Slope": 0.017538082600583,
    "TopElev": 636.0,
    "Tosegment": 3041955,
    "end_x": -117.91291666666808,
    "end_y": 50.353750000001185,
    "flow_acc": 304.379,
    "seg_id": 3004512,
    "start_x": -118.00916666666808,
    "start_y": 50.363750000001346,
    "islake": 0,
    "lakeId": 0,
    "RATEACV": 0.0,
    "RATEBCV": 0.0,
    "lake_Vol": 0.0
  }
}