{
  "data": {
    "BotElev": 354.0,
    "Length": 2890.8718655508187,
    "OBJECTID": null,
    "PFAF": "3274932",
    "PFAF_CODE": 327493200000.0,
    "PF_TYPE": 6,
    "Shape_Leng": 0.03358608405,
    "Slope": 0.000691832807892,
    "TopElev": 356.0,
    "Tosegment": 3034571,
    "end_x": -120.40104166666674,
    "end_y": 58.76340277777791,
    "flow_acc": 297.725,
    "seg_id": 3004025,
    "start_x": -120.43333333333334,
    "start_y": 58.76652777777781,
    "islake": 0,
    "lakeId": 0,
    "RATEACV": 0.0,
    "RATEBCV": 0.0,
    "lake_Vol": 0.0
  }
}