{
  "data": {
    "BotElev": 394.0,
    "Length": 691.4883513944419,
    "OBJECTID": null,
    "PFAF": "32764942",
    "PFAF_CODE": 327649420000.0,
    "PF_TYPE": 7,
    "Shape_Leng": 0.01145833333,
    "Slope": 0.0,
    "TopElev": 394.0,
    "Tosegment": 3022511,
    "end_x": -108.60729166666681,
    "end_y": 60.16340277777783,
    "flow_acc": 305.134,
    "seg_id": 3004575,
    "start_x": -108.59583333333347,
    "start_y": 60.16340277777783,
    "islake": 0,
    "lakeId": 0,
    "RATEACV": 0.0,
    "RATEBCV": 0.0,
    "lake_Vol": 0.0
  }
}