{
  "data": {
    "BotElev": 728.0,
    "Length": 5238.772003070479,
    "OBJECTID": null,
    "PFAF": "312828",
    "PFAF_CODE": 312828000000.0,
    "PF_TYPE": 5,
    "Shape_Leng": 0.0626950156,
    "Slope": 0.022715246994955,
    "TopElev": 847.0,
    "Tosegment": 3029235,
    "end_x": -118.85958333333446,
    "end_y": 52.57208333333409,
    "flow_acc": 306.976,
    "seg_id": 3004704,
    "start_x": -118.80833333333453,
    "start_y": 52.5933333333341,
    "islake": 0,
    "lakeId": 0,
    "RATEACV": 0.0,
    "RATEBCV": 0.0,
    "lake_Vol": 0.0
  }
}