{
  "data": {
    "BotElev": 23.0,
    "Length": 5414.005149025984,
    "OBJECTID": null,
    "PFAF": "331962",
    "PFAF_CODE": 331962000000.0,
    "PF_TYPE": 5,
    "Shape_Leng": 0.04983397929,
    "Slope": -0.000738824565159,
    "TopElev": 19.0,
    "Tosegment": 3032833,
    "end_x": -129.78854166626473,
    "end_y": 69.46548611139508,
    "flow_acc": 298.589,
    "seg_id": 3004106,
    "start_x": -129.75625000003743,
    "start_y": 69.42902777820956,
    "islake": 0,
    "lakeId": 0,
    "RATEACV": 0.0,
    "RATEBCV": 0.0,
    "lake_Vol": 0.0
  }
}