{
  "data": {
    "BotElev": 237.0,
    "Length": 7765.582606132436,
    "OBJECTID": null,
    "PFAF": "326182",
    "PFAF_CODE": 326182000000.0,
    "PF_TYPE": 5,
    "Shape_Leng": 0.11449134192,
    "Slope": 0.00012877333881,
    "TopElev": 238.0,
    "Tosegment": 3031825,
    "end_x": -111.71979166666677,
    "end_y": 61.852986111111136,
    "flow_acc": 298.568,
    "seg_id": 3004103,
    "start_x": -111.62083333333345,
    "start_y": 61.8904861111111,
    "islake": 0,
    "lakeId": 0,
    "RATEACV": 0.0,
    "RATEBCV": 0.0,
    "lake_Vol": 0.0
  }
}