{
  "data": {
    "BotElev": 982.0,
    "Length": 13994.368909584164,
    "OBJECTID": null,
    "PFAF": "321882",
    "PFAF_CODE": 321882000000.0,
    "PF_TYPE": 5,
    "Shape_Leng": 0.16449134192,
    "Slope": 0.007288645930303,
    "TopElev": 1084.0,
    "Tosegment": 3023835,
    "end_x": -128.81770833333348,
    "end_y": 64.48631944444446,
    "flow_acc": 310.617,
    "seg_id": 3004961,
    "start_x": -128.6708333333334,
    "start_y": 64.45506944444452,
    "islake": 0,
    "lakeId": 0,
    "RATEACV": 0.0,
    "RATEBCV": 0.0,
    "lake_Vol": 0.0
  }
}