{
  "data": {
    "BotElev": 280.0,
    "Length": 5131.929918284454,
    "OBJECTID": null,
    "PFAF": "3214623",
    "PFAF_CODE": 321462300000.0,
    "PF_TYPE": 5,
    "Shape_Leng": 0.07023584049,
    "Slope": 0.010327498785821,
    "TopElev": 333.0,
    "Tosegment": 3018140,
    "end_x": -131.721875,
    "end_y": 65.80923611111115,
    "flow_acc": 304.505,
    "seg_id": 3004520,
    "start_x": -131.75000000000006,
    "start_y": 65.77173611111118,
    "islake": 0,
    "lakeId": 0,
    "RATEACV": 0.0,
    "RATEBCV": 0.0,
    "lake_Vol": 0.0
  }
}