{
  "data": {
    "BotElev": 359.0,
    "Length": 26030.755759912292,
    "OBJECTID": null,
    "PFAF": "3362994",
    "PFAF_CODE": 336299400000.0,
    "PF_TYPE": 6,
    "Shape_Leng": 0.21364109859,
    "Slope": 0.000153664382121,
    "TopElev": 363.0,
    "Tosegment": 3023371,
    "end_x": -103.12812499996875,
    "end_y": 60.55506944469926,
    "flow_acc": 297.361,
    "seg_id": 3004001,
    "start_x": -103.24583333344151,
    "start_y": 60.685277778147054,
    "islake": 0,
    "lakeId": 0,
    "RATEACV": 0.0,
    "RATEBCV": 0.0,
    "lake_Vol": 0.0
  }
}