{
  "data": {
    "BotElev": 844.0,
    "Length": 13305.31756973476,
    "OBJECTID": null,
    "PFAF": "3299632",
    "PFAF_CODE": 329963200000.0,
    "PF_TYPE": 6,
    "Shape_Leng": 0.11743762018,
    "Slope": 0.007741265810467,
    "TopElev": 947.0,
    "Tosegment": 3036443,
    "end_x": -124.109375,
    "end_y": 55.24048611111118,
    "flow_acc": 306.305,
    "seg_id": 3004651,
    "start_x": -124.18125000000009,
    "start_y": 55.28423611111117,
    "islake": 0,
    "lakeId": 0,
    "RATEACV": 0.0,
    "RATEBCV": 0.0,
    "lake_Vol": 0.0
  }
}