{
  "data": {
    "BotElev": 820.0,
    "Length": 7965.620134644119,
    "OBJECTID": null,
    "PFAF": "3424496",
    "PFAF_CODE": 342449600000.0,
    "PF_TYPE": 6,
    "Shape_Leng": 0.05666456224,
    "Slope": 0.00025107900781,
    "TopElev": 822.0,
    "Tosegment": 3020410,
    "end_x": -113.91375000000232,
    "end_y": 52.84125000000063,
    "flow_acc": 308.3,
    "seg_id": 3004805,
    "start_x": -113.95666666666898,
    "start_y": 52.87208333333393,
    "islake": 0,
    "lakeId": 0,
    "RATEACV": 0.0,
    "RATEBCV": 0.0,
    "lake_Vol": 0.0
  }
}