{
  "data": {
    "BotElev": 318.0,
    "Length": 7875.096357472427,
    "OBJECTID": null,
    "PFAF": "321984",
    "PFAF_CODE": 321984000000.0,
    "PF_TYPE": 5,
    "Shape_Leng": 0.0980340608,
    "Slope": 0.004317407490226,
    "TopElev": 352.0,
    "Tosegment": 3026678,
    "end_x": -126.27812500000005,
    "end_y": 64.58215277777776,
    "flow_acc": 306.876,
    "seg_id": 3004696,
    "start_x": -126.18958333333336,
    "start_y": 64.57173611111114,
    "islake": 0,
    "lakeId": 0,
    "RATEACV": 0.0,
    "RATEBCV": 0.0,
    "lake_Vol": 0.0
  }
}