{
  "data": {
    "BotElev": 217.0,
    "Length": 14724.648530732968,
    "OBJECTID": null,
    "PFAF": "315368",
    "PFAF_CODE": 315368000000.0,
    "PF_TYPE": 5,
    "Shape_Leng": 0.16111718369,
    "Slope": 0.019015734020109,
    "TopElev": 497.0,
    "Tosegment": 3019649,
    "end_x": -130.50541666666476,
    "end_y": 56.486249999999586,
    "flow_acc": 306.029,
    "seg_id": 3004629,
    "start_x": -130.35499999999814,
    "start_y": 56.50041666666618,
    "islake": 0,
    "lakeId": 0,
    "RATEACV": 0.0,
    "RATEBCV": 0.0,
    "lake_Vol": 0.0
  }
}