{
  "data": {
    "BotElev": -1.0,
    "Length": 3829.511548438377,
    "OBJECTID": null,
    "PFAF": "3155136",
    "PFAF_CODE": 315513600000.0,
    "PF_TYPE": 6,
    "Shape_Leng": 0.04470177969,
    "Slope": 0.000261129908436,
    "TopElev": 0.0,
    "Tosegment": -9999,
    "end_x": -133.12374999999741,
    "end_y": 57.33708333333294,
    "flow_acc": 310.164,
    "seg_id": 3004927,
    "start_x": -133.08499999999748,
    "start_y": 57.347916666666094,
    "islake": 0,
    "lakeId": 0,
    "RATEACV": 0.0,
    "RATEBCV": 0.0,
    "lake_Vol": 0.0
  }
}