{
  "data": {
    "BotElev": 524.0,
    "Length": 14369.165538255415,
    "OBJECTID": null,
    "PFAF": "338994",
    "PFAF_CODE": 338994000000.0,
    "PF_TYPE": 5,
    "Shape_Leng": 0.12299113151,
    "Slope": 0.003410079720325,
    "TopElev": 573.0,
    "Tosegment": 3036117,
    "end_x": -111.13458333305431,
    "end_y": 54.36874999981279,
    "flow_acc": 310.745,
    "seg_id": 3004970,
    "start_x": -111.15916666630852,
    "start_y": 54.30499999985028,
    "islake": 0,
    "lakeId": 0,
    "RATEACV": 0.0,
    "RATEBCV": 0.0,
    "lake_Vol": 0.0
  }
}