{
  "data": {
    "BotElev": 598.0,
    "Length": 9848.436822087906,
    "OBJECTID": null,
    "PFAF": "3242463",
    "PFAF_CODE": 324246300000.0,
    "PF_TYPE": 5,
    "Shape_Leng": 0.09063770136,
    "Slope": 0.004163097224531,
    "TopElev": 639.0,
    "Tosegment": 3017728,
    "end_x": -126.60104166666679,
    "end_y": 61.59465277777775,
    "flow_acc": 308.515,
    "seg_id": 3004819,
    "start_x": -126.65000000000003,
    "start_y": 61.64361111111111,
    "islake": 0,
    "lakeId": 0,
    "RATEACV": 0.0,
    "RATEBCV": 0.0,
    "lake_Vol": 0.0
  }
}