{
  "data": {
    "BotElev": 516.0,
    "Length": 15079.600627394899,
    "OBJECTID": null,
    "PFAF": "3154384",
    "PFAF_CODE": 315438400000.0,
    "PF_TYPE": 6,
    "Shape_Leng": 0.14310449729,
    "Slope": 0.00762619666406,
    "TopElev": 631.0,
    "Tosegment": 3025378,
    "end_x": -131.31958333333125,
    "end_y": 58.12124999999935,
    "flow_acc": 303.417,
    "seg_id": 3004447,
    "start_x": -131.44499999999783,
    "start_y": 58.14874999999938,
    "islake": 0,
    "lakeId": 0,
    "RATEACV": 0.0,
    "RATEBCV": 0.0,
    "lake_Vol": 0.0
  }
}