{
  "data": {
    "BotElev": 562.0,
    "Length": 12997.200291158368,
    "OBJECTID": null,
    "PFAF": "327446",
    "PFAF_CODE": 327446000000.0,
    "PF_TYPE": 5,
    "Shape_Leng": 0.11521893027,
    "Slope": 0.001692672229954,
    "TopElev": 584.0,
    "Tosegment": 3031662,
    "end_x": -118.67604166666678,
    "end_y": 59.93215277777779,
    "flow_acc": 308.091,
    "seg_id": 3004787,
    "start_x": -118.68541666666681,
    "start_y": 60.01444444444451,
    "islake": 0,
    "lakeId": 0,
    "RATEACV": 0.0,
    "RATEBCV": 0.0,
    "lake_Vol": 0.0
  }
}