{
  "data": {
    "BotElev": 155.0,
    "Length": 31448.768218259193,
    "OBJECTID": null,
    "PFAF": "322862",
    "PFAF_CODE": 322862000000.0,
    "PF_TYPE": 5,
    "Shape_Leng": 0.54502645494,
    "Slope": 0.000254381982292,
    "TopElev": 163.0,
    "Tosegment": 3031472,
    "end_x": -118.06354166666677,
    "end_y": 66.59048611111115,
    "flow_acc": 306.043,
    "seg_id": 3004630,
    "start_x": -117.54375000000016,
    "start_y": 66.64256944444446,
    "islake": 0,
    "lakeId": 0,
    "RATEACV": 0.0,
    "RATEBCV": 0.0,
    "lake_Vol": 0.0
  }
}