{
  "data": {
    "BotElev": 360.0,
    "Length": 3464.4446974421717,
    "OBJECTID": null,
    "PFAF": "3362992",
    "PFAF_CODE": 336299200000.0,
    "PF_TYPE": 6,
    "Shape_Leng": 0.04673964325,
    "Slope": -0.000288646547234,
    "TopElev": 359.0,
    "Tosegment": 3026383,
    "end_x": -103.05937499965648,
    "end_y": 60.49465277740387,
    "flow_acc": 316.657,
    "seg_id": 3005340,
    "start_x": -103.09791666632105,
    "start_y": 60.47486111115154,
    "islake": 0,
    "lakeId": 0,
    "RATEACV": 0.0,
    "RATEBCV": 0.0,
    "lake_Vol": 0.0
  }
}