{
  "data": {
    "BotElev": 1271.0,
    "Length": 19820.601002292027,
    "OBJECTID": null,
    "PFAF": "3428923",
    "PFAF_CODE": 342892300000.0,
    "PF_TYPE": 5,
    "Shape_Leng": 0.15417472333,
    "Slope": 0.006357022170288,
    "TopElev": 1397.0,
    "Tosegment": 3019668,
    "end_x": -114.83791666666878,
    "end_y": 51.28291666666763,
    "flow_acc": 321.552,
    "seg_id": 3005626,
    "start_x": -114.95125000000206,
    "start_y": 51.348333333334324,
    "islake": 0,
    "lakeId": 0,
    "RATEACV": 0.0,
    "RATEBCV": 0.0,
    "lake_Vol": 0.0
  }
}