{
  "data": {
    "BotElev": 273.0,
    "Length": 14361.442687580451,
    "OBJECTID": null,
    "PFAF": "33296",
    "PFAF_CODE": 332960000000.0,
    "PF_TYPE": 4,
    "Shape_Leng": 0.22239320374,
    "Slope": 0.002645973724691,
    "TopElev": 311.0,
    "Tosegment": 3033306,
    "end_x": -123.70937499975639,
    "end_y": 67.04465277780355,
    "flow_acc": 325.496,
    "seg_id": 3005900,
    "start_x": -123.89583333354136,
    "start_y": 66.99569444464305,
    "islake": 0,
    "lakeId": 0,
    "RATEACV": 0.0,
    "RATEBCV": 0.0,
    "lake_Vol": 0.0
  }
}