{
  "data": {
    "BotElev": 157.0,
    "Length": 1128.6170517001888,
    "OBJECTID": null,
    "PFAF": "3261222",
    "PFAF_CODE": 326122200000.0,
    "PF_TYPE": 6,
    "Shape_Leng": 0.0162045304,
    "Slope": 0.0,
    "TopElev": 157.0,
    "Tosegment": 3024820,
    "end_x": -116.63229166666679,
    "end_y": 61.26340277777774,
    "flow_acc": 317.91,
    "seg_id": 3005419,
    "start_x": -116.62083333333334,
    "start_y": 61.27486111111108,
    "islake": 0,
    "lakeId": 0,
    "RATEACV": 0.0,
    "RATEBCV": 0.0,
    "lake_Vol": 0.0
  }
}