{
  "data": {
    "BotElev": 642.0,
    "Length": 410.4706350896259,
    "OBJECTID": null,
    "PFAF": "3427302",
    "PFAF_CODE": 342730200000.0,
    "PF_TYPE": 6,
    "Shape_Leng": 0.00530330086,
    "Slope": 0.00243622786751,
    "TopElev": 643.0,
    "Tosegment": -9999,
    "end_x": -110.55625000000316,
    "end_y": 50.59625000000108,
    "flow_acc": 322.309,
    "seg_id": 3005670,
    "start_x": -110.56000000000319,
    "start_y": 50.59250000000111,
    "islake": 0,
    "lakeId": 0,
    "RATEACV": 0.0,
    "RATEBCV": 0.0,
    "lake_Vol": 0.0
  }
}