{
  "data": {
    "BotElev": 261.0,
    "Length": 13841.147303531028,
    "OBJECTID": null,
    "PFAF": "327876",
    "PFAF_CODE": 327876000000.0,
    "PF_TYPE": 5,
    "Shape_Leng": 0.12426715058,
    "Slope": 0.000939228498542,
    "TopElev": 274.0,
    "Tosegment": 3030839,
    "end_x": -112.83645833333338,
    "end_y": 59.738402777777765,
    "flow_acc": 317.53,
    "seg_id": 3005403,
    "start_x": -112.74166666666679,
    "start_y": 59.68319444444455,
    "islake": 0,
    "lakeId": 0,
    "RATEACV": 0.0,
    "RATEBCV": 0.0,
    "lake_Vol": 0.0
  }
}