{
  "data": {
    "BotElev": 557.0,
    "Length": 18302.68622512706,
    "OBJECTID": null,
    "PFAF": "34241872",
    "PFAF_CODE": 342418720000.0,
    "PF_TYPE": 7,
    "Shape_Leng": 0.16537776567,
    "Slope": 0.001365919717603,
    "TopElev": 582.0,
    "Tosegment": 3029083,
    "end_x": -107.56875000000389,
    "end_y": 51.45125000000087,
    "flow_acc": 318.487,
    "seg_id": 3005449,
    "start_x": -107.69083333333725,
    "start_y": 51.50541666666754,
    "islake": 0,
    "lakeId": 0,
    "RATEACV": 0.0,
    "RATEBCV": 0.0,
    "lake_Vol": 0.0
  }
}