{
  "data": {
    "BotElev": 603.0,
    "Length": 21997.059910968866,
    "OBJECTID": null,
    "PFAF": "3424452",
    "PFAF_CODE": 342445200000.0,
    "PF_TYPE": 6,
    "Shape_Leng": 0.18446575866,
    "Slope": 0.003636849666446,
    "TopElev": 683.0,
    "Tosegment": 3039407,
    "end_x": -111.27291666666969,
    "end_y": 52.68375000000054,
    "flow_acc": 312.259,
    "seg_id": 3005080,
    "start_x": -111.14500000000305,
    "start_y": 52.614166666667245,
    "islake": 0,
    "lakeId": 0,
    "RATEACV": 0.0,
    "RATEBCV": 0.0,
    "lake_Vol": 0.0
  }
}