{
  "data": {
    "BotElev": 87.0,
    "Length": 6961.674495386812,
    "OBJECTID": null,
    "PFAF": "3153343",
    "PFAF_CODE": 315334300000.0,
    "PF_TYPE": 5,
    "Shape_Leng": 0.08111718369,
    "Slope": 0.005602100475373,
    "TopElev": 126.0,
    "Tosegment": 3019637,
    "end_x": -129.92374999999822,
    "end_y": 56.042083333333096,
    "flow_acc": 326.211,
    "seg_id": 3005940,
    "start_x": -129.88333333333145,
    "start_y": 56.09791666666632,
    "islake": 0,
    "lakeId": 0,
    "RATEACV": 0.0,
    "RATEBCV": 0.0,
    "lake_Vol": 0.0
  }
}