{
  "data": {
    "BotElev": 573.0,
    "Length": 10032.73426944833,
    "OBJECTID": null,
    "PFAF": "349924",
    "PFAF_CODE": 349924000000.0,
    "PF_TYPE": 5,
    "Shape_Leng": 0.10176355809,
    "Slope": 9.9673725342e-05,
    "TopElev": 574.0,
    "Tosegment": 3032236,
    "end_x": -104.3137500000048,
    "end_y": 50.24708333333456,
    "flow_acc": 312.311,
    "seg_id": 3005081,
    "start_x": -104.37250000000472,
    "start_y": 50.17416666666793,
    "islake": 0,
    "lakeId": 0,
    "RATEACV": 0.0,
    "RATEBCV": 0.0,
    "lake_Vol": 0.0
  }
}