{
  "data": {
    "BotElev": 407.0,
    "Length": 16675.470727260235,
    "OBJECTID": null,
    "PFAF": "3334542",
    "PFAF_CODE": 333454200000.0,
    "PF_TYPE": 6,
    "Shape_Leng": 0.22864320302,
    "Slope": 0.001079429798079,
    "TopElev": 425.0,
    "Tosegment": 3029326,
    "end_x": -115.2302083335477,
    "end_y": 66.04256944452436,
    "flow_acc": 321.932,
    "seg_id": 3005651,
    "start_x": -115.43750000032469,
    "start_y": 66.08527777814709,
    "islake": 0,
    "lakeId": 0,
    "RATEACV": 0.0,
    "RATEBCV": 0.0,
    "lake_Vol": 0.0
  }
}