{
  "data": {
    "BotElev": -2.0,
    "Length": 4499.378057310251,
    "OBJECTID": null,
    "PFAF": "315398",
    "PFAF_CODE": 315398000000.0,
    "PF_TYPE": 5,
    "Shape_Leng": 0.0504513588,
    "Slope": 0.002444782336556,
    "TopElev": 9.0,
    "Tosegment": -9999,
    "end_x": -131.98874999999776,
    "end_y": 56.374583333332964,
    "flow_acc": 321.526,
    "seg_id": 3005623,
    "start_x": -131.945833333331,
    "start_y": 56.383749999999736,
    "islake": 0,
    "lakeId": 0,
    "RATEACV": 0.0,
    "RATEBCV": 0.0,
    "lake_Vol": 0.0
  }
}