{
  "data": {
    "BotElev": 311.0,
    "Length": 7756.331326589868,
    "OBJECTID": null,
    "PFAF": "3247232",
    "PFAF_CODE": 324723200000.0,
    "PF_TYPE": 6,
    "Shape_Leng": 0.09653025787,
    "Slope": 0.010185227612593,
    "TopElev": 390.0,
    "Tosegment": 3038030,
    "end_x": -124.42395833333336,
    "end_y": 59.984236111111045,
    "flow_acc": 318.539,
    "seg_id": 3005454,
    "start_x": -124.36458333333343,
    "start_y": 60.041527777777844,
    "islake": 0,
    "lakeId": 0,
    "RATEACV": 0.0,
    "RATEBCV": 0.0,
    "lake_Vol": 0.0
  }
}