{
  "data": {
    "BotElev": 1025.0,
    "Length": 5167.285169232828,
    "OBJECTID": null,
    "PFAF": "3429622",
    "PFAF_CODE": 342962200000.0,
    "PF_TYPE": 6,
    "Shape_Leng": 0.04033799299,
    "Slope": 0.004064029623339,
    "TopElev": 1046.0,
    "Tosegment": 3025858,
    "end_x": -113.38791666666913,
    "end_y": 49.405416666667975,
    "flow_acc": 324.63,
    "seg_id": 3005839,
    "start_x": -113.39250000000243,
    "start_y": 49.37250000000148,
    "islake": 0,
    "lakeId": 0,
    "RATEACV": 0.0,
    "RATEBCV": 0.0,
    "lake_Vol": 0.0
  }
}