{
  "data": {
    "BotElev": 727.0,
    "Length": 10185.407149990586,
    "OBJECTID": null,
    "PFAF": "3249992",
    "PFAF_CODE": 324999200000.0,
    "PF_TYPE": 6,
    "Shape_Leng": 0.08827095351,
    "Slope": 0.004221726178127,
    "TopElev": 770.0,
    "Tosegment": 3029845,
    "end_x": -129.74479166666669,
    "end_y": 61.62381944444445,
    "flow_acc": 311.708,
    "seg_id": 3005039,
    "start_x": -129.80833333333334,
    "start_y": 61.67173611111116,
    "islake": 0,
    "lakeId": 0,
    "RATEACV": 0.0,
    "RATEBCV": 0.0,
    "lake_Vol": 0.0
  }
}