{
  "data": {
    "BotElev": 478.0,
    "Length": 20004.813393026114,
    "OBJECTID": null,
    "PFAF": "3284272",
    "PFAF_CODE": 328427200000.0,
    "PF_TYPE": 6,
    "Shape_Leng": 0.21227265201,
    "Slope": 0.000149963908238,
    "TopElev": 481.0,
    "Tosegment": 3031422,
    "end_x": -107.75312500000013,
    "end_y": 58.16548611111125,
    "flow_acc": 322.976,
    "seg_id": 3005722,
    "start_x": -107.61875000000015,
    "start_y": 58.104027777777844,
    "islake": 0,
    "lakeId": 0,
    "RATEACV": 0.0,
    "RATEBCV": 0.0,
    "lake_Vol": 0.0
  }
}