{
  "data": {
    "BotElev": 529.0,
    "Length": 4536.000785505071,
    "OBJECTID": null,
    "PFAF": "349782",
    "PFAF_CODE": 349782000000.0,
    "PF_TYPE": 5,
    "Shape_Leng": 0.05565355937,
    "Slope": 0.00507054585914,
    "TopElev": 552.0,
    "Tosegment": 3031410,
    "end_x": -104.3087500000048,
    "end_y": 50.88791666666765,
    "flow_acc": 328.151,
    "seg_id": 3006053,
    "start_x": -104.35750000000473,
    "start_y": 50.87625000000111,
    "islake": 0,
    "lakeId": 0,
    "RATEACV": 0.0,
    "RATEBCV": 0.0,
    "lake_Vol": 0.0
  }
}