{
  "data": {
    "BotElev": 1020.0,
    "Length": 24430.63408115555,
    "OBJECTID": null,
    "PFAF": "323282",
    "PFAF_CODE": 323282000000.0,
    "PF_TYPE": 5,
    "Shape_Leng": 0.27599304042,
    "Slope": 0.009373477546235,
    "TopElev": 1249.0,
    "Tosegment": 3033811,
    "end_x": -129.1531250000001,
    "end_y": 63.35298611111119,
    "flow_acc": 340.819,
    "seg_id": 3006849,
    "start_x": -129.40000000000003,
    "start_y": 63.410277777777765,
    "islake": 0,
    "lakeId": 0,
    "RATEACV": 0.0,
    "RATEBCV": 0.0,
    "lake_Vol": 0.0
  }
}