{
  "data": {
    "BotElev": 322.0,
    "Length": 20146.906682346093,
    "OBJECTID": null,
    "PFAF": "3381882",
    "PFAF_CODE": 338188200000.0,
    "PF_TYPE": 6,
    "Shape_Leng": 0.13105287951,
    "Slope": 0.000148906233959,
    "TopElev": 325.0,
    "Tosegment": 3024769,
    "end_x": -101.52541666694555,
    "end_y": 56.28124999958794,
    "flow_acc": 339.424,
    "seg_id": 3006772,
    "start_x": -101.52833333291687,
    "start_y": 56.154166666358606,
    "islake": 0,
    "lakeId": 0,
    "RATEACV": 0.0,
    "RATEBCV": 0.0,
    "lake_Vol": 0.0
  }
}