{
  "data": {
    "BotElev": 682.0,
    "Length": 6849.9694241142615,
    "OBJECTID": null,
    "PFAF": "3145424",
    "PFAF_CODE": 314542400000.0,
    "PF_TYPE": 6,
    "Shape_Leng": 0.06407572747,
    "Slope": 0.02131396375085,
    "TopElev": 828.0,
    "Tosegment": 3025269,
    "end_x": -121.77708333333362,
    "end_y": 52.42375000000061,
    "flow_acc": 333.237,
    "seg_id": 3006379,
    "start_x": -121.79833333333369,
    "start_y": 52.382500000000675,
    "islake": 0,
    "lakeId": 0,
    "RATEACV": 0.0,
    "RATEBCV": 0.0,
    "lake_Vol": 0.0
  }
}