{
  "data": {
    "BotElev": 445.0,
    "Length": 18345.793615144903,
    "OBJECTID": null,
    "PFAF": "333696",
    "PFAF_CODE": 333696000000.0,
    "PF_TYPE": 5,
    "Shape_Leng": 0.32088939923,
    "Slope": 0.0,
    "TopElev": 445.0,
    "Tosegment": 3026008,
    "end_x": -111.06979166635227,
    "end_y": 65.75090277814076,
    "flow_acc": 337.814,
    "seg_id": 3006684,
    "start_x": -110.76875000021232,
    "start_y": 65.79881944456173,
    "islake": 0,
    "lakeId": 0,
    "RATEACV": 0.0,
    "RATEBCV": 0.0,
    "lake_Vol": 0.0
  }
}