{
  "data": {
    "BotElev": 285.0,
    "Length": 11972.70961666296,
    "OBJECTID": null,
    "PFAF": "327946",
    "PFAF_CODE": 327946000000.0,
    "PF_TYPE": 5,
    "Shape_Leng": 0.12268931868,
    "Slope": 0.0,
    "TopElev": 285.0,
    "Tosegment": 3029536,
    "end_x": -110.51562500000011,
    "end_y": 59.88215277777789,
    "flow_acc": 335.761,
    "seg_id": 3006559,
    "start_x": -110.57916666666682,
    "start_y": 59.789444444444484,
    "islake": 0,
    "lakeId": 0,
    "RATEACV": 0.0,
    "RATEBCV": 0.0,
    "lake_Vol": 0.0
  }
}