{
  "data": {
    "BotElev": 72.0,
    "Length": 9643.78214711408,
    "OBJECTID": null,
    "PFAF": "323514",
    "PFAF_CODE": 323514000000.0,
    "PF_TYPE": 5,
    "Shape_Leng": 0.08173753899,
    "Slope": 0.0,
    "TopElev": 72.0,
    "Tosegment": 3045316,
    "end_x": -124.4677083333334,
    "end_y": 64.22798611111125,
    "flow_acc": 335.053,
    "seg_id": 3006494,
    "start_x": -124.40625000000006,
    "start_y": 64.17902777777789,
    "islake": 0,
    "lakeId": 0,
    "RATEACV": 0.0,
    "RATEBCV": 0.0,
    "lake_Vol": 0.0
  }
}