{
  "data": {
    "BotElev": 1065.0,
    "Length": 16080.500771034394,
    "OBJECTID": null,
    "PFAF": "342685",
    "PFAF_CODE": 342685000000.0,
    "PF_TYPE": 4,
    "Shape_Leng": 0.16816880101,
    "Slope": 0.00478840809104,
    "TopElev": 1142.0,
    "Tosegment": 3023867,
    "end_x": -114.3304166666689,
    "end_y": 51.557916666667495,
    "flow_acc": 342.812,
    "seg_id": 3006967,
    "start_x": -114.43666666666877,
    "start_y": 51.47166666666749,
    "islake": 0,
    "lakeId": 0,
    "RATEACV": 0.0,
    "RATEBCV": 0.0,
    "lake_Vol": 0.0
  }
}