{
  "data": {
    "BotElev": 218.0,
    "Length": 1336.8341571187555,
    "OBJECTID": null,
    "PFAF": "3262824",
    "PFAF_CODE": 326282400000.0,
    "PF_TYPE": 6,
    "Shape_Leng": 0.0177823623,
    "Slope": -0.000748035943483,
    "TopElev": 217.0,
    "Tosegment": 3032552,
    "end_x": -116.91979166666681,
    "end_y": 63.70506944444446,
    "flow_acc": 329.517,
    "seg_id": 3006147,
    "start_x": -116.93541666666681,
    "start_y": 63.70402777777775,
    "islake": 0,
    "lakeId": 0,
    "RATEACV": 0.0,
    "RATEBCV": 0.0,
    "lake_Vol": 0.0
  }
}