{
  "data": {
    "BotElev": 886.0,
    "Length": 10142.014678676056,
    "OBJECTID": null,
    "PFAF": "329968",
    "PFAF_CODE": 329968000000.0,
    "PF_TYPE": 5,
    "Shape_Leng": 0.07734878541,
    "Slope": -0.000295799216926,
    "TopElev": 883.0,
    "Tosegment": 3024608,
    "end_x": -125.33229166666678,
    "end_y": 55.41548611111108,
    "flow_acc": 336.239,
    "seg_id": 3006586,
    "start_x": -125.39375000000007,
    "start_y": 55.450902777777856,
    "islake": 0,
    "lakeId": 0,
    "RATEACV": 0.0,
    "RATEBCV": 0.0,
    "lake_Vol": 0.0
  }
}