{
  "data": {
    "BotElev": 394.0,
    "Length": 24360.742415598917,
    "OBJECTID": null,
    "PFAF": "3334432",
    "PFAF_CODE": 333443200000.0,
    "PF_TYPE": 6,
    "Shape_Leng": 0.28893721296,
    "Slope": 0.00012314895617,
    "TopElev": 397.0,
    "Tosegment": 3036112,
    "end_x": -113.36979166625224,
    "end_y": 66.19256944422455,
    "flow_acc": 342.232,
    "seg_id": 3006930,
    "start_x": -113.14374999996238,
    "start_y": 66.09777777812207,
    "islake": 0,
    "lakeId": 0,
    "RATEACV": 0.0,
    "RATEBCV": 0.0,
    "lake_Vol": 0.0
  }
}