{
  "data": {
    "BotElev": 445.0,
    "Length": 9728.682165116577,
    "OBJECTID": null,
    "PFAF": "342432",
    "PFAF_CODE": 342432000000.0,
    "PF_TYPE": 5,
    "Shape_Leng": 0.08698012862,
    "Slope": 0.006064541836052,
    "TopElev": 504.0,
    "Tosegment": 3043847,
    "end_x": -107.48208333333719,
    "end_y": 52.385416666667254,
    "flow_acc": 332.839,
    "seg_id": 3006360,
    "start_x": -107.51750000000396,
    "start_y": 52.33250000000061,
    "islake": 0,
    "lakeId": 0,
    "RATEACV": 0.0,
    "RATEBCV": 0.0,
    "lake_Vol": 0.0
  }
}