{
  "data": {
    "BotElev": 952.0,
    "Length": 14663.34047430144,
    "OBJECTID": null,
    "PFAF": "3247485",
    "PFAF_CODE": 324748500000.0,
    "PF_TYPE": 5,
    "Shape_Leng": 0.14782467526,
    "Slope": 0.006683333867324,
    "TopElev": 1050.0,
    "Tosegment": 3020507,
    "end_x": -125.97187500000001,
    "end_y": 58.607152777777856,
    "flow_acc": 338.124,
    "seg_id": 3006706,
    "start_x": -126.10208333333338,
    "start_y": 58.630069444444416,
    "islake": 0,
    "lakeId": 0,
    "RATEACV": 0.0,
    "RATEBCV": 0.0,
    "lake_Vol": 0.0
  }
}