{
  "data": {
    "BotElev": 417.0,
    "Length": 19744.022754954,
    "OBJECTID": null,
    "PFAF": "3334993",
    "PFAF_CODE": 333499300000.0,
    "PF_TYPE": 3,
    "Shape_Leng": 0.2081927162,
    "Slope": 0.001012964796902,
    "TopElev": 437.0,
    "Tosegment": 3020664,
    "end_x": -110.10104166693935,
    "end_y": 64.66131944413712,
    "flow_acc": 336.355,
    "seg_id": 3006589,
    "start_x": -110.06874999981261,
    "start_y": 64.76652777763485,
    "islake": 0,
    "lakeId": 0,
    "RATEACV": 0.0,
    "RATEBCV": 0.0,
    "lake_Vol": 0.0
  }
}