{
  "data": {
    "BotElev": 12.0,
    "Length": 9342.434417499604,
    "OBJECTID": null,
    "PFAF": "321514",
    "PFAF_CODE": 321514000000.0,
    "PF_TYPE": 5,
    "Shape_Leng": 0.13145412447,
    "Slope": 0.000535192410945,
    "TopElev": 17.0,
    "Tosegment": 3045348,
    "end_x": -132.7593750000001,
    "end_y": 67.22590277777778,
    "flow_acc": 331.905,
    "seg_id": 3006304,
    "start_x": -132.69583333333344,
    "start_y": 67.29465277777774,
    "islake": 0,
    "lakeId": 0,
    "RATEACV": 0.0,
    "RATEBCV": 0.0,
    "lake_Vol": 0.0
  }
}