{
  "data": {
    "BotElev": 649.0,
    "Length": 11021.438279922026,
    "OBJECTID": null,
    "PFAF": "3424412022",
    "PFAF_CODE": 342441202200.0,
    "PF_TYPE": 9,
    "Shape_Leng": 0.13306980515,
    "Slope": 0.001542448414466,
    "TopElev": 666.0,
    "Tosegment": 3024931,
    "end_x": -108.19375000000377,
    "end_y": 52.22208333333401,
    "flow_acc": 346.915,
    "seg_id": 3007193,
    "start_x": -108.0700000000038,
    "start_y": 52.22625000000062,
    "islake": 0,
    "lakeId": 0,
    "RATEACV": 0.0,
    "RATEBCV": 0.0,
    "lake_Vol": 0.0
  }
}