{
  "data": {
    "BotElev": 47.0,
    "Length": 17303.16635402341,
    "OBJECTID": null,
    "PFAF": "3151942",
    "PFAF_CODE": 315194200000.0,
    "PF_TYPE": 6,
    "Shape_Leng": 0.14000297612,
    "Slope": 0.010518306087815,
    "TopElev": 229.0,
    "Tosegment": 3026412,
    "end_x": -127.97958333333213,
    "end_y": 53.53541666666706,
    "flow_acc": 349.269,
    "seg_id": 3007338,
    "start_x": -127.85999999999882,
    "start_y": 53.49750000000057,
    "islake": 0,
    "lakeId": 0,
    "RATEACV": 0.0,
    "RATEBCV": 0.0,
    "lake_Vol": 0.0
  }
}