{
  "data": {
    "BotElev": 336.0,
    "Length": 1409.7919932333662,
    "OBJECTID": null,
    "PFAF": "3284442",
    "PFAF_CODE": 328444200000.0,
    "PF_TYPE": 6,
    "Shape_Leng": 0.02273794492,
    "Slope": 0.019151761486512,
    "TopElev": 363.0,
    "Tosegment": 3025138,
    "end_x": -105.98437500000011,
    "end_y": 59.52590277777779,
    "flow_acc": 351.824,
    "seg_id": 3007471,
    "start_x": -105.96250000000003,
    "start_y": 59.527986111111204,
    "islake": 0,
    "lakeId": 0,
    "RATEACV": 0.0,
    "RATEBCV": 0.0,
    "lake_Vol": 0.0
  }
}