{
  "data": {
    "BotElev": 669.0,
    "Length": 6312.610913583489,
    "OBJECTID": null,
    "PFAF": "3145422",
    "PFAF_CODE": 314542200000.0,
    "PF_TYPE": 6,
    "Shape_Leng": 0.05393275008,
    "Slope": 0.012197805480821,
    "TopElev": 746.0,
    "Tosegment": 3028089,
    "end_x": -122.102916666667,
    "end_y": 52.66541666666751,
    "flow_acc": 356.371,
    "seg_id": 3007744,
    "start_x": -122.11083333333369,
    "start_y": 52.629166666667345,
    "islake": 0,
    "lakeId": 0,
    "RATEACV": 0.0,
    "RATEBCV": 0.0,
    "lake_Vol": 0.0
  }
}