{
  "data": {
    "BotElev": 623.0,
    "Length": 8837.892225144242,
    "OBJECTID": null,
    "PFAF": "338986",
    "PFAF_CODE": 338986000000.0,
    "PF_TYPE": 5,
    "Shape_Leng": 0.09649705403,
    "Slope": 0.00226298301569,
    "TopElev": 643.0,
    "Tosegment": 3029541,
    "end_x": -111.01791666632107,
    "end_y": 55.122916667070626,
    "flow_acc": 354.598,
    "seg_id": 3007641,
    "start_x": -110.96250000027464,
    "start_y": 55.16958333340415,
    "islake": 0,
    "lakeId": 0,
    "RATEACV": 0.0,
    "RATEBCV": 0.0,
    "lake_Vol": 0.0
  }
}