{
  "data": {
    "BotElev": 8.0,
    "Length": 23242.35156229324,
    "OBJECTID": null,
    "PFAF": "31515943",
    "PFAF_CODE": 315159430000.0,
    "PF_TYPE": 6,
    "Shape_Leng": 0.2472373435,
    "Slope": 0.002710569101889,
    "TopElev": 71.0,
    "Tosegment": 3019514,
    "end_x": -127.33624999999893,
    "end_y": 51.730416666667736,
    "flow_acc": 359.923,
    "seg_id": 3007933,
    "start_x": -127.2099999999989,
    "start_y": 51.87583333333424,
    "islake": 0,
    "lakeId": 0,
    "RATEACV": 0.0,
    "RATEBCV": 0.0,
    "lake_Vol": 0.0
  }
}