{
  "data": {
    "BotElev": 639.0,
    "Length": 1296.6930414482154,
    "OBJECTID": null,
    "PFAF": "324956",
    "PFAF_CODE": 324956000000.0,
    "PF_TYPE": 5,
    "Shape_Leng": 0.01656197389,
    "Slope": 0.001542385079638,
    "TopElev": 641.0,
    "Tosegment": 3041924,
    "end_x": -128.93645833333335,
    "end_y": 60.10715277777791,
    "flow_acc": 349.607,
    "seg_id": 3007353,
    "start_x": -128.9291666666668,
    "start_y": 60.120694444444496,
    "islake": 0,
    "lakeId": 0,
    "RATEACV": 0.0,
    "RATEBCV": 0.0,
    "lake_Vol": 0.0
  }
}