{
  "data": {
    "BotElev": 640.0,
    "Length": 24327.055107805332,
    "OBJECTID": null,
    "PFAF": "324952",
    "PFAF_CODE": 324952000000.0,
    "PF_TYPE": 5,
    "Shape_Leng": 0.31356706939,
    "Slope": 0.002507496272347,
    "TopElev": 701.0,
    "Tosegment": 3042022,
    "end_x": -128.61562500000002,
    "end_y": 60.02173611111124,
    "flow_acc": 359.1,
    "seg_id": 3007891,
    "start_x": -128.89375000000013,
    "start_y": 59.959236111111125,
    "islake": 0,
    "lakeId": 0,
    "RATEACV": 0.0,
    "RATEBCV": 0.0,
    "lake_Vol": 0.0
  }
}