{
  "data": {
    "BotElev": 141.0,
    "Length": 25550.779513607617,
    "OBJECTID": null,
    "PFAF": "32562",
    "PFAF_CODE": 325620000000.0,
    "PF_TYPE": 4,
    "Shape_Leng": 0.35614530723,
    "Slope": -3.9137749182e-05,
    "TopElev": 140.0,
    "Tosegment": 3031220,
    "end_x": -119.55312500000008,
    "end_y": 61.21756944444451,
    "flow_acc": 358.844,
    "seg_id": 3007876,
    "start_x": -119.20000000000016,
    "start_y": 61.210277777777776,
    "islake": 0,
    "lakeId": 0,
    "RATEACV": 0.0,
    "RATEBCV": 0.0,
    "lake_Vol": 0.0
  }
}