{
  "data": {
    "BotElev": 296.0,
    "Length": 18913.633852654086,
    "OBJECTID": null,
    "PFAF": "323582",
    "PFAF_CODE": 323582000000.0,
    "PF_TYPE": 5,
    "Shape_Leng": 0.18986148678,
    "Slope": 0.003489546245537,
    "TopElev": 362.0,
    "Tosegment": 3033835,
    "end_x": -122.79895833333342,
    "end_y": 63.08631944444454,
    "flow_acc": 352.991,
    "seg_id": 3007543,
    "start_x": -122.65000000000003,
    "start_y": 63.02069444444447,
    "islake": 0,
    "lakeId": 0,
    "RATEACV": 0.0,
    "RATEBCV": 0.0,
    "lake_Vol": 0.0
  }
}