{
  "data": {
    "BotElev": 350.0,
    "Length": 8029.411714789162,
    "OBJECTID": null,
    "PFAF": "3382642",
    "PFAF_CODE": 338264200000.0,
    "PF_TYPE": 6,
    "Shape_Leng": 0.0636171829,
    "Slope": 0.001120879127847,
    "TopElev": 359.0,
    "Tosegment": 3029098,
    "end_x": -103.46291666667076,
    "end_y": 56.81041666639618,
    "flow_acc": 346.635,
    "seg_id": 3007180,
    "start_x": -103.4720833330793,
    "start_y": 56.7591666664087,
    "islake": 0,
    "lakeId": 0,
    "RATEACV": 0.0,
    "RATEBCV": 0.0,
    "lake_Vol": 0.0
  }
}