{
  "data": {
    "BotElev": 507.0,
    "Length": 24019.650438150937,
    "OBJECTID": null,
    "PFAF": "324444",
    "PFAF_CODE": 324444000000.0,
    "PF_TYPE": 5,
    "Shape_Leng": 0.309635191,
    "Slope": 0.005370602720975,
    "TopElev": 636.0,
    "Tosegment": 3024818,
    "end_x": -121.6239583333334,
    "end_y": 59.56340277777781,
    "flow_acc": 360.47,
    "seg_id": 3007963,
    "start_x": -121.87083333333345,
    "start_y": 59.47173611111111,
    "islake": 0,
    "lakeId": 0,
    "RATEACV": 0.0,
    "RATEBCV": 0.0,
    "lake_Vol": 0.0
  }
}