{
  "data": {
    "BotElev": 89.0,
    "Length": 6315.1141969734035,
    "OBJECTID": null,
    "PFAF": "323572",
    "PFAF_CODE": 323572000000.0,
    "PF_TYPE": 5,
    "Shape_Leng": 0.09638219993,
    "Slope": 0.013143071908308,
    "TopElev": 172.0,
    "Tosegment": 3045312,
    "end_x": -123.74062500000008,
    "end_y": 63.53423611111117,
    "flow_acc": 354.868,
    "seg_id": 3007655,
    "start_x": -123.65416666666681,
    "start_y": 63.55819444444455,
    "islake": 0,
    "lakeId": 0,
    "RATEACV": 0.0,
    "RATEBCV": 0.0,
    "lake_Vol": 0.0
  }
}