{
  "data": {
    "BotElev": 476.0,
    "Length": 3158.5596112478215,
    "OBJECTID": null,
    "PFAF": "349754",
    "PFAF_CODE": 349754000000.0,
    "PF_TYPE": 5,
    "Shape_Leng": 0.04168401273,
    "Slope": 0.003799200102878,
    "TopElev": 488.0,
    "Tosegment": 3042171,
    "end_x": -103.5770833333383,
    "end_y": 50.644583333334424,
    "flow_acc": 352.692,
    "seg_id": 3007522,
    "start_x": -103.61583333333823,
    "start_y": 50.639166666667734,
    "islake": 0,
    "lakeId": 0,
    "RATEACV": 0.0,
    "RATEBCV": 0.0,
    "lake_Vol": 0.0
  }
}