{
  "data": {
    "BotElev": 665.0,
    "Length": 15792.001859682983,
    "OBJECTID": null,
    "PFAF": "328862",
    "PFAF_CODE": 328862000000.0,
    "PF_TYPE": 5,
    "Shape_Leng": 0.18684117955,
    "Slope": 0.006648935387227,
    "TopElev": 770.0,
    "Tosegment": 3030872,
    "end_x": -115.31145833333346,
    "end_y": 55.06548611111123,
    "flow_acc": 354.644,
    "seg_id": 3007643,
    "start_x": -115.4645833333334,
    "start_y": 55.019652777777765,
    "islake": 0,
    "lakeId": 0,
    "RATEACV": 0.0,
    "RATEBCV": 0.0,
    "lake_Vol": 0.0
  }
}