{
  "data": {
    "BotElev": 623.0,
    "Length": 5164.179599403013,
    "OBJECTID": null,
    "PFAF": "3424412092",
    "PFAF_CODE": 342441209200.0,
    "PF_TYPE": 9,
    "Shape_Leng": 0.03324239414,
    "Slope": 0.000193641599939,
    "TopElev": 624.0,
    "Tosegment": -9999,
    "end_x": -107.96375000000387,
    "end_y": 51.968750000000796,
    "flow_acc": 355.232,
    "seg_id": 3007674,
    "start_x": -107.98750000000382,
    "start_y": 51.991666666667356,
    "islake": 0,
    "lakeId": 0,
    "RATEACV": 0.0,
    "RATEBCV": 0.0,
    "lake_Vol": 0.0
  }
}