{
  "data": {
    "BotElev": 415.0,
    "Length": 22447.343120695634,
    "OBJECTID": null,
    "PFAF": "326984",
    "PFAF_CODE": 326984000000.0,
    "PF_TYPE": 5,
    "Shape_Leng": 0.3620505651,
    "Slope": 0.000445487020278,
    "TopElev": 425.0,
    "Tosegment": 3027269,
    "end_x": -111.39895833333344,
    "end_y": 64.16340277777772,
    "flow_acc": 356.933,
    "seg_id": 3007776,
    "start_x": -111.74375000000009,
    "start_y": 64.15090277777784,
    "islake": 0,
    "lakeId": 0,
    "RATEACV": 0.0,
    "RATEBCV": 0.0,
    "lake_Vol": 0.0
  }
}