{
  "data": {
    "BotElev": 260.0,
    "Length": 21403.473366971528,
    "OBJECTID": null,
    "PFAF": "3349314",
    "PFAF_CODE": 334931400000.0,
    "PF_TYPE": 6,
    "Shape_Leng": 0.18325404064,
    "Slope": 0.000747542220166,
    "TopElev": 276.0,
    "Tosegment": 3040769,
    "end_x": -106.63437499970632,
    "end_y": 65.30923611115765,
    "flow_acc": 355.099,
    "seg_id": 3007669,
    "start_x": -106.6166666669331,
    "start_y": 65.44986111110154,
    "islake": 0,
    "lakeId": 0,
    "RATEACV": 0.0,
    "RATEBCV": 0.0,
    "lake_Vol": 0.0
  }
}