{
  "data": {
    "BotElev": 677.0,
    "Length": 23634.82229138617,
    "OBJECTID": null,
    "PFAF": "3149222",
    "PFAF_CODE": 314922200000.0,
    "PF_TYPE": 6,
    "Shape_Leng": 0.24541245781,
    "Slope": 0.002623247987043,
    "TopElev": 739.0,
    "Tosegment": 3029513,
    "end_x": -125.25541666666606,
    "end_y": 54.10791666666688,
    "flow_acc": 351.965,
    "seg_id": 3007479,
    "start_x": -125.46416666666607,
    "start_y": 54.085416666667015,
    "islake": 0,
    "lakeId": 0,
    "RATEACV": 0.0,
    "RATEBCV": 0.0,
    "lake_Vol": 0.0
  }
}