{
  "data": {
    "BotElev": 624.0,
    "Length": 14271.82704723664,
    "OBJECTID": null,
    "PFAF": "328952",
    "PFAF_CODE": 328952000000.0,
    "PF_TYPE": 5,
    "Shape_Leng": 0.16700614772,
    "Slope": 0.003713610025162,
    "TopElev": 677.0,
    "Tosegment": 3042031,
    "end_x": -115.00937500000015,
    "end_y": 54.25923611111125,
    "flow_acc": 356.247,
    "seg_id": 3007732,
    "start_x": -115.16041666666678,
    "start_y": 54.24361111111108,
    "islake": 0,
    "lakeId": 0,
    "RATEACV": 0.0,
    "RATEBCV": 0.0,
    "lake_Vol": 0.0
  }
}