{
  "data": {
    "BotElev": 140.0,
    "Length": 6814.318444517152,
    "OBJECTID": null,
    "PFAF": "3365952",
    "PFAF_CODE": 336595200000.0,
    "PF_TYPE": 6,
    "Shape_Leng": 0.0488229771,
    "Slope": 0.0,
    "TopElev": 140.0,
    "Tosegment": 3042759,
    "end_x": -103.69687500018108,
    "end_y": 64.21548611109523,
    "flow_acc": 356.068,
    "seg_id": 3007723,
    "start_x": -103.67708333302932,
    "start_y": 64.17486111095155,
    "islake": 0,
    "lakeId": 0,
    "RATEACV": 0.0,
    "RATEBCV": 0.0,
    "lake_Vol": 0.0
  }
}