{
  "data": {
    "BotElev": 1040.0,
    "Length": 14185.415085607123,
    "OBJECTID": null,
    "PFAF": "31894995",
    "PFAF_CODE": 318949950000.0,
    "PF_TYPE": 4,
    "Shape_Leng": 0.19770202004,
    "Slope": 0.002537817877217,
    "TopElev": 1076.0,
    "Tosegment": 3019450,
    "end_x": -129.81562499999995,
    "end_y": 62.5259027777779,
    "flow_acc": 350.115,
    "seg_id": 3007373,
    "start_x": -129.70833333333337,
    "start_y": 62.634236111111306,
    "islake": 0,
    "lakeId": 0,
    "RATEACV": 0.0,
    "RATEBCV": 0.0,
    "lake_Vol": 0.0
  }
}