{
  "data": {
    "BotElev": 793.0,
    "Length": 14547.68557153561,
    "OBJECTID": null,
    "PFAF": "31894225",
    "PFAF_CODE": 318942250000.0,
    "PF_TYPE": 6,
    "Shape_Leng": 0.1667840608,
    "Slope": -0.000206218369599,
    "TopElev": 790.0,
    "Tosegment": 3027258,
    "end_x": -134.77604166666663,
    "end_y": 63.20090277777774,
    "flow_acc": 354.573,
    "seg_id": 3007640,
    "start_x": -134.93124999999998,
    "start_y": 63.22590277777789,
    "islake": 0,
    "lakeId": 0,
    "RATEACV": 0.0,
    "RATEBCV": 0.0,
    "lake_Vol": 0.0
  }
}