{
  "data": {
    "BotElev": 750.0,
    "Length": 10025.614353772546,
    "OBJECTID": null,
    "PFAF": "3289722",
    "PFAF_CODE": 328972200000.0,
    "PF_TYPE": 6,
    "Shape_Leng": 0.1079579274,
    "Slope": 0.005585692609344,
    "TopElev": 806.0,
    "Tosegment": 3025483,
    "end_x": -115.80312500000014,
    "end_y": 54.22173611111111,
    "flow_acc": 346.299,
    "seg_id": 3007158,
    "start_x": -115.73750000000007,
    "start_y": 54.27486111111125,
    "islake": 0,
    "lakeId": 0,
    "RATEACV": 0.0,
    "RATEBCV": 0.0,
    "lake_Vol": 0.0
  }
}