{
  "data": {
    "BotElev": 482.0,
    "Length": 18830.16327729707,
    "OBJECTID": null,
    "PFAF": "3389712",
    "PFAF_CODE": 338971200000.0,
    "PF_TYPE": 6,
    "Shape_Leng": 0.14638876855,
    "Slope": 0.002230463930742,
    "TopElev": 524.0,
    "Tosegment": 3040434,
    "end_x": -109.68208333307928,
    "end_y": 54.29541666674595,
    "flow_acc": 353.059,
    "seg_id": 3007550,
    "start_x": -109.78458333305434,
    "start_y": 54.37250000007509,
    "islake": 0,
    "lakeId": 0,
    "RATEACV": 0.0,
    "RATEBCV": 0.0,
    "lake_Vol": 0.0
  }
}