{
  "data": {
    "BotElev": 1021.0,
    "Length": 4446.698746126434,
    "OBJECTID": null,
    "PFAF": "3129722",
    "PFAF_CODE": 312972200000.0,
    "PF_TYPE": 6,
    "Shape_Leng": 0.02840990258,
    "Slope": 0.012368726360856,
    "TopElev": 1076.0,
    "Tosegment": 3028107,
    "end_x": -115.22541666666882,
    "end_y": 49.653750000001594,
    "flow_acc": 371.262,
    "seg_id": 3008517,
    "start_x": -115.2333333333354,
    "start_y": 49.67750000000166,
    "islake": 0,
    "lakeId": 0,
    "RATEACV": 0.0,
    "RATEBCV": 0.0,
    "lake_Vol": 0.0
  }
}