{
  "data": {
    "BotElev": 1002.0,
    "Length": 21845.893930822036,
    "OBJECTID": null,
    "PFAF": "3154642",
    "PFAF_CODE": 315464200000.0,
    "PF_TYPE": 6,
    "Shape_Leng": 0.20877032218,
    "Slope": 0.006774728489878,
    "TopElev": 1150.0,
    "Tosegment": 3022007,
    "end_x": -129.35458333333168,
    "end_y": 57.52458333333277,
    "flow_acc": 373.52,
    "seg_id": 3008641,
    "start_x": -129.1658333333317,
    "start_y": 57.49124999999958,
    "islake": 0,
    "lakeId": 0,
    "RATEACV": 0.0,
    "RATEBCV": 0.0,
    "lake_Vol": 0.0
  }
}