{
  "data": {
    "BotElev": 391.0,
    "Length": 22631.826532984698,
    "OBJECTID": null,
    "PFAF": "32764654",
    "PFAF_CODE": 327646540000.0,
    "PF_TYPE": 7,
    "Shape_Leng": 0.25523373606,
    "Slope": 0.000927896825711,
    "TopElev": 412.0,
    "Tosegment": 3035655,
    "end_x": -108.59479166666677,
    "end_y": 60.68840277777787,
    "flow_acc": 371.331,
    "seg_id": 3008521,
    "start_x": -108.39375000000001,
    "start_y": 60.619652777777844,
    "islake": 0,
    "lakeId": 0,
    "RATEACV": 0.0,
    "RATEBCV": 0.0,
    "lake_Vol": 0.0
  }
}