{
  "data": {
    "BotElev": 361.0,
    "Length": 17954.609931411855,
    "OBJECTID": null,
    "PFAF": "334974",
    "PFAF_CODE": 334974000000.0,
    "PF_TYPE": 5,
    "Shape_Leng": 0.14625954462,
    "Slope": 0.000389872017646,
    "TopElev": 368.0,
    "Tosegment": 3037275,
    "end_x": -108.34895833336037,
    "end_y": 64.92590277799098,
    "flow_acc": 380.025,
    "seg_id": 3008968,
    "start_x": -108.44166666688312,
    "start_y": 65.02277777757251,
    "islake": 0,
    "lakeId": 0,
    "RATEACV": 0.0,
    "RATEBCV": 0.0,
    "lake_Vol": 0.0
  }
}