{
  "data": {
    "BotElev": 579.0,
    "Length": 12972.793382652819,
    "OBJECTID": null,
    "PFAF": "3389293",
    "PFAF_CODE": 338929300000.0,
    "PF_TYPE": 4,
    "Shape_Leng": 0.0934742067,
    "Slope": 0.001310434807567,
    "TopElev": 596.0,
    "Tosegment": 3023477,
    "end_x": -107.53708333322913,
    "end_y": 53.40791666672095,
    "flow_acc": 375.936,
    "seg_id": 3008778,
    "start_x": -107.5362499998376,
    "start_y": 53.33083333339181,
    "islake": 0,
    "lakeId": 0,
    "RATEACV": 0.0,
    "RATEBCV": 0.0,
    "lake_Vol": 0.0
  }
}