{
  "data": {
    "BotElev": 295.0,
    "Length": 20479.340629913968,
    "OBJECTID": null,
    "PFAF": "3364422",
    "PFAF_CODE": 336442200000.0,
    "PF_TYPE": 6,
    "Shape_Leng": 0.18426504537,
    "Slope": -4.8829697111e-05,
    "TopElev": 294.0,
    "Tosegment": 3026371,
    "end_x": -103.14895833296055,
    "end_y": 62.50506944439945,
    "flow_acc": 371.66,
    "seg_id": 3008537,
    "start_x": -103.2395833330043,
    "start_y": 62.61236111137629,
    "islake": 0,
    "lakeId": 0,
    "RATEACV": 0.0,
    "RATEBCV": 0.0,
    "lake_Vol": 0.0
  }
}