{
  "data": {
    "BotElev": 1.0,
    "Length": 23773.636470265326,
    "OBJECTID": null,
    "PFAF": "3199914",
    "PFAF_CODE": 319991400000.0,
    "PF_TYPE": 6,
    "Shape_Leng": 0.37707281118,
    "Slope": 0.007192841541675,
    "TopElev": 172.0,
    "Tosegment": -9999,
    "end_x": -138.74479166666674,
    "end_y": 69.34986111111112,
    "flow_acc": 370.193,
    "seg_id": 3008457,
    "start_x": -138.97500000000008,
    "start_y": 69.13006944444442,
    "islake": 0,
    "lakeId": 0,
    "RATEACV": 0.0,
    "RATEBCV": 0.0,
    "lake_Vol": 0.0
  }
}