{
  "data": {
    "BotElev": 143.0,
    "Length": 31984.081991312247,
    "OBJECTID": null,
    "PFAF": "325794",
    "PFAF_CODE": 325794000000.0,
    "PF_TYPE": 5,
    "Shape_Leng": 0.23748203756,
    "Slope": 0.001063028790673,
    "TopElev": 177.0,
    "Tosegment": 3045221,
    "end_x": -118.35937500000006,
    "end_y": 61.43631944444445,
    "flow_acc": 371.301,
    "seg_id": 3008519,
    "start_x": -118.41041666666666,
    "start_y": 61.64777777777789,
    "islake": 0,
    "lakeId": 0,
    "RATEACV": 0.0,
    "RATEBCV": 0.0,
    "lake_Vol": 0.0
  }
}