{
  "data": {
    "BotElev": 507.0,
    "Length": 20011.961609731123,
    "OBJECTID": null,
    "PFAF": "324445",
    "PFAF_CODE": 324445000000.0,
    "PF_TYPE": 4,
    "Shape_Leng": 0.217881794,
    "Slope": 0.0036977884249,
    "TopElev": 581.0,
    "Tosegment": 3024818,
    "end_x": -121.6239583333334,
    "end_y": 59.56340277777781,
    "flow_acc": 366.834,
    "seg_id": 3008295,
    "start_x": -121.79479166666681,
    "start_y": 59.568611111111125,
    "islake": 0,
    "lakeId": 0,
    "RATEACV": 0.0,
    "RATEBCV": 0.0,
    "lake_Vol": 0.0
  }
}