{
  "data": {
    "BotElev": 272.0,
    "Length": 2385.5576184148235,
    "OBJECTID": null,
    "PFAF": "3221295",
    "PFAF_CODE": 322129500000.0,
    "PF_TYPE": 4,
    "Shape_Leng": 0.03977475644,
    "Slope": 0.000419189204352,
    "TopElev": 273.0,
    "Tosegment": 3018957,
    "end_x": -125.4489583333334,
    "end_y": 65.52173611111107,
    "flow_acc": 365.328,
    "seg_id": 3008221,
    "start_x": -125.42083333333335,
    "start_y": 65.54986111111111,
    "islake": 0,
    "lakeId": 0,
    "RATEACV": 0.0,
    "RATEBCV": 0.0,
    "lake_Vol": 0.0
  }
}