{
  "data": {
    "BotElev": 156.0,
    "Length": 200633.66626354764,
    "OBJECTID": null,
    "PFAF": "32278",
    "PFAF_CODE": 322780000000.0,
    "PF_TYPE": 4,
    "Shape_Leng": 3.46651334765,
    "Slope": 4.4857875389e-05,
    "TopElev": 165.0,
    "Tosegment": 3041677,
    "end_x": -120.99895833333346,
    "end_y": 66.27173611111107,
    "flow_acc": 368.623,
    "seg_id": 3008372,
    "start_x": -117.59375000000006,
    "start_y": 66.34465277777787,
    "islake": 0,
    "lakeId": 0,
    "RATEACV": 0.0,
    "RATEBCV": 0.0,
    "lake_Vol": 0.0
  }
}