{
  "data": {
    "BotElev": 833.0,
    "Length": 26318.921839791932,
    "OBJECTID": null,
    "PFAF": "31894942",
    "PFAF_CODE": 318949420000.0,
    "PF_TYPE": 7,
    "Shape_Leng": 0.28239109836,
    "Slope": 0.003381597488748,
    "TopElev": 922.0,
    "Tosegment": 3023665,
    "end_x": -131.11979166666657,
    "end_y": 61.757152777777776,
    "flow_acc": 371.092,
    "seg_id": 3008500,
    "start_x": -130.86458333333348,
    "start_y": 61.708194444444416,
    "islake": 0,
    "lakeId": 0,
    "RATEACV": 0.0,
    "RATEBCV": 0.0,
    "lake_Vol": 0.0
  }
}