{
  "data": {
    "BotElev": 1338.0,
    "Length": 18006.259492595433,
    "OBJECTID": null,
    "PFAF": "3426972",
    "PFAF_CODE": 342697200000.0,
    "PF_TYPE": 6,
    "Shape_Leng": 0.17113242533,
    "Slope": 0.007719537756143,
    "TopElev": 1477.0,
    "Tosegment": 3032125,
    "end_x": -115.08708333333527,
    "end_y": 51.635416666667425,
    "flow_acc": 375.121,
    "seg_id": 3008732,
    "start_x": -115.170000000002,
    "start_y": 51.55083333333414,
    "islake": 0,
    "lakeId": 0,
    "RATEACV": 0.0,
    "RATEBCV": 0.0,
    "lake_Vol": 0.0
  }
}