{
  "data": {
    "BotElev": 364.0,
    "Length": 12099.894678223924,
    "OBJECTID": null,
    "PFAF": "3364663",
    "PFAF_CODE": 336466300000.0,
    "PF_TYPE": 5,
    "Shape_Leng": 0.09962459542,
    "Slope": 0.00123968021201,
    "TopElev": 379.0,
    "Tosegment": 3026367,
    "end_x": -104.43437499960646,
    "end_y": 61.60090277744132,
    "flow_acc": 373.342,
    "seg_id": 3008632,
    "start_x": -104.45208333327912,
    "start_y": 61.67277777797216,
    "islake": 0,
    "lakeId": 0,
    "RATEACV": 0.0,
    "RATEBCV": 0.0,
    "lake_Vol": 0.0
  }
}