{
  "data": {
    "BotElev": 553.0,
    "Length": 15378.161180124,
    "OBJECTID": null,
    "PFAF": "3389963",
    "PFAF_CODE": 338996300000.0,
    "PF_TYPE": 5,
    "Shape_Leng": 0.15609773311,
    "Slope": 0.000130054560918,
    "TopElev": 555.0,
    "Tosegment": 3025472,
    "end_x": -111.97041666639592,
    "end_y": 54.66541666654598,
    "flow_acc": 380.565,
    "seg_id": 3008998,
    "start_x": -111.8841666666583,
    "start_y": 54.72583333294193,
    "islake": 0,
    "lakeId": 0,
    "RATEACV": 0.0,
    "RATEBCV": 0.0,
    "lake_Vol": 0.0
  }
}