{
  "data": {
    "BotElev": 83.0,
    "Length": 11180.796858142468,
    "OBJECTID": null,
    "PFAF": "322152",
    "PFAF_CODE": 322152000000.0,
    "PF_TYPE": 5,
    "Shape_Leng": 0.14804676217,
    "Slope": 0.007065686015256,
    "TopElev": 162.0,
    "Tosegment": 3044245,
    "end_x": -124.67395833333342,
    "end_y": 65.04465277777786,
    "flow_acc": 374.574,
    "seg_id": 3008705,
    "start_x": -124.5770833333334,
    "start_y": 65.10611111111109,
    "islake": 0,
    "lakeId": 0,
    "RATEACV": 0.0,
    "RATEBCV": 0.0,
    "lake_Vol": 0.0
  }
}