{
  "data": {
    "BotElev": 837.0,
    "Length": 917.1265390694144,
    "OBJECTID": null,
    "PFAF": "3247222",
    "PFAF_CODE": 324722200000.0,
    "PF_TYPE": 6,
    "Shape_Leng": 0.01232127826,
    "Slope": -0.015265069108354,
    "TopElev": 823.0,
    "Tosegment": 3031318,
    "end_x": -125.60937500000006,
    "end_y": 60.03006944444451,
    "flow_acc": 372.455,
    "seg_id": 3008588,
    "start_x": -125.6208333333334,
    "start_y": 60.02798611111109,
    "islake": 0,
    "lakeId": 0,
    "RATEACV": 0.0,
    "RATEBCV": 0.0,
    "lake_Vol": 0.0
  }
}