{
  "data": {
    "BotElev": 352.0,
    "Length": 389.5026723406469,
    "OBJECTID": null,
    "PFAF": "3364293",
    "PFAF_CODE": 336429300000.0,
    "PF_TYPE": 4,
    "Shape_Leng": 0.00441941706,
    "Slope": 0.0,
    "TopElev": 352.0,
    "Tosegment": 3020031,
    "end_x": -102.5010416668394,
    "end_y": 61.200902777341355,
    "flow_acc": 371.91,
    "seg_id": 3008549,
    "start_x": -102.50416666705797,
    "start_y": 61.1977777780221,
    "islake": 0,
    "lakeId": 0,
    "RATEACV": 0.0,
    "RATEBCV": 0.0,
    "lake_Vol": 0.0
  }
}