{
  "data": {
    "BotElev": 9.0,
    "Length": 15889.914291574763,
    "OBJECTID": null,
    "PFAF": "3337354",
    "PFAF_CODE": 333735400000.0,
    "PF_TYPE": 6,
    "Shape_Leng": 0.27947548144,
    "Slope": 0.00056639701353,
    "TopElev": 18.0,
    "Tosegment": -9999,
    "end_x": -107.58958333330418,
    "end_y": 68.66236111097658,
    "flow_acc": 365.341,
    "seg_id": 3008222,
    "start_x": -107.39583333324168,
    "start_y": 68.65298611122012,
    "islake": 0,
    "lakeId": 0,
    "RATEACV": 0.0,
    "RATEBCV": 0.0,
    "lake_Vol": 0.0
  }
}