{
  "data": {
    "BotElev": 384.0,
    "Length": 16185.816868273329,
    "OBJECTID": null,
    "PFAF": "314516",
    "PFAF_CODE": 314516000000.0,
    "PF_TYPE": 5,
    "Shape_Leng": 0.13853851002,
    "Slope": 0.023353779613122,
    "TopElev": 762.0,
    "Tosegment": 3044047,
    "end_x": -122.28375000000023,
    "end_y": 52.11208333333428,
    "flow_acc": 392.982,
    "seg_id": 3009630,
    "start_x": -122.39416666666682,
    "start_y": 52.13916666666762,
    "islake": 0,
    "lakeId": 0,
    "RATEACV": 0.0,
    "RATEBCV": 0.0,
    "lake_Vol": 0.0
  }
}