{
  "data": {
    "BotElev": 571.0,
    "Length": 18282.475384193738,
    "OBJECTID": null,
    "PFAF": "31894142",
    "PFAF_CODE": 318941420000.0,
    "PF_TYPE": 7,
    "Shape_Leng": 0.21385048391,
    "Slope": 0.006399571039552,
    "TopElev": 688.0,
    "Tosegment": 3027500,
    "end_x": -136.1114583333333,
    "end_y": 62.60090277777772,
    "flow_acc": 382.256,
    "seg_id": 3009089,
    "start_x": -136.0333333333333,
    "start_y": 62.52694444444444,
    "islake": 0,
    "lakeId": 0,
    "RATEACV": 0.0,
    "RATEBCV": 0.0,
    "lake_Vol": 0.0
  }
}