{
  "data": {
    "BotElev": 240.0,
    "Length": 14540.015072845317,
    "OBJECTID": null,
    "PFAF": "327944",
    "PFAF_CODE": 327944000000.0,
    "PF_TYPE": 5,
    "Shape_Leng": 0.12419312161,
    "Slope": 0.001856944429887,
    "TopElev": 267.0,
    "Tosegment": 3033516,
    "end_x": -111.00520833333343,
    "end_y": 59.869652777777844,
    "flow_acc": 385.565,
    "seg_id": 3009262,
    "start_x": -110.92083333333346,
    "start_y": 59.8071527777779,
    "islake": 0,
    "lakeId": 0,
    "RATEACV": 0.0,
    "RATEBCV": 0.0,
    "lake_Vol": 0.0
  }
}