{
  "data": {
    "BotElev": 561.0,
    "Length": 11408.611879572449,
    "OBJECTID": null,
    "PFAF": "349964",
    "PFAF_CODE": 349964000000.0,
    "PF_TYPE": 5,
    "Shape_Leng": 0.11520517669,
    "Slope": 0.002804898644795,
    "TopElev": 593.0,
    "Tosegment": 3030493,
    "end_x": -106.03291666667099,
    "end_y": 50.558750000001055,
    "flow_acc": 386.145,
    "seg_id": 3009292,
    "start_x": -106.12250000000427,
    "start_y": 50.54166666666788,
    "islake": 0,
    "lakeId": 0,
    "RATEACV": 0.0,
    "RATEBCV": 0.0,
    "lake_Vol": 0.0
  }
}