{
  "data": {
    "BotElev": 312.0,
    "Length": 30047.580390974552,
    "OBJECTID": null,
    "PFAF": "322296",
    "PFAF_CODE": 322296000000.0,
    "PF_TYPE": 5,
    "Shape_Leng": 0.29814619387,
    "Slope": 0.000366086049421,
    "TopElev": 323.0,
    "Tosegment": 3033031,
    "end_x": -120.25520833333337,
    "end_y": 64.05506944444454,
    "flow_acc": 398.371,
    "seg_id": 3009908,
    "start_x": -120.36041666666671,
    "start_y": 64.18215277777784,
    "islake": 0,
    "lakeId": 0,
    "RATEACV": 0.0,
    "RATEBCV": 0.0,
    "lake_Vol": 0.0
  }
}