{
  "data": {
    "BotElev": 428.0,
    "Length": 23316.31255847374,
    "OBJECTID": null,
    "PFAF": "3186986",
    "PFAF_CODE": 318698600000.0,
    "PF_TYPE": 6,
    "Shape_Leng": 0.3631482983,
    "Slope": 0.004589061830925,
    "TopElev": 535.0,
    "Tosegment": 3028804,
    "end_x": -139.31979166666673,
    "end_y": 66.56548611111123,
    "flow_acc": 387.008,
    "seg_id": 3009336,
    "start_x": -139.63958333333346,
    "start_y": 66.47381944444453,
    "islake": 0,
    "lakeId": 0,
    "RATEACV": 0.0,
    "RATEBCV": 0.0,
    "lake_Vol": 0.0
  }
}