{
  "data": {
    "BotElev": 521.0,
    "Length": 7249.109701402437,
    "OBJECTID": null,
    "PFAF": "349893062",
    "PFAF_CODE": 349893062000.0,
    "PF_TYPE": 8,
    "Shape_Leng": 0.08145728112,
    "Slope": 0.000827687846804,
    "TopElev": 527.0,
    "Tosegment": 3026174,
    "end_x": -104.96125000000461,
    "end_y": 52.463750000000516,
    "flow_acc": 383.63,
    "seg_id": 3009156,
    "start_x": -105.02750000000452,
    "start_y": 52.449166666667224,
    "islake": 0,
    "lakeId": 0,
    "RATEACV": 0.0,
    "RATEBCV": 0.0,
    "lake_Vol": 0.0
  }
}