{
  "data": {
    "BotElev": 287.0,
    "Length": 1737.4080338612064,
    "OBJECTID": null,
    "PFAF": "3154323",
    "PFAF_CODE": 315432300000.0,
    "PF_TYPE": 5,
    "Shape_Leng": 0.02729061445,
    "Slope": 0.016691530967283,
    "TopElev": 316.0,
    "Tosegment": 3025349,
    "end_x": -131.3754166666646,
    "end_y": 57.23458333333292,
    "flow_acc": 381.289,
    "seg_id": 3009039,
    "start_x": -131.35749999999786,
    "start_y": 57.25249999999943,
    "islake": 0,
    "lakeId": 0,
    "RATEACV": 0.0,
    "RATEBCV": 0.0,
    "lake_Vol": 0.0
  }
}