{
  "data": {
    "BotElev": 436.0,
    "Length": 21714.573801408584,
    "OBJECTID": null,
    "PFAF": "3334582",
    "PFAF_CODE": 333458200000.0,
    "PF_TYPE": 6,
    "Shape_Leng": 0.29194481989,
    "Slope": 4.6052020599e-05,
    "TopElev": 437.0,
    "Tosegment": 3030158,
    "end_x": -114.484375000206,
    "end_y": 65.046736110783,
    "flow_acc": 382.358,
    "seg_id": 3009095,
    "start_x": -114.70625000043702,
    "start_y": 65.1019444443807,
    "islake": 0,
    "lakeId": 0,
    "RATEACV": 0.0,
    "RATEBCV": 0.0,
    "lake_Vol": 0.0
  }
}