{
  "data": {
    "BotElev": 423.0,
    "Length": 24339.01072307468,
    "OBJECTID": null,
    "PFAF": "3284892",
    "PFAF_CODE": 328489200000.0,
    "PF_TYPE": 6,
    "Shape_Leng": 0.29491650109,
    "Slope": 0.001972142604567,
    "TopElev": 471.0,
    "Tosegment": 3033624,
    "end_x": -104.62812500000013,
    "end_y": 58.28423611111111,
    "flow_acc": 383.767,
    "seg_id": 3009170,
    "start_x": -104.84583333333342,
    "start_y": 58.137361111111204,
    "islake": 0,
    "lakeId": 0,
    "RATEACV": 0.0,
    "RATEBCV": 0.0,
    "lake_Vol": 0.0
  }
}