{
  "data": {
    "BotElev": 263.0,
    "Length": 44051.252290901146,
    "OBJECTID": null,
    "PFAF": "3274222",
    "PFAF_CODE": 327422200000.0,
    "PF_TYPE": 6,
    "Shape_Leng": 0.38462248964,
    "Slope": 0.000976135700208,
    "TopElev": 306.0,
    "Tosegment": 3037553,
    "end_x": -115.42604166666678,
    "end_y": 60.1821527777779,
    "flow_acc": 390.118,
    "seg_id": 3009487,
    "start_x": -115.34166666666675,
    "start_y": 59.94569444444454,
    "islake": 0,
    "lakeId": 0,
    "RATEACV": 0.0,
    "RATEBCV": 0.0,
    "lake_Vol": 0.0
  }
}