{
  "data": {
    "BotElev": 690.0,
    "Length": 13634.959054006322,
    "OBJECTID": null,
    "PFAF": "3424476",
    "PFAF_CODE": 342447600000.0,
    "PF_TYPE": 6,
    "Shape_Leng": 0.12718740973,
    "Slope": 0.003153658168659,
    "TopElev": 733.0,
    "Tosegment": 3035779,
    "end_x": -113.1179166666692,
    "end_y": 52.976250000000505,
    "flow_acc": 395.449,
    "seg_id": 3009745,
    "start_x": -113.0604166666692,
    "start_y": 53.065833333333785,
    "islake": 0,
    "lakeId": 0,
    "RATEACV": 0.0,
    "RATEBCV": 0.0,
    "lake_Vol": 0.0
  }
}