{
  "data": {
    "BotElev": 81.0,
    "Length": 10681.476531997165,
    "OBJECTID": null,
    "PFAF": "3154223",
    "PFAF_CODE": 315422300000.0,
    "PF_TYPE": 5,
    "Shape_Leng": 0.1314970538,
    "Slope": 0.006085301016698,
    "TopElev": 146.0,
    "Tosegment": 3019938,
    "end_x": -131.13708333333125,
    "end_y": 56.61874999999975,
    "flow_acc": 394.121,
    "seg_id": 3009686,
    "start_x": -131.2324999999978,
    "start_y": 56.562083333332964,
    "islake": 0,
    "lakeId": 0,
    "RATEACV": 0.0,
    "RATEBCV": 0.0,
    "lake_Vol": 0.0
  }
}