{
  "data": {
    "BotElev": 318.0,
    "Length": 17122.751383176073,
    "OBJECTID": null,
    "PFAF": "3332796",
    "PFAF_CODE": 333279600000.0,
    "PF_TYPE": 6,
    "Shape_Leng": 0.26356707094,
    "Slope": 0.001109634752898,
    "TopElev": 337.0,
    "Tosegment": 3037424,
    "end_x": -122.85520833359766,
    "end_y": 67.72798611127007,
    "flow_acc": 394.173,
    "seg_id": 3009692,
    "start_x": -123.01666666653341,
    "start_y": 67.65506944399971,
    "islake": 0,
    "lakeId": 0,
    "RATEACV": 0.0,
    "RATEBCV": 0.0,
    "lake_Vol": 0.0
  }
}