{
  "data": {
    "BotElev": 429.0,
    "Length": 15192.38087824969,
    "OBJECTID": null,
    "PFAF": "3128132",
    "PFAF_CODE": 312813200000.0,
    "PF_TYPE": 6,
    "Shape_Leng": 0.17498352562,
    "Slope": 0.015007522640932,
    "TopElev": 657.0,
    "Tosegment": 3041744,
    "end_x": -118.04958333333474,
    "end_y": 50.81875000000116,
    "flow_acc": 398.437,
    "seg_id": 3009914,
    "start_x": -117.91416666666811,
    "start_y": 50.883750000001214,
    "islake": 0,
    "lakeId": 0,
    "RATEACV": 0.0,
    "RATEBCV": 0.0,
    "lake_Vol": 0.0
  }
}