{
  "data": {
    "BotElev": 380.0,
    "Length": 4119.984479173481,
    "OBJECTID": null,
    "PFAF": "31866627",
    "PFAF_CODE": 318666270000.0,
    "PF_TYPE": 6,
    "Shape_Leng": 0.06584708691,
    "Slope": 0.004368948497498,
    "TopElev": 398.0,
    "Tosegment": 3021845,
    "end_x": -138.8093750000001,
    "end_y": 68.36965277777773,
    "flow_acc": 391.986,
    "seg_id": 3009589,
    "start_x": -138.7520833333333,
    "start_y": 68.38319444444448,
    "islake": 0,
    "lakeId": 0,
    "RATEACV": 0.0,
    "RATEBCV": 0.0,
    "lake_Vol": 0.0
  }
}