{
  "data": {
    "BotElev": 10.0,
    "Length": 9602.154761667201,
    "OBJECTID": null,
    "PFAF": "333722",
    "PFAF_CODE": 333722000000.0,
    "PF_TYPE": 5,
    "Shape_Leng": 0.12361359012,
    "Slope": 0.011976478494087,
    "TopElev": 125.0,
    "Tosegment": 3035393,
    "end_x": -107.03437499980629,
    "end_y": 66.2550694440996,
    "flow_acc": 386.65,
    "seg_id": 3009315,
    "start_x": -107.122916666371,
    "start_y": 66.2498611113013,
    "islake": 0,
    "lakeId": 0,
    "RATEACV": 0.0,
    "RATEBCV": 0.0,
    "lake_Vol": 0.0
  }
}