{
  "data": {
    "BotElev": 343.0,
    "Length": 22099.149872062448,
    "OBJECTID": null,
    "PFAF": "3333683",
    "PFAF_CODE": 333368300000.0,
    "PF_TYPE": 5,
    "Shape_Leng": 0.33435177875,
    "Slope": 0.002217279862966,
    "TopElev": 392.0,
    "Tosegment": 3020083,
    "end_x": -119.09479166650215,
    "end_y": 67.70923611085789,
    "flow_acc": 404.478,
    "seg_id": 3010157,
    "start_x": -119.35416666665827,
    "start_y": 67.61652777733514,
    "islake": 0,
    "lakeId": 0,
    "RATEACV": 0.0,
    "RATEBCV": 0.0,
    "lake_Vol": 0.0
  }
}