{
  "data": {
    "BotElev": 212.0,
    "Length": 22572.860073958956,
    "OBJECTID": null,
    "PFAF": "323546",
    "PFAF_CODE": 323546000000.0,
    "PF_TYPE": 5,
    "Shape_Leng": 0.23253915631,
    "Slope": 0.002303651368485,
    "TopElev": 264.0,
    "Tosegment": 3035679,
    "end_x": -123.04062500000003,
    "end_y": 63.83423611111118,
    "flow_acc": 415.843,
    "seg_id": 3010666,
    "start_x": -122.87083333333334,
    "start_y": 63.74361111111119,
    "islake": 0,
    "lakeId": 0,
    "RATEACV": 0.0,
    "RATEBCV": 0.0,
    "lake_Vol": 0.0
  }
}