{
  "data": {
    "BotElev": 196.0,
    "Length": 13174.942800712251,
    "OBJECTID": null,
    "PFAF": "3224598",
    "PFAF_CODE": 322459800000.0,
    "PF_TYPE": 6,
    "Shape_Leng": 0.1902062289,
    "Slope": 0.0,
    "TopElev": 196.0,
    "Tosegment": 3040138,
    "end_x": -117.75312500000013,
    "end_y": 64.6238194444444,
    "flow_acc": 405.048,
    "seg_id": 3010183,
    "start_x": -117.57500000000016,
    "start_y": 64.61965277777779,
    "islake": 0,
    "lakeId": 0,
    "RATEACV": 0.0,
    "RATEBCV": 0.0,
    "lake_Vol": 0.0
  }
}