{
  "data": {
    "BotElev": 43.0,
    "Length": 23699.9155620153,
    "OBJECTID": null,
    "PFAF": "3337364",
    "PFAF_CODE": 333736400000.0,
    "PF_TYPE": 6,
    "Shape_Leng": 0.21679676119,
    "Slope": 0.001392410024148,
    "TopElev": 76.0,
    "Tosegment": 3029687,
    "end_x": -105.20729166637722,
    "end_y": 67.76548611119512,
    "flow_acc": 400.951,
    "seg_id": 3010022,
    "start_x": -105.26666666693308,
    "start_y": 67.6144444447554,
    "islake": 0,
    "lakeId": 0,
    "RATEACV": 0.0,
    "RATEBCV": 0.0,
    "lake_Vol": 0.0
  }
}