{
  "data": {
    "BotElev": 156.0,
    "Length": 7295.427067637416,
    "OBJECTID": null,
    "PFAF": "322226",
    "PFAF_CODE": 322226000000.0,
    "PF_TYPE": 5,
    "Shape_Leng": 0.05745242597,
    "Slope": 0.0,
    "TopElev": 156.0,
    "Tosegment": 3029988,
    "end_x": -120.13645833333334,
    "end_y": 65.29256944444438,
    "flow_acc": 402.39,
    "seg_id": 3010078,
    "start_x": -120.09583333333347,
    "start_y": 65.25194444444446,
    "islake": 0,
    "lakeId": 0,
    "RATEACV": 0.0,
    "RATEBCV": 0.0,
    "lake_Vol": 0.0
  }
}