{
  "data": {
    "BotElev": 473.0,
    "Length": 26976.28375317389,
    "OBJECTID": null,
    "PFAF": "3424412",
    "PFAF_CODE": 342441200000.0,
    "PF_TYPE": 6,
    "Shape_Leng": 0.26631517541,
    "Slope": 0.005671648526532,
    "TopElev": 626.0,
    "Tosegment": 3041597,
    "end_x": -108.45541666667032,
    "end_y": 52.762083333333806,
    "flow_acc": 416.314,
    "seg_id": 3010683,
    "start_x": -108.57250000000363,
    "start_y": 52.66291666666723,
    "islake": 0,
    "lakeId": 0,
    "RATEACV": 0.0,
    "RATEBCV": 0.0,
    "lake_Vol": 0.0
  }
}