{
  "data": {
    "BotElev": 5.0,
    "Length": 5157.417896379904,
    "OBJECTID": null,
    "PFAF": "3155572",
    "PFAF_CODE": 315557200000.0,
    "PF_TYPE": 6,
    "Shape_Leng": 0.0488735269,
    "Slope": 0.001357268334783,
    "TopElev": 12.0,
    "Tosegment": -9999,
    "end_x": -136.31958333332983,
    "end_y": 58.38708333333244,
    "flow_acc": 401.384,
    "seg_id": 3010039,
    "start_x": -136.32916666666313,
    "start_y": 58.4249999999991,
    "islake": 0,
    "lakeId": 0,
    "RATEACV": 0.0,
    "RATEBCV": 0.0,
    "lake_Vol": 0.0
  }
}