{
  "data": {
    "BotElev": 783.0,
    "Length": 17275.68650836934,
    "OBJECTID": null,
    "PFAF": "3247242",
    "PFAF_CODE": 324724200000.0,
    "PF_TYPE": 6,
    "Shape_Leng": 0.19482977076,
    "Slope": 0.009782534541717,
    "TopElev": 952.0,
    "Tosegment": 3031630,
    "end_x": -125.27812500000005,
    "end_y": 60.61131944444446,
    "flow_acc": 409.193,
    "seg_id": 3010358,
    "start_x": -125.21250000000009,
    "start_y": 60.7602777777779,
    "islake": 0,
    "lakeId": 0,
    "RATEACV": 0.0,
    "RATEBCV": 0.0,
    "lake_Vol": 0.0
  }
}