{
  "data": {
    "BotElev": 819.0,
    "Length": 34675.93683008519,
    "OBJECTID": null,
    "PFAF": "3212842",
    "PFAF_CODE": 321284200000.0,
    "PF_TYPE": 6,
    "Shape_Leng": 0.45451884908,
    "Slope": 0.004556473867576,
    "TopElev": 977.0,
    "Tosegment": 3027160,
    "end_x": -137.53229166666677,
    "end_y": 64.71965277777775,
    "flow_acc": 416.675,
    "seg_id": 3010703,
    "start_x": -137.95833333333343,
    "start_y": 64.7134027777779,
    "islake": 0,
    "lakeId": 0,
    "RATEACV": 0.0,
    "RATEBCV": 0.0,
    "lake_Vol": 0.0
  }
}