{
  "data": {
    "BotElev": 427.0,
    "Length": 32643.77110871398,
    "OBJECTID": null,
    "PFAF": "338628",
    "PFAF_CODE": 338628000000.0,
    "PF_TYPE": 5,
    "Shape_Leng": 0.26706475261,
    "Slope": 0.000122534862369,
    "TopElev": 431.0,
    "Tosegment": 3029370,
    "end_x": -107.94791666652088,
    "end_y": 55.14958333290468,
    "flow_acc": 413.743,
    "seg_id": 3010582,
    "start_x": -107.84124999958777,
    "start_y": 54.991666666883305,
    "islake": 0,
    "lakeId": 0,
    "RATEACV": 0.0,
    "RATEBCV": 0.0,
    "lake_Vol": 0.0
  }
}