{
  "data": {
    "BotElev": 225.0,
    "Length": 14376.93719966187,
    "OBJECTID": null,
    "PFAF": "322995",
    "PFAF_CODE": 322995000000.0,
    "PF_TYPE": 2,
    "Shape_Leng": 0.1569596259,
    "Slope": 0.003825571415955,
    "TopElev": 280.0,
    "Tosegment": 3019427,
    "end_x": -119.10729166666681,
    "end_y": 67.1217361111112,
    "flow_acc": 421.728,
    "seg_id": 3010929,
    "start_x": -119.13854166666675,
    "start_y": 67.20611111111117,
    "islake": 0,
    "lakeId": 0,
    "RATEACV": 0.0,
    "RATEBCV": 0.0,
    "lake_Vol": 0.0
  }
}