{
  "data": {
    "BotElev": 323.0,
    "Length": 20252.87815277271,
    "OBJECTID": null,
    "PFAF": "3421643",
    "PFAF_CODE": 342164300000.0,
    "PF_TYPE": 5,
    "Shape_Leng": 0.16932278127,
    "Slope": 0.001530646645191,
    "TopElev": 354.0,
    "Tosegment": 3019578,
    "end_x": -103.27375000000501,
    "end_y": 53.299583333333715,
    "flow_acc": 414.713,
    "seg_id": 3010617,
    "start_x": -103.32583333333821,
    "start_y": 53.17500000000052,
    "islake": 0,
    "lakeId": 0,
    "RATEACV": 0.0,
    "RATEBCV": 0.0,
    "lake_Vol": 0.0
  }
}