{
  "data": {
    "BotElev": 701.0,
    "Length": 5959.956174598923,
    "OBJECTID": null,
    "PFAF": "31892992",
    "PFAF_CODE": 318929920000.0,
    "PF_TYPE": 7,
    "Shape_Leng": 0.04861359121,
    "Slope": 0.000671145874704,
    "TopElev": 705.0,
    "Tosegment": 3033080,
    "end_x": -138.49479166666663,
    "end_y": 61.09673611111123,
    "flow_acc": 418.835,
    "seg_id": 3010791,
    "start_x": -138.46041666666673,
    "start_y": 61.06236111111116,
    "islake": 0,
    "lakeId": 0,
    "RATEACV": 0.0,
    "RATEBCV": 0.0,
    "lake_Vol": 0.0
  }
}