{
  "data": {
    "BotElev": 725.0,
    "Length": 4625.419993666219,
    "OBJECTID": null,
    "PFAF": "314624",
    "PFAF_CODE": 314624000000.0,
    "PF_TYPE": 5,
    "Shape_Leng": 0.05268993505,
    "Slope": 0.001513376084677,
    "TopElev": 732.0,
    "Tosegment": 3034127,
    "end_x": -122.98791666666665,
    "end_y": 54.18541666666698,
    "flow_acc": 401.042,
    "seg_id": 3010026,
    "start_x": -123.0354166666666,
    "start_y": 54.175833333333514,
    "islake": 0,
    "lakeId": 0,
    "RATEACV": 0.0,
    "RATEBCV": 0.0,
    "lake_Vol": 0.0
  }
}