{
  "data": {
    "BotElev": 298.0,
    "Length": 25298.799272110373,
    "OBJECTID": null,
    "PFAF": "323584",
    "PFAF_CODE": 323584000000.0,
    "PF_TYPE": 5,
    "Shape_Leng": 0.2282244317,
    "Slope": 0.005612914608028,
    "TopElev": 440.0,
    "Tosegment": 3031947,
    "end_x": -122.80520833333338,
    "end_y": 63.10090277777783,
    "flow_acc": 421.31,
    "seg_id": 3010906,
    "start_x": -122.9375,
    "start_y": 63.231111111111204,
    "islake": 0,
    "lakeId": 0,
    "RATEACV": 0.0,
    "RATEBCV": 0.0,
    "lake_Vol": 0.0
  }
}