{
  "data": {
    "BotElev": 648.0,
    "Length": 23497.219262869807,
    "OBJECTID": null,
    "PFAF": "34022",
    "PFAF_CODE": 340220000000.0,
    "PF_TYPE": 4,
    "Shape_Leng": 0.1639776033,
    "Slope": 0.000340465818976,
    "TopElev": 656.0,
    "Tosegment": 3037916,
    "end_x": -109.97958333333668,
    "end_y": 52.257083333334094,
    "flow_acc": 408.113,
    "seg_id": 3010311,
    "start_x": -109.89916666667,
    "start_y": 52.14666666666733,
    "islake": 0,
    "lakeId": 0,
    "RATEACV": 0.0,
    "RATEBCV": 0.0,
    "lake_Vol": 0.0
  }
}