{
  "data": {
    "BotElev": 379.0,
    "Length": 22872.09420905826,
    "OBJECTID": null,
    "PFAF": "326926",
    "PFAF_CODE": 326926000000.0,
    "PF_TYPE": 5,
    "Shape_Leng": 0.2293834925,
    "Slope": 0.000349771207082,
    "TopElev": 387.0,
    "Tosegment": 3028117,
    "end_x": -108.49270833333344,
    "end_y": 63.369652777777844,
    "flow_acc": 422.315,
    "seg_id": 3010949,
    "start_x": -108.30833333333351,
    "start_y": 63.2811111111111,
    "islake": 0,
    "lakeId": 0,
    "RATEACV": 0.0,
    "RATEBCV": 0.0,
    "lake_Vol": 0.0
  }
}