{
  "data": {
    "BotElev": 425.0,
    "Length": 6229.879255908963,
    "OBJECTID": null,
    "PFAF": "333643",
    "PFAF_CODE": 333643000000.0,
    "PF_TYPE": 4,
    "Shape_Leng": 0.05888220008,
    "Slope": 0.0,
    "TopElev": 425.0,
    "Tosegment": 3025490,
    "end_x": -110.45729166667707,
    "end_y": 66.42590277769119,
    "flow_acc": 406.195,
    "seg_id": 3010226,
    "start_x": -110.45624999993754,
    "start_y": 66.46861111131392,
    "islake": 0,
    "lakeId": 0,
    "RATEACV": 0.0,
    "RATEBCV": 0.0,
    "lake_Vol": 0.0
  }
}