{
  "data": {
    "BotElev": 717.0,
    "Length": 663.6322203047534,
    "OBJECTID": null,
    "PFAF": "34256074",
    "PFAF_CODE": 342560740000.0,
    "PF_TYPE": 7,
    "Shape_Leng": 0.00544627825,
    "Slope": 0.004520576168864,
    "TopElev": 720.0,
    "Tosegment": -9999,
    "end_x": -107.89875000000382,
    "end_y": 50.41625000000113,
    "flow_acc": 402.164,
    "seg_id": 3010069,
    "start_x": -107.90333333333712,
    "start_y": 50.418333333334544,
    "islake": 0,
    "lakeId": 0,
    "RATEACV": 0.0,
    "RATEBCV": 0.0,
    "lake_Vol": 0.0
  }
}