{
  "data": {
    "BotElev": 549.0,
    "Length": 4003.163471244152,
    "OBJECTID": null,
    "PFAF": "3155672",
    "PFAF_CODE": 315567200000.0,
    "PF_TYPE": 6,
    "Shape_Leng": 0.05715631009,
    "Slope": 0.010491702450249,
    "TopElev": 591.0,
    "Tosegment": 3036935,
    "end_x": -137.7322916666668,
    "end_y": 60.748819444444564,
    "flow_acc": 417.639,
    "seg_id": 3010745,
    "start_x": -137.68333333333345,
    "start_y": 60.76861111111117,
    "islake": 0,
    "lakeId": 0,
    "RATEACV": 0.0,
    "RATEBCV": 0.0,
    "lake_Vol": 0.0
  }
}