{
  "data": {
    "BotElev": 326.0,
    "Length": 9519.715801623855,
    "OBJECTID": null,
    "PFAF": "336472",
    "PFAF_CODE": 336472000000.0,
    "PF_TYPE": 5,
    "Shape_Leng": 0.12397103453,
    "Slope": 0.001260541832347,
    "TopElev": 338.0,
    "Tosegment": 3039277,
    "end_x": -103.38645833338535,
    "end_y": 61.30506944409956,
    "flow_acc": 412.862,
    "seg_id": 3010534,
    "start_x": -103.29166666638343,
    "start_y": 61.314444444755395,
    "islake": 0,
    "lakeId": 0,
    "RATEACV": 0.0,
    "RATEBCV": 0.0,
    "lake_Vol": 0.0
  }
}