{
  "data": {
    "BotElev": 555.0,
    "Length": 20389.419559933267,
    "OBJECTID": null,
    "PFAF": "3292583",
    "PFAF_CODE": 329258300000.0,
    "PF_TYPE": 5,
    "Shape_Leng": 0.2235522636,
    "Slope": 0.000882810810141,
    "TopElev": 573.0,
    "Tosegment": 3022060,
    "end_x": -113.46979166666677,
    "end_y": 56.40923611111123,
    "flow_acc": 419.312,
    "seg_id": 3010818,
    "start_x": -113.29583333333346,
    "start_y": 56.39986111111108,
    "islake": 0,
    "lakeId": 0,
    "RATEACV": 0.0,
    "RATEBCV": 0.0,
    "lake_Vol": 0.0
  }
}