{
  "data": {
    "BotElev": 841.0,
    "Length": 11476.621248120953,
    "OBJECTID": null,
    "PFAF": "3212962",
    "PFAF_CODE": 321296200000.0,
    "PF_TYPE": 6,
    "Shape_Leng": 0.15989320279,
    "Slope": 0.004095281963557,
    "TopElev": 888.0,
    "Tosegment": 3029760,
    "end_x": -139.11562500000014,
    "end_y": 65.16548611111114,
    "flow_acc": 404.649,
    "seg_id": 3010165,
    "start_x": -139.2166666666667,
    "start_y": 65.12069444444455,
    "islake": 0,
    "lakeId": 0,
    "RATEACV": 0.0,
    "RATEBCV": 0.0,
    "lake_Vol": 0.0
  }
}