{
  "data": {
    "BotElev": 366.0,
    "Length": 17021.295516799088,
    "OBJECTID": null,
    "PFAF": "3269622",
    "PFAF_CODE": 326962200000.0,
    "PF_TYPE": 6,
    "Shape_Leng": 0.20324983442,
    "Slope": 0.0,
    "TopElev": 366.0,
    "Tosegment": 3026910,
    "end_x": -108.40729166666677,
    "end_y": 64.16965277777774,
    "flow_acc": 421.717,
    "seg_id": 3010928,
    "start_x": -108.26875000000013,
    "start_y": 64.30819444444444,
    "islake": 0,
    "lakeId": 0,
    "RATEACV": 0.0,
    "RATEBCV": 0.0,
    "lake_Vol": 0.0
  }
}