{
  "data": {
    "BotElev": 210.0,
    "Length": 44001.632037577954,
    "OBJECTID": null,
    "PFAF": "333264",
    "PFAF_CODE": 333264000000.0,
    "PF_TYPE": 5,
    "Shape_Leng": 0.67064408605,
    "Slope": 0.001090868628668,
    "TopElev": 258.0,
    "Tosegment": 3023859,
    "end_x": -124.08020833294813,
    "end_y": 68.9529861115198,
    "flow_acc": 426.207,
    "seg_id": 3011111,
    "start_x": -123.51979166665205,
    "start_y": 68.98319444426829,
    "islake": 0,
    "lakeId": 0,
    "RATEACV": 0.0,
    "RATEBCV": 0.0,
    "lake_Vol": 0.0
  }
}