{
  "data": {
    "BotElev": 520.0,
    "Length": 27797.578171957328,
    "OBJECTID": null,
    "PFAF": "31894222",
    "PFAF_CODE": 318942220000.0,
    "PF_TYPE": 7,
    "Shape_Leng": 0.28276124322,
    "Slope": 0.000359743569679,
    "TopElev": 530.0,
    "Tosegment": 3029554,
    "end_x": -135.45104166666675,
    "end_y": 62.888402777777856,
    "flow_acc": 438.404,
    "seg_id": 3011615,
    "start_x": -135.6875000000001,
    "start_y": 62.98423611111116,
    "islake": 0,
    "lakeId": 0,
    "RATEACV": 0.0,
    "RATEBCV": 0.0,
    "lake_Vol": 0.0
  }
}