{
  "data": {
    "BotElev": 1029.0,
    "Length": 18465.339947602013,
    "OBJECTID": null,
    "PFAF": "342992",
    "PFAF_CODE": 342992000000.0,
    "PF_TYPE": 5,
    "Shape_Leng": 0.18139384908,
    "Slope": 0.003953352616694,
    "TopElev": 1102.0,
    "Tosegment": 3035778,
    "end_x": -113.78125000000239,
    "end_y": 49.55541666666801,
    "flow_acc": 435.906,
    "seg_id": 3011516,
    "start_x": -113.9025000000023,
    "start_y": 49.50166666666797,
    "islake": 0,
    "lakeId": 0,
    "RATEACV": 0.0,
    "RATEBCV": 0.0,
    "lake_Vol": 0.0
  }
}