{
  "data": {
    "BotElev": 7.0,
    "Length": 15490.067357170694,
    "OBJECTID": null,
    "PFAF": "33146",
    "PFAF_CODE": 331460000000.0,
    "PF_TYPE": 4,
    "Shape_Leng": 0.2399482169,
    "Slope": 0.002969644930479,
    "TopElev": 53.0,
    "Tosegment": 3035136,
    "end_x": -133.37812499976883,
    "end_y": 68.76131944403716,
    "flow_acc": 436.006,
    "seg_id": 3011522,
    "start_x": -133.52916666710797,
    "start_y": 68.63527777754746,
    "islake": 0,
    "lakeId": 0,
    "RATEACV": 0.0,
    "RATEBCV": 0.0,
    "lake_Vol": 0.0
  }
}