{
  "data": {
    "BotElev": 478.0,
    "Length": 11008.303892542477,
    "OBJECTID": null,
    "PFAF": "3424166",
    "PFAF_CODE": 342416600000.0,
    "PF_TYPE": 6,
    "Shape_Leng": 0.13405119643,
    "Slope": 0.001090086185587,
    "TopElev": 490.0,
    "Tosegment": 3032887,
    "end_x": -106.51458333333755,
    "end_y": 53.26875000000041,
    "flow_acc": 428.808,
    "seg_id": 3011231,
    "start_x": -106.63000000000415,
    "start_y": 53.25083333333373,
    "islake": 0,
    "lakeId": 0,
    "RATEACV": 0.0,
    "RATEBCV": 0.0,
    "lake_Vol": 0.0
  }
}