{
  "data": {
    "BotElev": 715.0,
    "Length": 15364.94503842663,
    "OBJECTID": null,
    "PFAF": "329856",
    "PFAF_CODE": 329856000000.0,
    "PF_TYPE": 5,
    "Shape_Leng": 0.15206537089,
    "Slope": 0.007094070283193,
    "TopElev": 824.0,
    "Tosegment": 3040049,
    "end_x": -125.36354166666672,
    "end_y": 57.209236111111125,
    "flow_acc": 431.633,
    "seg_id": 3011331,
    "start_x": -125.49791666666675,
    "start_y": 57.22694444444454,
    "islake": 0,
    "lakeId": 0,
    "RATEACV": 0.0,
    "RATEBCV": 0.0,
    "lake_Vol": 0.0
  }
}