{
  "data": {
    "BotElev": 415.0,
    "Length": 13596.22706614675,
    "OBJECTID": null,
    "PFAF": "3386416",
    "PFAF_CODE": 338641600000.0,
    "PF_TYPE": 6,
    "Shape_Leng": 0.14839045235,
    "Slope": 0.0,
    "TopElev": 415.0,
    "Tosegment": 3037056,
    "end_x": -108.26041666679572,
    "end_y": 56.07541666624621,
    "flow_acc": 443.215,
    "seg_id": 3011805,
    "start_x": -108.12583333304184,
    "start_y": 56.04708333362902,
    "islake": 0,
    "lakeId": 0,
    "RATEACV": 0.0,
    "RATEBCV": 0.0,
    "lake_Vol": 0.0
  }
}