{
  "data": {
    "BotElev": 874.0,
    "Length": 15432.480905995919,
    "OBJECTID": null,
    "PFAF": "31896282",
    "PFAF_CODE": 318962820000.0,
    "PF_TYPE": 7,
    "Shape_Leng": 0.19740590416,
    "Slope": 0.009719759312433,
    "TopElev": 1024.0,
    "Tosegment": 3027313,
    "end_x": -135.83645833333333,
    "end_y": 60.29673611111133,
    "flow_acc": 429.135,
    "seg_id": 3011242,
    "start_x": -135.70833333333343,
    "start_y": 60.38006944444459,
    "islake": 0,
    "lakeId": 0,
    "RATEACV": 0.0,
    "RATEBCV": 0.0,
    "lake_Vol": 0.0
  }
}