{
  "data": {
    "BotElev": 326.0,
    "Length": 26721.32902957176,
    "OBJECTID": null,
    "PFAF": "3274594",
    "PFAF_CODE": 327459400000.0,
    "PF_TYPE": 6,
    "Shape_Leng": 0.28973883156,
    "Slope": 0.000860735630872,
    "TopElev": 349.0,
    "Tosegment": 3042116,
    "end_x": -117.97604166666679,
    "end_y": 58.934236111111204,
    "flow_acc": 447.992,
    "seg_id": 3011991,
    "start_x": -118.06875000000002,
    "start_y": 58.81652777777788,
    "islake": 0,
    "lakeId": 0,
    "RATEACV": 0.0,
    "RATEBCV": 0.0,
    "lake_Vol": 0.0
  }
}