{
  "data": {
    "BotElev": 208.0,
    "Length": 77194.69924195122,
    "OBJECTID": null,
    "PFAF": "3284132",
    "PFAF_CODE": 328413200000.0,
    "PF_TYPE": 6,
    "Shape_Leng": 1.12713939986,
    "Slope": 0.000466353264583,
    "TopElev": 244.0,
    "Tosegment": 3043876,
    "end_x": -110.5927083333334,
    "end_y": 59.055069444444484,
    "flow_acc": 446.732,
    "seg_id": 3011941,
    "start_x": -109.59895833333348,
    "start_y": 58.98111111111115,
    "islake": 0,
    "lakeId": 0,
    "RATEACV": 0.0,
    "RATEBCV": 0.0,
    "lake_Vol": 0.0
  }
}