{
  "data": {
    "BotElev": 752.0,
    "Length": 8716.587644585961,
    "OBJECTID": null,
    "PFAF": "34256024",
    "PFAF_CODE": 342560240000.0,
    "PF_TYPE": 7,
    "Shape_Leng": 0.05913495065,
    "Slope": 0.001032514140507,
    "TopElev": 761.0,
    "Tosegment": 3028850,
    "end_x": -109.50375000000344,
    "end_y": 49.945416666667995,
    "flow_acc": 434.204,
    "seg_id": 3011450,
    "start_x": -109.46833333333677,
    "start_y": 49.90750000000128,
    "islake": 0,
    "lakeId": 0,
    "RATEACV": 0.0,
    "RATEBCV": 0.0,
    "lake_Vol": 0.0
  }
}