{
  "data": {
    "BotElev": 176.0,
    "Length": 45566.58700960757,
    "OBJECTID": null,
    "PFAF": "332226",
    "PFAF_CODE": 332226000000.0,
    "PF_TYPE": 5,
    "Shape_Leng": 0.64651973594,
    "Slope": 0.000702268967242,
    "TopElev": 208.0,
    "Tosegment": 3030449,
    "end_x": -127.8843750004059,
    "end_y": 68.00506944419959,
    "flow_acc": 429.641,
    "seg_id": 3011261,
    "start_x": -127.50833333351642,
    "start_y": 68.15611111153868,
    "islake": 0,
    "lakeId": 0,
    "RATEACV": 0.0,
    "RATEBCV": 0.0,
    "lake_Vol": 0.0
  }
}