{
  "data": {
    "BotElev": 776.0,
    "Length": 33489.174164893484,
    "OBJECTID": null,
    "PFAF": "314885",
    "PFAF_CODE": 314885000000.0,
    "PF_TYPE": 4,
    "Shape_Leng": 0.24604446225,
    "Slope": 0.002090227715241,
    "TopElev": 846.0,
    "Tosegment": 3024435,
    "end_x": -125.9937499999993,
    "end_y": 55.07291666666657,
    "flow_acc": 427.333,
    "seg_id": 3011168,
    "start_x": -125.86999999999927,
    "start_y": 54.910000000000025,
    "islake": 0,
    "lakeId": 0,
    "RATEACV": 0.0,
    "RATEBCV": 0.0,
    "lake_Vol": 0.0
  }
}