{
  "data": {
    "BotElev": 155.0,
    "Length": 18927.192841683434,
    "OBJECTID": null,
    "PFAF": "32282",
    "PFAF_CODE": 322820000000.0,
    "PF_TYPE": 4,
    "Shape_Leng": 0.29459498248,
    "Slope": 0.002219029538681,
    "TopElev": 197.0,
    "Tosegment": 3038213,
    "end_x": -119.50104166666671,
    "end_y": 66.30715277777784,
    "flow_acc": 435.338,
    "seg_id": 3011490,
    "start_x": -119.28125000000011,
    "start_y": 66.35819444444445,
    "islake": 0,
    "lakeId": 0,
    "RATEACV": 0.0,
    "RATEBCV": 0.0,
    "lake_Vol": 0.0
  }
}