{
  "data": {
    "BotElev": 159.0,
    "Length": 21821.728204009225,
    "OBJECTID": null,
    "PFAF": "3365994",
    "PFAF_CODE": 336599400000.0,
    "PF_TYPE": 6,
    "Shape_Leng": 0.27937079199,
    "Slope": 0.003482767235,
    "TopElev": 235.0,
    "Tosegment": 3042563,
    "end_x": -104.39479166710174,
    "end_y": 63.746736110683,
    "flow_acc": 439.674,
    "seg_id": 3011672,
    "start_x": -104.57708333302935,
    "start_y": 63.81131944403728,
    "islake": 0,
    "lakeId": 0,
    "RATEACV": 0.0,
    "RATEBCV": 0.0,
    "lake_Vol": 0.0
  }
}