{
  "data": {
    "BotElev": 246.0,
    "Length": 2978.905681168333,
    "OBJECTID": null,
    "PFAF": "333632",
    "PFAF_CODE": 333632000000.0,
    "PF_TYPE": 5,
    "Shape_Leng": 0.03495453068,
    "Slope": 0.009063731077719,
    "TopElev": 273.0,
    "Tosegment": 3039074,
    "end_x": -109.1968749999811,
    "end_y": 66.45923611155746,
    "flow_acc": 443.602,
    "seg_id": 3011820,
    "start_x": -109.22708333362885,
    "start_y": 66.47069444479297,
    "islake": 0,
    "lakeId": 0,
    "RATEACV": 0.0,
    "RATEBCV": 0.0,
    "lake_Vol": 0.0
  }
}