{
  "data": {
    "BotElev": 1055.0,
    "Length": 17416.877992059268,
    "OBJECTID": null,
    "PFAF": "315486",
    "PFAF_CODE": 315486000000.0,
    "PF_TYPE": 5,
    "Shape_Leng": 0.17117640687,
    "Slope": 0.009875478261857,
    "TopElev": 1227.0,
    "Tosegment": 3031917,
    "end_x": -128.57124999999854,
    "end_y": 57.622083333332625,
    "flow_acc": 441.374,
    "seg_id": 3011734,
    "start_x": -128.72999999999848,
    "start_y": 57.645416666665994,
    "islake": 0,
    "lakeId": 0,
    "RATEACV": 0.0,
    "RATEBCV": 0.0,
    "lake_Vol": 0.0
  }
}