{
  "data": {
    "BotElev": 37.0,
    "Length": 16779.36959499448,
    "OBJECTID": null,
    "PFAF": "3215583",
    "PFAF_CODE": 321558300000.0,
    "PF_TYPE": 5,
    "Shape_Leng": 0.1719744317,
    "Slope": 0.003039446727201,
    "TopElev": 88.0,
    "Tosegment": 3020722,
    "end_x": -130.05104166666672,
    "end_y": 67.13006944444447,
    "flow_acc": 424.772,
    "seg_id": 3011056,
    "start_x": -130.00833333333338,
    "start_y": 67.00402777777788,
    "islake": 0,
    "lakeId": 0,
    "RATEACV": 0.0,
    "RATEBCV": 0.0,
    "lake_Vol": 0.0
  }
}