{
  "data": {
    "BotElev": 430.0,
    "Length": 9637.366359683338,
    "OBJECTID": null,
    "PFAF": "349638",
    "PFAF_CODE": 349638000000.0,
    "PF_TYPE": 5,
    "Shape_Leng": 0.11088537153,
    "Slope": 0.001141390665194,
    "TopElev": 441.0,
    "Tosegment": 3039647,
    "end_x": -101.84541666667207,
    "end_y": 51.51375000000081,
    "flow_acc": 425.055,
    "seg_id": 3011067,
    "start_x": -101.94750000000539,
    "start_y": 51.528333333334274,
    "islake": 0,
    "lakeId": 0,
    "RATEACV": 0.0,
    "RATEBCV": 0.0,
    "lake_Vol": 0.0
  }
}