{
  "data": {
    "BotElev": 260.0,
    "Length": 30003.93671676253,
    "OBJECTID": null,
    "PFAF": "334932",
    "PFAF_CODE": 334932000000.0,
    "PF_TYPE": 5,
    "Shape_Leng": 0.32307216499,
    "Slope": 0.000633250235773,
    "TopElev": 279.0,
    "Tosegment": 3040700,
    "end_x": -106.97187499993129,
    "end_y": 65.49465277820332,
    "flow_acc": 438.113,
    "seg_id": 3011599,
    "start_x": -107.2333333335664,
    "start_y": 65.61861111121391,
    "islake": 0,
    "lakeId": 0,
    "RATEACV": 0.0,
    "RATEBCV": 0.0,
    "lake_Vol": 0.0
  }
}