{
  "data": {
    "BotElev": 494.0,
    "Length": 20689.298236490675,
    "OBJECTID": null,
    "PFAF": "3386943",
    "PFAF_CODE": 338694300000.0,
    "PF_TYPE": 5,
    "Shape_Leng": 0.24787355821,
    "Slope": 0.001740030018829,
    "TopElev": 530.0,
    "Tosegment": 3029000,
    "end_x": -109.19624999993749,
    "end_y": 55.55625000013748,
    "flow_acc": 466.213,
    "seg_id": 3012668,
    "start_x": -109.38583333304183,
    "start_y": 55.47124999958788,
    "islake": 0,
    "lakeId": 0,
    "RATEACV": 0.0,
    "RATEBCV": 0.0,
    "lake_Vol": 0.0
  }
}