{
  "data": {
    "BotElev": 655.0,
    "Length": 8720.977328526715,
    "OBJECTID": null,
    "PFAF": "329366",
    "PFAF_CODE": 329366000000.0,
    "PF_TYPE": 5,
    "Shape_Leng": 0.09185808978,
    "Slope": 0.00355464747037,
    "TopElev": 686.0,
    "Tosegment": 3033009,
    "end_x": -118.49270833333338,
    "end_y": 56.946736111111136,
    "flow_acc": 457.579,
    "seg_id": 3012351,
    "start_x": -118.5729166666668,
    "start_y": 56.95194444444445,
    "islake": 0,
    "lakeId": 0,
    "RATEACV": 0.0,
    "RATEBCV": 0.0,
    "lake_Vol": 0.0
  }
}