{
  "data": {
    "BotElev": 172.0,
    "Length": 22007.467912611897,
    "OBJECTID": null,
    "PFAF": "327624",
    "PFAF_CODE": 327624000000.0,
    "PF_TYPE": 5,
    "Shape_Leng": 0.23512799107,
    "Slope": 0.000999660664614,
    "TopElev": 194.0,
    "Tosegment": 3035971,
    "end_x": -111.97604166666673,
    "end_y": 61.161319444444416,
    "flow_acc": 458.218,
    "seg_id": 3012381,
    "start_x": -111.84791666666683,
    "start_y": 61.29986111111123,
    "islake": 0,
    "lakeId": 0,
    "RATEACV": 0.0,
    "RATEBCV": 0.0,
    "lake_Vol": 0.0
  }
}