{
  "data": {
    "BotElev": 18.0,
    "Length": 16297.45902226135,
    "OBJECTID": null,
    "PFAF": "333822",
    "PFAF_CODE": 333822000000.0,
    "PF_TYPE": 5,
    "Shape_Leng": 0.16780776618,
    "Slope": 0.001902137011522,
    "TopElev": 49.0,
    "Tosegment": 3028860,
    "end_x": -104.31354166681444,
    "end_y": 67.76965277815327,
    "flow_acc": 472.108,
    "seg_id": 3012942,
    "start_x": -104.38125000038718,
    "start_y": 67.66444444465549,
    "islake": 0,
    "lakeId": 0,
    "RATEACV": 0.0,
    "RATEBCV": 0.0,
    "lake_Vol": 0.0
  }
}