{
  "data": {
    "BotElev": 429.0,
    "Length": 18591.62681937145,
    "OBJECTID": null,
    "PFAF": "3128118",
    "PFAF_CODE": 312811800000.0,
    "PF_TYPE": 6,
    "Shape_Leng": 0.20073310473,
    "Slope": 0.017050686477297,
    "TopElev": 746.0,
    "Tosegment": 3041921,
    "end_x": -117.91375000000124,
    "end_y": 50.40375000000125,
    "flow_acc": 454.005,
    "seg_id": 3012223,
    "start_x": -117.78000000000134,
    "start_y": 50.50625000000127,
    "islake": 0,
    "lakeId": 0,
    "RATEACV": 0.0,
    "RATEBCV": 0.0,
    "lake_Vol": 0.0
  }
}