{
  "data": {
    "BotElev": 152.0,
    "Length": 19522.263577820628,
    "OBJECTID": null,
    "PFAF": "3199944",
    "PFAF_CODE": 319994400000.0,
    "PF_TYPE": 6,
    "Shape_Leng": 0.23578155044,
    "Slope": 0.006249275321669,
    "TopElev": 274.0,
    "Tosegment": 3029619,
    "end_x": -138.77395833333333,
    "end_y": 68.80506944444448,
    "flow_acc": 458.056,
    "seg_id": 3012369,
    "start_x": -138.70208333333323,
    "start_y": 68.65194444444455,
    "islake": 0,
    "lakeId": 0,
    "RATEACV": 0.0,
    "RATEBCV": 0.0,
    "lake_Vol": 0.0
  }
}