{
  "data": {
    "BotElev": 429.0,
    "Length": 43332.33222807062,
    "OBJECTID": null,
    "PFAF": "344976",
    "PFAF_CODE": 344976000000.0,
    "PF_TYPE": 5,
    "Shape_Leng": 0.47160200188,
    "Slope": 0.001430802285778,
    "TopElev": 491.0,
    "Tosegment": 3036948,
    "end_x": -102.97375000000511,
    "end_y": 52.755416666667315,
    "flow_acc": 449.374,
    "seg_id": 3012044,
    "start_x": -103.2816666666717,
    "start_y": 52.56833333333395,
    "islake": 0,
    "lakeId": 0,
    "RATEACV": 0.0,
    "RATEBCV": 0.0,
    "lake_Vol": 0.0
  }
}