{
  "data": {
    "BotElev": 694.0,
    "Length": 18254.38472482888,
    "OBJECTID": null,
    "PFAF": "3189832",
    "PFAF_CODE": 318983200000.0,
    "PF_TYPE": 6,
    "Shape_Leng": 0.2262891563,
    "Slope": 0.00843632926124,
    "TopElev": 848.0,
    "Tosegment": 3037802,
    "end_x": -132.68229166666657,
    "end_y": 60.511319444444496,
    "flow_acc": 456.364,
    "seg_id": 3012310,
    "start_x": -132.5625000000001,
    "start_y": 60.63944444444468,
    "islake": 0,
    "lakeId": 0,
    "RATEACV": 0.0,
    "RATEBCV": 0.0,
    "lake_Vol": 0.0
  }
}