{
  "data": {
    "BotElev": 1064.0,
    "Length": 22543.65531708595,
    "OBJECTID": null,
    "PFAF": "31429223",
    "PFAF_CODE": 314292230000.0,
    "PF_TYPE": 6,
    "Shape_Leng": 0.17165527283,
    "Slope": -8.8716757414e-05,
    "TopElev": 1062.0,
    "Tosegment": 3026810,
    "end_x": -119.67291666666762,
    "end_y": 52.11125000000072,
    "flow_acc": 448.565,
    "seg_id": 3012007,
    "start_x": -119.68666666666763,
    "start_y": 52.23583333333431,
    "islake": 0,
    "lakeId": 0,
    "RATEACV": 0.0,
    "RATEBCV": 0.0,
    "lake_Vol": 0.0
  }
}