{
  "data": {
    "BotElev": 92.0,
    "Length": 34320.67881864512,
    "OBJECTID": null,
    "PFAF": "332322",
    "PFAF_CODE": 332322000000.0,
    "PF_TYPE": 5,
    "Shape_Leng": 0.44571811671,
    "Slope": 0.002884558330653,
    "TopElev": 191.0,
    "Tosegment": 3022996,
    "end_x": -127.61354166701426,
    "end_y": 68.35298611092026,
    "flow_acc": 450.082,
    "seg_id": 3012078,
    "start_x": -127.27291666657078,
    "start_y": 68.2873611108268,
    "islake": 0,
    "lakeId": 0,
    "RATEACV": 0.0,
    "RATEBCV": 0.0,
    "lake_Vol": 0.0
  }
}