{
  "data": {
    "BotElev": 416.0,
    "Length": 27485.472059631065,
    "OBJECTID": null,
    "PFAF": "333494",
    "PFAF_CODE": 333494000000.0,
    "PF_TYPE": 5,
    "Shape_Leng": 0.47146892991,
    "Slope": 0.0,
    "TopElev": 416.0,
    "Tosegment": 3034467,
    "end_x": -110.96145833353518,
    "end_y": 64.50298611142006,
    "flow_acc": 459.745,
    "seg_id": 3012431,
    "start_x": -110.51458333375376,
    "start_y": 64.56236111107654,
    "islake": 0,
    "lakeId": 0,
    "RATEACV": 0.0,
    "RATEBCV": 0.0,
    "lake_Vol": 0.0
  }
}