{
  "data": {
    "BotElev": 935.0,
    "Length": 37243.70269628869,
    "OBJECTID": null,
    "PFAF": "329848",
    "PFAF_CODE": 329848000000.0,
    "PF_TYPE": 5,
    "Shape_Leng": 0.2955573591,
    "Slope": 0.008699457265088,
    "TopElev": 1259.0,
    "Tosegment": 3026800,
    "end_x": -126.2135416666668,
    "end_y": 56.86131944444446,
    "flow_acc": 468.674,
    "seg_id": 3012777,
    "start_x": -126.38333333333333,
    "start_y": 57.03215277777781,
    "islake": 0,
    "lakeId": 0,
    "RATEACV": 0.0,
    "RATEBCV": 0.0,
    "lake_Vol": 0.0
  }
}