{
  "data": {
    "BotElev": 24.0,
    "Length": 30293.60926447302,
    "OBJECTID": null,
    "PFAF": "3153212",
    "PFAF_CODE": 315321200000.0,
    "PF_TYPE": 6,
    "Shape_Leng": 0.24056559629,
    "Slope": 0.005545724133869,
    "TopElev": 192.0,
    "Tosegment": 3040757,
    "end_x": -129.13708333333182,
    "end_y": 55.21875000000017,
    "flow_acc": 472.102,
    "seg_id": 3012941,
    "start_x": -128.9737499999984,
    "start_y": 55.105833333333294,
    "islake": 0,
    "lakeId": 0,
    "RATEACV": 0.0,
    "RATEBCV": 0.0,
    "lake_Vol": 0.0
  }
}