{
  "data": {
    "BotElev": 451.0,
    "Length": 30253.066464616673,
    "OBJECTID": null,
    "PFAF": "328566",
    "PFAF_CODE": 328566000000.0,
    "PF_TYPE": 5,
    "Shape_Leng": 0.32350363735,
    "Slope": 0.003801267555291,
    "TopElev": 566.0,
    "Tosegment": 3033155,
    "end_x": -110.45520833333347,
    "end_y": 57.33215277777782,
    "flow_acc": 464.976,
    "seg_id": 3012620,
    "start_x": -110.64270833333347,
    "start_y": 57.17902777777789,
    "islake": 0,
    "lakeId": 0,
    "RATEACV": 0.0,
    "RATEBCV": 0.0,
    "lake_Vol": 0.0
  }
}