{
  "data": {
    "BotElev": 159.0,
    "Length": 29745.474828747414,
    "OBJECTID": null,
    "PFAF": "3365844",
    "PFAF_CODE": 336584400000.0,
    "PF_TYPE": 6,
    "Shape_Leng": 0.43326674769,
    "Slope": 0.002252443451844,
    "TopElev": 226.0,
    "Tosegment": 3026409,
    "end_x": -102.89270833302311,
    "end_y": 63.94465277770371,
    "flow_acc": 450.397,
    "seg_id": 3012094,
    "start_x": -103.28124999988756,
    "start_y": 63.934236111207724,
    "islake": 0,
    "lakeId": 0,
    "RATEACV": 0.0,
    "RATEBCV": 0.0,
    "lake_Vol": 0.0
  }
}