{
  "data": {
    "BotElev": 402.0,
    "Length": 6921.148161994607,
    "OBJECTID": null,
    "PFAF": "326976",
    "PFAF_CODE": 326976000000.0,
    "PF_TYPE": 5,
    "Shape_Leng": 0.09005817096,
    "Slope": 0.0,
    "TopElev": 402.0,
    "Tosegment": 3038691,
    "end_x": -109.85520833333345,
    "end_y": 64.17381944444458,
    "flow_acc": 467.985,
    "seg_id": 3012741,
    "start_x": -109.93750000000011,
    "start_y": 64.19256944444447,
    "islake": 0,
    "lakeId": 0,
    "RATEACV": 0.0,
    "RATEBCV": 0.0,
    "lake_Vol": 0.0
  }
}