{
  "data": {
    "BotElev": 851.0,
    "Length": 20415.739829115086,
    "OBJECTID": null,
    "PFAF": "3146644",
    "PFAF_CODE": 314664400000.0,
    "PF_TYPE": 6,
    "Shape_Leng": 0.21789300731,
    "Slope": 0.00288992710986,
    "TopElev": 910.0,
    "Tosegment": 3026856,
    "end_x": -121.05291666666716,
    "end_y": 54.25875000000025,
    "flow_acc": 460.639,
    "seg_id": 3012462,
    "start_x": -120.8733333333339,
    "start_y": 54.285833333333585,
    "islake": 0,
    "lakeId": 0,
    "RATEACV": 0.0,
    "RATEBCV": 0.0,
    "lake_Vol": 0.0
  }
}