{
  "data": {
    "BotElev": 650.0,
    "Length": 4452.116378376918,
    "OBJECTID": null,
    "PFAF": "340754",
    "PFAF_CODE": 340754000000.0,
    "PF_TYPE": 5,
    "Shape_Leng": 0.02990398026,
    "Slope": 0.0,
    "TopElev": 650.0,
    "Tosegment": -9999,
    "end_x": -108.84875000000363,
    "end_y": 51.208750000000975,
    "flow_acc": 450.331,
    "seg_id": 3012091,
    "start_x": -108.8554166666703,
    "start_y": 51.23333333333426,
    "islake": 0,
    "lakeId": 0,
    "RATEACV": 0.0,
    "RATEBCV": 0.0,
    "lake_Vol": 0.0
  }
}