{
  "data": {
    "BotElev": 515.0,
    "Length": 26781.83748841476,
    "OBJECTID": null,
    "PFAF": "338548",
    "PFAF_CODE": 338548000000.0,
    "PF_TYPE": 5,
    "Shape_Leng": 0.33147760368,
    "Slope": 0.000858790962717,
    "TopElev": 538.0,
    "Tosegment": 3030747,
    "end_x": -106.85124999958776,
    "end_y": 54.4295833329046,
    "flow_acc": 459.015,
    "seg_id": 3012408,
    "start_x": -106.54916666670829,
    "start_y": 54.43916666690831,
    "islake": 0,
    "lakeId": 0,
    "RATEACV": 0.0,
    "RATEBCV": 0.0,
    "lake_Vol": 0.0
  }
}