{
  "data": {
    "BotElev": 373.0,
    "Length": 47931.30156612867,
    "OBJECTID": null,
    "PFAF": "3421664",
    "PFAF_CODE": 342166400000.0,
    "PF_TYPE": 6,
    "Shape_Leng": 0.36555630689,
    "Slope": 0.001961140151187,
    "TopElev": 467.0,
    "Tosegment": 3027589,
    "end_x": -104.06958333333819,
    "end_y": 53.01375000000047,
    "flow_acc": 456.081,
    "seg_id": 3012302,
    "start_x": -103.99833333333822,
    "start_y": 52.75500000000062,
    "islake": 0,
    "lakeId": 0,
    "RATEACV": 0.0,
    "RATEBCV": 0.0,
    "lake_Vol": 0.0
  }
}