{
  "data": {
    "BotElev": 652.0,
    "Length": 18457.074051298703,
    "OBJECTID": null,
    "PFAF": "34058",
    "PFAF_CODE": 340580000000.0,
    "PF_TYPE": 4,
    "Shape_Leng": 0.18127540273,
    "Slope": 0.002275550278623,
    "TopElev": 694.0,
    "Tosegment": -9999,
    "end_x": -109.87875000000338,
    "end_y": 51.368750000000944,
    "flow_acc": 467.149,
    "seg_id": 3012704,
    "start_x": -110.02333333333661,
    "start_y": 51.375833333334185,
    "islake": 0,
    "lakeId": 0,
    "RATEACV": 0.0,
    "RATEBCV": 0.0,
    "lake_Vol": 0.0
  }
}