{
  "data": {
    "BotElev": 365.0,
    "Length": 30228.676903959124,
    "OBJECTID": null,
    "PFAF": "32626823",
    "PFAF_CODE": 326268230000.0,
    "PF_TYPE": 6,
    "Shape_Leng": 0.47146893027,
    "Slope": 0.000793948080369,
    "TopElev": 389.0,
    "Tosegment": 3021549,
    "end_x": -114.96770833333335,
    "end_y": 64.5300694444445,
    "flow_acc": 462.539,
    "seg_id": 3012533,
    "start_x": -114.52083333333343,
    "start_y": 64.54361111111109,
    "islake": 0,
    "lakeId": 0,
    "RATEACV": 0.0,
    "RATEBCV": 0.0,
    "lake_Vol": 0.0
  }
}