{
  "data": {
    "BotElev": 324.0,
    "Length": 7601.437691492879,
    "OBJECTID": null,
    "PFAF": "322446",
    "PFAF_CODE": 322446000000.0,
    "PF_TYPE": 5,
    "Shape_Leng": 0.07999894778,
    "Slope": 0.000131554061295,
    "TopElev": 325.0,
    "Tosegment": 3031404,
    "end_x": -116.42812500000008,
    "end_y": 65.75298611111106,
    "flow_acc": 474.417,
    "seg_id": 3013023,
    "start_x": -116.38125000000014,
    "start_y": 65.71548611111109,
    "islake": 0,
    "lakeId": 0,
    "RATEACV": 0.0,
    "RATEBCV": 0.0,
    "lake_Vol": 0.0
  }
}