{
  "data": {
    "BotElev": 719.0,
    "Length": 26950.652466001888,
    "OBJECTID": null,
    "PFAF": "321484",
    "PFAF_CODE": 321484000000.0,
    "PF_TYPE": 5,
    "Shape_Leng": 0.35273163163,
    "Slope": 0.008311487088581,
    "TopElev": 943.0,
    "Tosegment": 3028712,
    "end_x": -131.63229166666673,
    "end_y": 65.1384027777778,
    "flow_acc": 475.329,
    "seg_id": 3013057,
    "start_x": -131.94791666666674,
    "start_y": 65.14465277777782,
    "islake": 0,
    "lakeId": 0,
    "RATEACV": 0.0,
    "RATEBCV": 0.0,
    "lake_Vol": 0.0
  }
}