{
  "data": {
    "BotElev": 767.0,
    "Length": 38667.008287808254,
    "OBJECTID": null,
    "PFAF": "3153298",
    "PFAF_CODE": 315329800000.0,
    "PF_TYPE": 6,
    "Shape_Leng": 0.37465358929,
    "Slope": 0.005198229935554,
    "TopElev": 968.0,
    "Tosegment": 3028580,
    "end_x": -128.82124999999849,
    "end_y": 56.86291666666614,
    "flow_acc": 479.462,
    "seg_id": 3013203,
    "start_x": -129.13666666666506,
    "start_y": 56.90666666666618,
    "islake": 0,
    "lakeId": 0,
    "RATEACV": 0.0,
    "RATEBCV": 0.0,
    "lake_Vol": 0.0
  }
}