{
  "data": {
    "BotElev": 1136.0,
    "Length": 6006.042700560137,
    "OBJECTID": null,
    "PFAF": "342866",
    "PFAF_CODE": 342866000000.0,
    "PF_TYPE": 5,
    "Shape_Leng": 0.05527876982,
    "Slope": 0.006493460327274,
    "TopElev": 1175.0,
    "Tosegment": 3030143,
    "end_x": -114.1304166666689,
    "end_y": 50.4845833333344,
    "flow_acc": 504.14,
    "seg_id": 3013976,
    "start_x": -114.15916666666897,
    "start_y": 50.46750000000122,
    "islake": 0,
    "lakeId": 0,
    "RATEACV": 0.0,
    "RATEBCV": 0.0,
    "lake_Vol": 0.0
  }
}