{
  "data": {
    "BotElev": 15.0,
    "Length": 30951.415346790058,
    "OBJECTID": null,
    "PFAF": "31519243",
    "PFAF_CODE": 315192430000.0,
    "PF_TYPE": 6,
    "Shape_Leng": 0.26592093535,
    "Slope": 0.006623283546265,
    "TopElev": 220.0,
    "Tosegment": 3021986,
    "end_x": -127.82541666666549,
    "end_y": 53.0554166666671,
    "flow_acc": 500.726,
    "seg_id": 3013881,
    "start_x": -127.85958333333213,
    "start_y": 52.93166666666747,
    "islake": 0,
    "lakeId": 0,
    "RATEACV": 0.0,
    "RATEBCV": 0.0,
    "lake_Vol": 0.0
  }
}