{
  "data": {
    "BotElev": 580.0,
    "Length": 15835.686040625647,
    "OBJECTID": null,
    "PFAF": "3288943",
    "PFAF_CODE": 328894300000.0,
    "PF_TYPE": 5,
    "Shape_Leng": 0.16270412447,
    "Slope": 0.00088407915919,
    "TopElev": 594.0,
    "Tosegment": 3021418,
    "end_x": -116.16354166666679,
    "end_y": 55.51756944444446,
    "flow_acc": 488.015,
    "seg_id": 3013476,
    "start_x": -116.0729166666668,
    "start_y": 55.61548611111118,
    "islake": 0,
    "lakeId": 0,
    "RATEACV": 0.0,
    "RATEBCV": 0.0,
    "lake_Vol": 0.0
  }
}