{
  "data": {
    "BotElev": 314.0,
    "Length": 23679.350345018953,
    "OBJECTID": null,
    "PFAF": "3274228",
    "PFAF_CODE": 327422800000.0,
    "PF_TYPE": 6,
    "Shape_Leng": 0.24066310409,
    "Slope": 0.001478081091332,
    "TopElev": 349.0,
    "Tosegment": 3031807,
    "end_x": -116.5572916666668,
    "end_y": 59.771736111111125,
    "flow_acc": 484.257,
    "seg_id": 3013359,
    "start_x": -116.51666666666677,
    "start_y": 59.64361111111111,
    "islake": 0,
    "lakeId": 0,
    "RATEACV": 0.0,
    "RATEBCV": 0.0,
    "lake_Vol": 0.0
  }
}