{
  "data": {
    "BotElev": 274.0,
    "Length": 22676.63850162837,
    "OBJECTID": null,
    "PFAF": "333436",
    "PFAF_CODE": 333436000000.0,
    "PF_TYPE": 5,
    "Shape_Leng": 0.28147952491,
    "Slope": 0.005909165063877,
    "TopElev": 408.0,
    "Tosegment": 3042425,
    "end_x": -114.71145833323538,
    "end_y": 66.57798611087043,
    "flow_acc": 500.788,
    "seg_id": 3013882,
    "start_x": -114.87916666660834,
    "start_y": 66.41965277815336,
    "islake": 0,
    "lakeId": 0,
    "RATEACV": 0.0,
    "RATEBCV": 0.0,
    "lake_Vol": 0.0
  }
}