{
  "data": {
    "BotElev": 428.0,
    "Length": 12095.159243898868,
    "OBJECTID": null,
    "PFAF": "318932",
    "PFAF_CODE": 318932000000.0,
    "PF_TYPE": 5,
    "Shape_Leng": 0.18232977076,
    "Slope": 0.006862249460822,
    "TopElev": 511.0,
    "Tosegment": 3044249,
    "end_x": -139.0510416666666,
    "end_y": 62.90715277777775,
    "flow_acc": 498.226,
    "seg_id": 3013817,
    "start_x": -139.15416666666675,
    "start_y": 62.79569444444445,
    "islake": 0,
    "lakeId": 0,
    "RATEACV": 0.0,
    "RATEBCV": 0.0,
    "lake_Vol": 0.0
  }
}