{
  "data": {
    "BotElev": 359.0,
    "Length": 26925.16971455938,
    "OBJECTID": null,
    "PFAF": "3364652",
    "PFAF_CODE": 336465200000.0,
    "PF_TYPE": 6,
    "Shape_Leng": 0.29929255459,
    "Slope": 0.000445679642031,
    "TopElev": 371.0,
    "Tosegment": 3037325,
    "end_x": -104.01354166651458,
    "end_y": 61.43631944428711,
    "flow_acc": 501.376,
    "seg_id": 3013895,
    "start_x": -104.09166666658336,
    "start_y": 61.56236111077675,
    "islake": 0,
    "lakeId": 0,
    "RATEACV": 0.0,
    "RATEBCV": 0.0,
    "lake_Vol": 0.0
  }
}