{
  "data": {
    "BotElev": 849.0,
    "Length": 34886.32001096687,
    "OBJECTID": null,
    "PFAF": "342567",
    "PFAF_CODE": 342567000000.0,
    "PF_TYPE": 4,
    "Shape_Leng": 0.2822373435,
    "Slope": 0.003353750122203,
    "TopElev": 966.0,
    "Tosegment": 3021795,
    "end_x": -108.55125000000362,
    "end_y": 49.81875000000139,
    "flow_acc": 475.961,
    "seg_id": 3013081,
    "start_x": -108.70416666667023,
    "start_y": 49.82833333333468,
    "islake": 0,
    "lakeId": 0,
    "RATEACV": 0.0,
    "RATEBCV": 0.0,
    "lake_Vol": 0.0
  }
}