{
  "data": {
    "BotElev": 753.0,
    "Length": 33023.3111904085,
    "OBJECTID": null,
    "PFAF": "321268",
    "PFAF_CODE": 321268000000.0,
    "PF_TYPE": 5,
    "Shape_Leng": 0.38469651861,
    "Slope": 0.005269005248951,
    "TopElev": 927.0,
    "Tosegment": 3032862,
    "end_x": -134.68437500000005,
    "end_y": 64.92590277777782,
    "flow_acc": 504.57,
    "seg_id": 3013993,
    "start_x": -134.3416666666668,
    "start_y": 64.84048611111115,
    "islake": 0,
    "lakeId": 0,
    "RATEACV": 0.0,
    "RATEBCV": 0.0,
    "lake_Vol": 0.0
  }
}