{
  "data": {
    "BotElev": 659.0,
    "Length": 28359.706249453895,
    "OBJECTID": null,
    "PFAF": "329832",
    "PFAF_CODE": 329832000000.0,
    "PF_TYPE": 5,
    "Shape_Leng": 0.27084077362,
    "Slope": 0.00387874257344,
    "TopElev": 769.0,
    "Tosegment": 3041686,
    "end_x": -124.49270833333344,
    "end_y": 56.473819444444416,
    "flow_acc": 489.001,
    "seg_id": 3013508,
    "start_x": -124.43958333333336,
    "start_y": 56.6852777777778,
    "islake": 0,
    "lakeId": 0,
    "RATEACV": 0.0,
    "RATEBCV": 0.0,
    "lake_Vol": 0.0
  }
}