{
  "data": {
    "BotElev": 158.0,
    "Length": 46181.562276428,
    "OBJECTID": null,
    "PFAF": "3262642",
    "PFAF_CODE": 326264200000.0,
    "PF_TYPE": 6,
    "Shape_Leng": 0.58236787485,
    "Slope": 0.002122059002972,
    "TopElev": 256.0,
    "Tosegment": 3028443,
    "end_x": -115.55104166666678,
    "end_y": 63.230069444444496,
    "flow_acc": 523.867,
    "seg_id": 3014606,
    "start_x": -115.23541666666677,
    "start_y": 63.46340277777779,
    "islake": 0,
    "lakeId": 0,
    "RATEACV": 0.0,
    "RATEBCV": 0.0,
    "lake_Vol": 0.0
  }
}