{
  "data": {
    "BotElev": 198.0,
    "Length": 41537.96076982201,
    "OBJECTID": null,
    "PFAF": "3222363",
    "PFAF_CODE": 322236300000.0,
    "PF_TYPE": 5,
    "Shape_Leng": 0.56436868671,
    "Slope": 0.000890751479232,
    "TopElev": 235.0,
    "Tosegment": 3027038,
    "end_x": -122.08229166666678,
    "end_y": 64.65506944444456,
    "flow_acc": 515.059,
    "seg_id": 3014322,
    "start_x": -122.61041666666671,
    "start_y": 64.69256944444436,
    "islake": 0,
    "lakeId": 0,
    "RATEACV": 0.0,
    "RATEBCV": 0.0,
    "lake_Vol": 0.0
  }
}