{
  "data": {
    "BotElev": 513.0,
    "Length": 17303.368017452853,
    "OBJECTID": null,
    "PFAF": "324494",
    "PFAF_CODE": 324494000000.0,
    "PF_TYPE": 5,
    "Shape_Leng": 0.19079846067,
    "Slope": 0.001907143162344,
    "TopElev": 546.0,
    "Tosegment": 3033505,
    "end_x": -119.6531250000001,
    "end_y": 59.62381944444451,
    "flow_acc": 530.364,
    "seg_id": 3014807,
    "start_x": -119.56875000000008,
    "start_y": 59.7342361111111,
    "islake": 0,
    "lakeId": 0,
    "RATEACV": 0.0,
    "RATEBCV": 0.0,
    "lake_Vol": 0.0
  }
}