{
  "data": {
    "BotElev": 30.0,
    "Length": 22555.484696195384,
    "OBJECTID": null,
    "PFAF": "3151964",
    "PFAF_CODE": 315196400000.0,
    "PF_TYPE": 6,
    "Shape_Leng": 0.19038792676,
    "Slope": 0.004300506121084,
    "TopElev": 127.0,
    "Tosegment": 3028202,
    "end_x": -128.6120833333319,
    "end_y": 54.129583333333755,
    "flow_acc": 519.719,
    "seg_id": 3014471,
    "start_x": -128.67958333333183,
    "start_y": 54.23250000000047,
    "islake": 0,
    "lakeId": 0,
    "RATEACV": 0.0,
    "RATEBCV": 0.0,
    "lake_Vol": 0.0
  }
}