{
  "data": {
    "BotElev": 647.0,
    "Length": 27600.85054123451,
    "OBJECTID": null,
    "PFAF": "3292992",
    "PFAF_CODE": 329299200000.0,
    "PF_TYPE": 6,
    "Shape_Leng": 0.31033737662,
    "Slope": 0.000652153815808,
    "TopElev": 665.0,
    "Tosegment": 3026256,
    "end_x": -115.66145833333348,
    "end_y": 55.91756944444438,
    "flow_acc": 509.692,
    "seg_id": 3014151,
    "start_x": -115.88958333333346,
    "start_y": 55.83736111111125,
    "islake": 0,
    "lakeId": 0,
    "RATEACV": 0.0,
    "RATEBCV": 0.0,
    "lake_Vol": 0.0
  }
}