{
  "data": {
    "BotElev": 46.0,
    "Length": 20700.813943417397,
    "OBJECTID": null,
    "PFAF": "321632",
    "PFAF_CODE": 321632000000.0,
    "PF_TYPE": 5,
    "Shape_Leng": 0.29280776503,
    "Slope": 0.001739062053231,
    "TopElev": 82.0,
    "Tosegment": 3039285,
    "end_x": -128.0718750000001,
    "end_y": 66.41548611111102,
    "flow_acc": 518.502,
    "seg_id": 3014432,
    "start_x": -127.83750000000003,
    "start_y": 66.39986111111108,
    "islake": 0,
    "lakeId": 0,
    "RATEACV": 0.0,
    "RATEBCV": 0.0,
    "lake_Vol": 0.0
  }
}