{
  "data": {
    "BotElev": 476.0,
    "Length": 47978.2661404266,
    "OBJECTID": null,
    "PFAF": "3274632",
    "PFAF_CODE": 327463200000.0,
    "PF_TYPE": 6,
    "Shape_Leng": 0.52272742277,
    "Slope": 0.00341821439566,
    "TopElev": 640.0,
    "Tosegment": 3038032,
    "end_x": -118.59687500000013,
    "end_y": 57.89881944444443,
    "flow_acc": 525.509,
    "seg_id": 3014662,
    "start_x": -119.03958333333344,
    "start_y": 57.90715277777787,
    "islake": 0,
    "lakeId": 0,
    "RATEACV": 0.0,
    "RATEBCV": 0.0,
    "lake_Vol": 0.0
  }
}