{
  "data": {
    "BotElev": 358.0,
    "Length": 27617.60397574399,
    "OBJECTID": null,
    "PFAF": "322727",
    "PFAF_CODE": 322727000000.0,
    "PF_TYPE": 4,
    "Shape_Leng": 0.28277394458,
    "Slope": 0.001810439458974,
    "TopElev": 408.0,
    "Tosegment": 3025568,
    "end_x": -120.70104166666675,
    "end_y": 67.35090277777783,
    "flow_acc": 532.792,
    "seg_id": 3014883,
    "start_x": -120.67916666666673,
    "start_y": 67.55402777777783,
    "islake": 0,
    "lakeId": 0,
    "RATEACV": 0.0,
    "RATEBCV": 0.0,
    "lake_Vol": 0.0
  }
}