{
  "data": {
    "BotElev": 1117.0,
    "Length": 31265.792480061875,
    "OBJECTID": null,
    "PFAF": "3298992",
    "PFAF_CODE": 329899200000.0,
    "PF_TYPE": 6,
    "Shape_Leng": 0.2606334925,
    "Slope": 0.001567207996767,
    "TopElev": 1166.0,
    "Tosegment": 3029525,
    "end_x": -126.87812500000007,
    "end_y": 57.030069444444564,
    "flow_acc": 529.298,
    "seg_id": 3014770,
    "start_x": -126.68125000000009,
    "start_y": 56.92277777777787,
    "islake": 0,
    "lakeId": 0,
    "RATEACV": 0.0,
    "RATEBCV": 0.0,
    "lake_Vol": 0.0
  }
}