{
  "data": {
    "BotElev": 14.0,
    "Length": 47261.28333079353,
    "OBJECTID": null,
    "PFAF": "321534",
    "PFAF_CODE": 321534000000.0,
    "PF_TYPE": 5,
    "Shape_Leng": 0.56166989809,
    "Slope": 0.003829773278333,
    "TopElev": 195.0,
    "Tosegment": 3045345,
    "end_x": -131.99479166666669,
    "end_y": 67.35090277777783,
    "flow_acc": 514.599,
    "seg_id": 3014305,
    "start_x": -131.6791666666668,
    "start_y": 67.14777777777789,
    "islake": 0,
    "lakeId": 0,
    "RATEACV": 0.0,
    "RATEBCV": 0.0,
    "lake_Vol": 0.0
  }
}