{
  "data": {
    "BotElev": 200.0,
    "Length": 12660.350098540019,
    "OBJECTID": null,
    "PFAF": "325878",
    "PFAF_CODE": 325878000000.0,
    "PF_TYPE": 5,
    "Shape_Leng": 0.11923753899,
    "Slope": 0.00165872190236,
    "TopElev": 221.0,
    "Tosegment": 3038067,
    "end_x": -117.78854166666679,
    "end_y": 62.28006944444439,
    "flow_acc": 522.029,
    "seg_id": 3014543,
    "start_x": -117.78333333333347,
    "start_y": 62.34569444444446,
    "islake": 0,
    "lakeId": 0,
    "RATEACV": 0.0,
    "RATEBCV": 0.0,
    "lake_Vol": 0.0
  }
}