{
  "data": {
    "BotElev": 646.0,
    "Length": 22880.314490925186,
    "OBJECTID": null,
    "PFAF": "3424764",
    "PFAF_CODE": 342476400000.0,
    "PF_TYPE": 6,
    "Shape_Leng": 0.27775931932,
    "Slope": 0.000830408166266,
    "TopElev": 665.0,
    "Tosegment": 3032349,
    "end_x": -113.67375000000237,
    "end_y": 53.61875000000032,
    "flow_acc": 526.697,
    "seg_id": 3014698,
    "start_x": -113.92583333333562,
    "start_y": 53.57708333333369,
    "islake": 0,
    "lakeId": 0,
    "RATEACV": 0.0,
    "RATEBCV": 0.0,
    "lake_Vol": 0.0
  }
}