{
  "data": {
    "BotElev": 212.0,
    "Length": 16696.153904431998,
    "OBJECTID": null,
    "PFAF": "32832",
    "PFAF_CODE": 328320000000.0,
    "PF_TYPE": 4,
    "Shape_Leng": 0.15997993313,
    "Slope": -0.000119788066847,
    "TopElev": 210.0,
    "Tosegment": 3044618,
    "end_x": -111.28854166666667,
    "end_y": 58.836319444444484,
    "flow_acc": 535.647,
    "seg_id": 3014971,
    "start_x": -111.3562500000001,
    "start_y": 58.70611111111111,
    "islake": 0,
    "lakeId": 0,
    "RATEACV": 0.0,
    "RATEBCV": 0.0,
    "lake_Vol": 0.0
  }
}