{
  "data": {
    "BotElev": 463.0,
    "Length": 37966.1083471648,
    "OBJECTID": null,
    "PFAF": "3244743",
    "PFAF_CODE": 324474300000.0,
    "PF_TYPE": 5,
    "Shape_Leng": 0.41107766633,
    "Slope": 0.002133481769038,
    "TopElev": 544.0,
    "Tosegment": 3022566,
    "end_x": -120.58437500000014,
    "end_y": 59.74465277777779,
    "flow_acc": 530.421,
    "seg_id": 3014809,
    "start_x": -120.38333333333344,
    "start_y": 59.98736111111117,
    "islake": 0,
    "lakeId": 0,
    "RATEACV": 0.0,
    "RATEBCV": 0.0,
    "lake_Vol": 0.0
  }
}