{
  "data": {
    "BotElev": 71.0,
    "Length": 26317.960194668463,
    "OBJECTID": null,
    "PFAF": "33399787",
    "PFAF_CODE": 333997870000.0,
    "PF_TYPE": 6,
    "Shape_Leng": 0.48533737723,
    "Slope": 0.000455962388849,
    "TopElev": 83.0,
    "Tosegment": 3021712,
    "end_x": -112.1302083334478,
    "end_y": 69.04881944436198,
    "flow_acc": 522.748,
    "seg_id": 3014567,
    "start_x": -112.54166666678321,
    "start_y": 68.97486111125141,
    "islake": 0,
    "lakeId": 0,
    "RATEACV": 0.0,
    "RATEBCV": 0.0,
    "lake_Vol": 0.0
  }
}