{
  "data": {
    "BotElev": 329.0,
    "Length": 30373.40113954334,
    "OBJECTID": null,
    "PFAF": "322448",
    "PFAF_CODE": 322448000000.0,
    "PF_TYPE": 5,
    "Shape_Leng": 0.46502224608,
    "Slope": 0.001185247573514,
    "TopElev": 365.0,
    "Tosegment": 3029667,
    "end_x": -116.32395833333345,
    "end_y": 65.77381944444437,
    "flow_acc": 533.614,
    "seg_id": 3014913,
    "start_x": -115.92916666666679,
    "start_y": 65.89673611111107,
    "islake": 0,
    "lakeId": 0,
    "RATEACV": 0.0,
    "RATEBCV": 0.0,
    "lake_Vol": 0.0
  }
}