{
  "data": {
    "BotElev": -2.0,
    "Length": 24067.91081677901,
    "OBJECTID": null,
    "PFAF": "315336",
    "PFAF_CODE": 315336000000.0,
    "PF_TYPE": 5,
    "Shape_Leng": 0.21691669658,
    "Slope": 0.006190815693738,
    "TopElev": 147.0,
    "Tosegment": -9999,
    "end_x": -130.02958333333152,
    "end_y": 55.90708333333305,
    "flow_acc": 526.168,
    "seg_id": 3014677,
    "start_x": -130.04083333333153,
    "start_y": 56.044999999999675,
    "islake": 0,
    "lakeId": 0,
    "RATEACV": 0.0,
    "RATEBCV": 0.0,
    "lake_Vol": 0.0
  }
}