{
  "data": {
    "BotElev": 140.0,
    "Length": 15858.373659394845,
    "OBJECTID": null,
    "PFAF": "33188",
    "PFAF_CODE": 331880000000.0,
    "PF_TYPE": 4,
    "Shape_Leng": 0.25753915605,
    "Slope": 0.000756698023248,
    "TopElev": 152.0,
    "Tosegment": 3029167,
    "end_x": -131.6281249996689,
    "end_y": 68.02798611067055,
    "flow_acc": 515.312,
    "seg_id": 3014335,
    "start_x": -131.8437500003621,
    "start_y": 67.94986111150126,
    "islake": 0,
    "lakeId": 0,
    "RATEACV": 0.0,
    "RATEBCV": 0.0,
    "lake_Vol": 0.0
  }
}