{
  "data": {
    "BotElev": 702.0,
    "Length": 41642.72513717357,
    "OBJECTID": null,
    "PFAF": "329685",
    "PFAF_CODE": 329685000000.0,
    "PF_TYPE": 4,
    "Shape_Leng": 0.43724942849,
    "Slope": 0.001392800298466,
    "TopElev": 760.0,
    "Tosegment": 3022969,
    "end_x": -120.5281250000001,
    "end_y": 56.98215277777791,
    "flow_acc": 509.367,
    "seg_id": 3014142,
    "start_x": -120.41562500000003,
    "start_y": 57.24152777777783,
    "islake": 0,
    "lakeId": 0,
    "RATEACV": 0.0,
    "RATEBCV": 0.0,
    "lake_Vol": 0.0
  }
}