{
  "data": {
    "BotElev": 84.0,
    "Length": 20588.76227849895,
    "OBJECTID": null,
    "PFAF": "3217226",
    "PFAF_CODE": 321722600000.0,
    "PF_TYPE": 6,
    "Shape_Leng": 0.30501164915,
    "Slope": 0.000339991297452,
    "TopElev": 91.0,
    "Tosegment": 3024354,
    "end_x": -130.3822916666668,
    "end_y": 66.25506944444436,
    "flow_acc": 515.645,
    "seg_id": 3014353,
    "start_x": -130.66875000000005,
    "start_y": 66.23944444444442,
    "islake": 0,
    "lakeId": 0,
    "RATEACV": 0.0,
    "RATEBCV": 0.0,
    "lake_Vol": 0.0
  }
}