{
  "data": {
    "BotElev": 296.0,
    "Length": 28928.929243364713,
    "OBJECTID": null,
    "PFAF": "3186664",
    "PFAF_CODE": 318666400000.0,
    "PF_TYPE": 6,
    "Shape_Leng": 0.49644570675,
    "Slope": 0.001935778525672,
    "TopElev": 352.0,
    "Tosegment": 3030467,
    "end_x": -138.98645833333336,
    "end_y": 68.0134027777778,
    "flow_acc": 510.218,
    "seg_id": 3014162,
    "start_x": -138.57083333333333,
    "start_y": 68.19673611111119,
    "islake": 0,
    "lakeId": 0,
    "RATEACV": 0.0,
    "RATEBCV": 0.0,
    "lake_Vol": 0.0
  }
}