{
  "data": {
    "BotElev": 365.0,
    "Length": 35530.858138174524,
    "OBJECTID": null,
    "PFAF": "3295392",
    "PFAF_CODE": 329539200000.0,
    "PF_TYPE": 6,
    "Shape_Leng": 0.39635897642,
    "Slope": 0.008612232184486,
    "TopElev": 671.0,
    "Tosegment": 3044115,
    "end_x": -118.95729166666678,
    "end_y": 56.230069444444496,
    "flow_acc": 530.977,
    "seg_id": 3014829,
    "start_x": -118.7000000000001,
    "start_y": 56.38840277777791,
    "islake": 0,
    "lakeId": 0,
    "RATEACV": 0.0,
    "RATEBCV": 0.0,
    "lake_Vol": 0.0
  }
}