{
  "data": {
    "BotElev": 926.0,
    "Length": 8234.510465003988,
    "OBJECTID": null,
    "PFAF": "3188943",
    "PFAF_CODE": 318894300000.0,
    "PF_TYPE": 5,
    "Shape_Leng": 0.07889595351,
    "Slope": 0.00412896433182,
    "TopElev": 960.0,
    "Tosegment": 3025984,
    "end_x": -130.9760416666668,
    "end_y": 63.205069444444575,
    "flow_acc": 534.695,
    "seg_id": 3014944,
    "start_x": -130.93020833333344,
    "start_y": 63.16131944444453,
    "islake": 0,
    "lakeId": 0,
    "RATEACV": 0.0,
    "RATEBCV": 0.0,
    "lake_Vol": 0.0
  }
}