{
  "data": {
    "BotElev": 370.0,
    "Length": 13393.780636178077,
    "OBJECTID": null,
    "PFAF": "3284944",
    "PFAF_CODE": 328494400000.0,
    "PF_TYPE": 6,
    "Shape_Leng": 0.1626300955,
    "Slope": 0.002463830108645,
    "TopElev": 403.0,
    "Tosegment": 3028366,
    "end_x": -103.73645833333347,
    "end_y": 59.53631944444447,
    "flow_acc": 507.77,
    "seg_id": 3014090,
    "start_x": -103.60208333333344,
    "start_y": 59.560277777777856,
    "islake": 0,
    "lakeId": 0,
    "RATEACV": 0.0,
    "RATEBCV": 0.0,
    "lake_Vol": 0.0
  }
}