{
  "data": {
    "BotElev": 9.0,
    "Length": 36064.96526130055,
    "OBJECTID": null,
    "PFAF": "315212",
    "PFAF_CODE": 315212000000.0,
    "PF_TYPE": 5,
    "Shape_Leng": 0.28448608084,
    "Slope": 0.000720921254509,
    "TopElev": 35.0,
    "Tosegment": 3042908,
    "end_x": -129.31124999999832,
    "end_y": 54.3237500000003,
    "flow_acc": 531.094,
    "seg_id": 3014833,
    "start_x": -129.4758333333317,
    "start_y": 54.46000000000038,
    "islake": 0,
    "lakeId": 0,
    "RATEACV": 0.0,
    "RATEBCV": 0.0,
    "lake_Vol": 0.0
  }
}