{
  "data": {
    "BotElev": 661.0,
    "Length": 14977.068793232995,
    "OBJECTID": null,
    "PFAF": "329692",
    "PFAF_CODE": 329692000000.0,
    "PF_TYPE": 5,
    "Shape_Leng": 0.16285218241,
    "Slope": 0.003739049394318,
    "TopElev": 717.0,
    "Tosegment": 3035981,
    "end_x": -120.93854166666665,
    "end_y": 57.03215277777781,
    "flow_acc": 504.811,
    "seg_id": 3014007,
    "start_x": -120.86458333333343,
    "start_y": 57.13631944444455,
    "islake": 0,
    "lakeId": 0,
    "RATEACV": 0.0,
    "RATEBCV": 0.0,
    "lake_Vol": 0.0
  }
}