{
  "data": {
    "BotElev": 458.0,
    "Length": 49598.00487074624,
    "OBJECTID": null,
    "PFAF": "3244363",
    "PFAF_CODE": 324436300000.0,
    "PF_TYPE": 5,
    "Shape_Leng": 0.59808486626,
    "Slope": 0.001935561727738,
    "TopElev": 554.0,
    "Tosegment": 3024057,
    "end_x": -121.5260416666668,
    "end_y": 59.917569444444496,
    "flow_acc": 510.208,
    "seg_id": 3014161,
    "start_x": -121.00000000000006,
    "start_y": 59.94465277777783,
    "islake": 0,
    "lakeId": 0,
    "RATEACV": 0.0,
    "RATEBCV": 0.0,
    "lake_Vol": 0.0
  }
}