{
  "data": {
    "BotElev": 603.0,
    "Length": 33547.07594637877,
    "OBJECTID": null,
    "PFAF": "34247163",
    "PFAF_CODE": 342471630000.0,
    "PF_TYPE": 6,
    "Shape_Leng": 0.27060536897,
    "Slope": 0.000924074576561,
    "TopElev": 634.0,
    "Tosegment": 3023415,
    "end_x": -111.69041666666953,
    "end_y": 54.00541666666686,
    "flow_acc": 529.985,
    "seg_id": 3014795,
    "start_x": -111.87083333333612,
    "start_y": 54.11333333333357,
    "islake": 0,
    "lakeId": 0,
    "RATEACV": 0.0,
    "RATEBCV": 0.0,
    "lake_Vol": 0.0
  }
}