{
  "data": {
    "BotElev": 1150.0,
    "Length": 46528.3931397941,
    "OBJECTID": null,
    "PFAF": "3129994",
    "PFAF_CODE": 312999400000.0,
    "PF_TYPE": 6,
    "Shape_Leng": 0.33691248772,
    "Slope": 0.001869826016527,
    "TopElev": 1237.0,
    "Tosegment": 3029820,
    "end_x": -116.00541666666851,
    "end_y": 50.823750000001155,
    "flow_acc": 533.726,
    "seg_id": 3014916,
    "start_x": -116.2408333333351,
    "start_y": 50.99416666666798,
    "islake": 0,
    "lakeId": 0,
    "RATEACV": 0.0,
    "RATEBCV": 0.0,
    "lake_Vol": 0.0
  }
}