{
  "data": {
    "BotElev": 152.0,
    "Length": 18442.072793755135,
    "OBJECTID": null,
    "PFAF": "3199969",
    "PFAF_CODE": 319996900000.0,
    "PF_TYPE": 5,
    "Shape_Leng": 0.26674813592,
    "Slope": 0.006344189251851,
    "TopElev": 269.0,
    "Tosegment": 3028210,
    "end_x": -137.8281250000001,
    "end_y": 68.5154861111111,
    "flow_acc": 536.397,
    "seg_id": 3014984,
    "start_x": -137.91666666666663,
    "start_y": 68.36965277777773,
    "islake": 0,
    "lakeId": 0,
    "RATEACV": 0.0,
    "RATEBCV": 0.0,
    "lake_Vol": 0.0
  }
}