{
  "data": {
    "BotElev": 343.0,
    "Length": 36718.6953093668,
    "OBJECTID": null,
    "PFAF": "3362932",
    "PFAF_CODE": 336293200000.0,
    "PF_TYPE": 6,
    "Shape_Leng": 0.36354384806,
    "Slope": 0.001579576820781,
    "TopElev": 401.0,
    "Tosegment": 3036509,
    "end_x": -102.84062499964398,
    "end_y": 60.180069444549304,
    "flow_acc": 517.232,
    "seg_id": 3014392,
    "start_x": -103.01666666693308,
    "start_y": 59.93111111088922,
    "islake": 0,
    "lakeId": 0,
    "RATEACV": 0.0,
    "RATEBCV": 0.0,
    "lake_Vol": 0.0
  }
}