{
  "data": {
    "BotElev": 673.0,
    "Length": 8378.621116932409,
    "OBJECTID": null,
    "PFAF": "31896362",
    "PFAF_CODE": 318963620000.0,
    "PF_TYPE": 7,
    "Shape_Leng": 0.07361359121,
    "Slope": 0.006086920423807,
    "TopElev": 724.0,
    "Tosegment": 3026593,
    "end_x": -134.46562500000005,
    "end_y": 60.6800694444446,
    "flow_acc": 547.821,
    "seg_id": 3015288,
    "start_x": -134.5125000000001,
    "start_y": 60.722777777777935,
    "islake": 0,
    "lakeId": 0,
    "RATEACV": 0.0,
    "RATEBCV": 0.0,
    "lake_Vol": 0.0
  }
}