{
  "data": {
    "BotElev": 847.0,
    "Length": 18474.070024901754,
    "OBJECTID": null,
    "PFAF": "329822",
    "PFAF_CODE": 329822000000.0,
    "PF_TYPE": 5,
    "Shape_Leng": 0.17018721425,
    "Slope": 0.009310346868241,
    "TopElev": 1019.0,
    "Tosegment": 3033653,
    "end_x": -124.04687500000006,
    "end_y": 56.76131944444455,
    "flow_acc": 566.492,
    "seg_id": 3015841,
    "start_x": -124.03541666666678,
    "start_y": 56.872777777777856,
    "islake": 0,
    "lakeId": 0,
    "RATEACV": 0.0,
    "RATEBCV": 0.0,
    "lake_Vol": 0.0
  }
}