{
  "data": {
    "BotElev": 729.0,
    "Length": 43202.6192070138,
    "OBJECTID": null,
    "PFAF": "3249972",
    "PFAF_CODE": 324997200000.0,
    "PF_TYPE": 6,
    "Shape_Leng": 0.520138588,
    "Slope": 0.008193947647103,
    "TopElev": 1083.0,
    "Tosegment": 3035480,
    "end_x": -129.6239583333334,
    "end_y": 61.40298611111109,
    "flow_acc": 562.253,
    "seg_id": 3015716,
    "start_x": -130.03958333333344,
    "start_y": 61.3279861111111,
    "islake": 0,
    "lakeId": 0,
    "RATEACV": 0.0,
    "RATEBCV": 0.0,
    "lake_Vol": 0.0
  }
}