{
  "data": {
    "BotElev": 1105.0,
    "Length": 60892.94700294068,
    "OBJECTID": null,
    "PFAF": "342696",
    "PFAF_CODE": 342696000000.0,
    "PF_TYPE": 5,
    "Shape_Leng": 0.54454109516,
    "Slope": 0.003941343157335,
    "TopElev": 1345.0,
    "Tosegment": 3033384,
    "end_x": -114.6537500000021,
    "end_y": 51.75458333333415,
    "flow_acc": 542.084,
    "seg_id": 3015152,
    "start_x": -114.92000000000206,
    "start_y": 51.59500000000082,
    "islake": 0,
    "lakeId": 0,
    "RATEACV": 0.0,
    "RATEBCV": 0.0,
    "lake_Vol": 0.0
  }
}