{
  "data": {
    "BotElev": 429.0,
    "Length": 15272.205396932026,
    "OBJECTID": null,
    "PFAF": "3386264",
    "PFAF_CODE": 338626400000.0,
    "PF_TYPE": 6,
    "Shape_Leng": 0.12794206775,
    "Slope": 0.001375046985959,
    "TopElev": 450.0,
    "Tosegment": 3027628,
    "end_x": -108.3537500003622,
    "end_y": 55.11541666654597,
    "flow_acc": 567.004,
    "seg_id": 3015857,
    "start_x": -108.37833333361641,
    "start_y": 55.03333333376645,
    "islake": 0,
    "lakeId": 0,
    "RATEACV": 0.0,
    "RATEBCV": 0.0,
    "lake_Vol": 0.0
  }
}