{
  "data": {
    "BotElev": 267.0,
    "Length": 14813.287211583469,
    "OBJECTID": null,
    "PFAF": "323696",
    "PFAF_CODE": 323696000000.0,
    "PF_TYPE": 5,
    "Shape_Leng": 0.19050234478,
    "Slope": 0.00040504176516,
    "TopElev": 273.0,
    "Tosegment": 3027755,
    "end_x": -119.30937500000016,
    "end_y": 63.22381944444447,
    "flow_acc": 552.823,
    "seg_id": 3015431,
    "start_x": -119.18750000000011,
    "start_y": 63.28423611111117,
    "islake": 0,
    "lakeId": 0,
    "RATEACV": 0.0,
    "RATEBCV": 0.0,
    "lake_Vol": 0.0
  }
}