{
  "data": {
    "BotElev": 523.0,
    "Length": 42708.677674664585,
    "OBJECTID": null,
    "PFAF": "344983",
    "PFAF_CODE": 344983000000.0,
    "PF_TYPE": 4,
    "Shape_Leng": 0.40506307097,
    "Slope": 0.00021073000828,
    "TopElev": 532.0,
    "Tosegment": 3026746,
    "end_x": -104.26791666667145,
    "end_y": 52.62291666666732,
    "flow_acc": 568.018,
    "seg_id": 3015896,
    "start_x": -104.47875000000477,
    "start_y": 52.519166666667275,
    "islake": 0,
    "lakeId": 0,
    "RATEACV": 0.0,
    "RATEBCV": 0.0,
    "lake_Vol": 0.0
  }
}