{
  "data": {
    "BotElev": -4.0,
    "Length": 27487.50979786544,
    "OBJECTID": null,
    "PFAF": "315383",
    "PFAF_CODE": 315383000000.0,
    "PF_TYPE": 4,
    "Shape_Leng": 0.29384986754,
    "Slope": 0.004110958061715,
    "TopElev": 109.0,
    "Tosegment": 3022758,
    "end_x": -131.51208333333125,
    "end_y": 56.22124999999966,
    "flow_acc": 562.656,
    "seg_id": 3015732,
    "start_x": -131.3824999999979,
    "start_y": 56.36041666666654,
    "islake": 0,
    "lakeId": 0,
    "RATEACV": 0.0,
    "RATEBCV": 0.0,
    "lake_Vol": 0.0
  }
}