{
  "data": {
    "BotElev": 452.0,
    "Length": 46287.433769762625,
    "OBJECTID": null,
    "PFAF": "321244",
    "PFAF_CODE": 321244000000.0,
    "PF_TYPE": 5,
    "Shape_Leng": 0.58400703436,
    "Slope": 0.005422638058711,
    "TopElev": 703.0,
    "Tosegment": 3038410,
    "end_x": -134.65104166666674,
    "end_y": 65.36340277777776,
    "flow_acc": 570.398,
    "seg_id": 3015975,
    "start_x": -134.1375000000001,
    "start_y": 65.30923611111109,
    "islake": 0,
    "lakeId": 0,
    "RATEACV": 0.0,
    "RATEBCV": 0.0,
    "lake_Vol": 0.0
  }
}