{
  "data": {
    "BotElev": 360.0,
    "Length": 42687.509524499685,
    "OBJECTID": null,
    "PFAF": "338428",
    "PFAF_CODE": 338428000000.0,
    "PF_TYPE": 5,
    "Shape_Leng": 0.37276527205,
    "Slope": 0.000468521125331,
    "TopElev": 380.0,
    "Tosegment": 3029510,
    "end_x": -105.20708333302929,
    "end_y": 54.9462499997378,
    "flow_acc": 556.688,
    "seg_id": 3015536,
    "start_x": -105.3537500000624,
    "start_y": 54.865833333741534,
    "islake": 0,
    "lakeId": 0,
    "RATEACV": 0.0,
    "RATEBCV": 0.0,
    "lake_Vol": 0.0
  }
}