{
  "data": {
    "BotElev": 330.0,
    "Length": 27531.80207935465,
    "OBJECTID": null,
    "PFAF": "3153272",
    "PFAF_CODE": 315327200000.0,
    "PF_TYPE": 6,
    "Shape_Leng": 0.23539808785,
    "Slope": 0.008172367335472,
    "TopElev": 555.0,
    "Tosegment": 3037006,
    "end_x": -128.79791666666517,
    "end_y": 56.194583333333014,
    "flow_acc": 541.906,
    "seg_id": 3015145,
    "start_x": -128.76374999999854,
    "start_y": 56.02083333333309,
    "islake": 0,
    "lakeId": 0,
    "RATEACV": 0.0,
    "RATEBCV": 0.0,
    "lake_Vol": 0.0
  }
}