{
  "data": {
    "BotElev": 518.0,
    "Length": 49482.32562615208,
    "OBJECTID": null,
    "PFAF": "3189254",
    "PFAF_CODE": 318925400000.0,
    "PF_TYPE": 6,
    "Shape_Leng": 0.64174813592,
    "Slope": 0.002263434440131,
    "TopElev": 630.0,
    "Tosegment": 3041740,
    "end_x": -139.44270833333331,
    "end_y": 62.54256944444461,
    "flow_acc": 552.243,
    "seg_id": 3015417,
    "start_x": -138.84791666666672,
    "start_y": 62.64048611111133,
    "islake": 0,
    "lakeId": 0,
    "RATEACV": 0.0,
    "RATEBCV": 0.0,
    "lake_Vol": 0.0
  }
}