{
  "data": {
    "BotElev": 683.0,
    "Length": 33704.99930454742,
    "OBJECTID": null,
    "PFAF": "3427422",
    "PFAF_CODE": 342742200000.0,
    "PF_TYPE": 6,
    "Shape_Leng": 0.28417051447,
    "Slope": 0.0046580626981,
    "TopElev": 840.0,
    "Tosegment": 3027598,
    "end_x": -110.61708333333644,
    "end_y": 50.003750000001276,
    "flow_acc": 537.952,
    "seg_id": 3015031,
    "start_x": -110.66125000000318,
    "start_y": 49.82666666666796,
    "islake": 0,
    "lakeId": 0,
    "RATEACV": 0.0,
    "RATEBCV": 0.0,
    "lake_Vol": 0.0
  }
}