{
  "data": {
    "BotElev": 470.0,
    "Length": 38937.72031646102,
    "OBJECTID": null,
    "PFAF": "3333264",
    "PFAF_CODE": 333326400000.0,
    "PF_TYPE": 6,
    "Shape_Leng": 0.54607556287,
    "Slope": 0.001207055770549,
    "TopElev": 517.0,
    "Tosegment": 3028816,
    "end_x": -120.91770833297318,
    "end_y": 68.00923611115775,
    "flow_acc": 547.17,
    "seg_id": 3015270,
    "start_x": -120.62916666680815,
    "start_y": 68.13944444460554,
    "islake": 0,
    "lakeId": 0,
    "RATEACV": 0.0,
    "RATEBCV": 0.0,
    "lake_Vol": 0.0
  }
}