{
  "data": {
    "BotElev": 43.0,
    "Length": 27522.506750020417,
    "OBJECTID": null,
    "PFAF": "333386",
    "PFAF_CODE": 333386000000.0,
    "PF_TYPE": 5,
    "Shape_Leng": 0.38255185488,
    "Slope": 0.004723406962191,
    "TopElev": 173.0,
    "Tosegment": 3029785,
    "end_x": -116.96354166671438,
    "end_y": 67.86131944403729,
    "flow_acc": 565.648,
    "seg_id": 3015818,
    "start_x": -117.23750000032459,
    "start_y": 67.79048611114513,
    "islake": 0,
    "lakeId": 0,
    "RATEACV": 0.0,
    "RATEBCV": 0.0,
    "lake_Vol": 0.0
  }
}