{
  "data": {
    "BotElev": 210.0,
    "Length": 29960.265309257986,
    "OBJECTID": null,
    "PFAF": "333265",
    "PFAF_CODE": 333265000000.0,
    "PF_TYPE": 4,
    "Shape_Leng": 0.38385897706,
    "Slope": 0.001234969037092,
    "TopElev": 247.0,
    "Tosegment": 3023859,
    "end_x": -124.08020833294813,
    "end_y": 68.9529861115198,
    "flow_acc": 540.773,
    "seg_id": 3015110,
    "start_x": -124.13750000002489,
    "start_y": 69.11340277771609,
    "islake": 0,
    "lakeId": 0,
    "RATEACV": 0.0,
    "RATEBCV": 0.0,
    "lake_Vol": 0.0
  }
}