{
  "data": {
    "BotElev": 959.0,
    "Length": 27855.050373473507,
    "OBJECTID": null,
    "PFAF": "3189892",
    "PFAF_CODE": 318989200000.0,
    "PF_TYPE": 6,
    "Shape_Leng": 0.29438559693,
    "Slope": 0.001507805566203,
    "TopElev": 1001.0,
    "Tosegment": 3029105,
    "end_x": -132.28854166666673,
    "end_y": 61.16131944444459,
    "flow_acc": 560.865,
    "seg_id": 3015659,
    "start_x": -132.02500000000003,
    "start_y": 61.11027777777781,
    "islake": 0,
    "lakeId": 0,
    "RATEACV": 0.0,
    "RATEBCV": 0.0,
    "lake_Vol": 0.0
  }
}