{
  "data": {
    "BotElev": 357.0,
    "Length": 41219.75206982034,
    "OBJECTID": null,
    "PFAF": "336993",
    "PFAF_CODE": 336993000000.0,
    "PF_TYPE": 2,
    "Shape_Leng": 0.31608187539,
    "Slope": 0.000557984918518,
    "TopElev": 380.0,
    "Tosegment": 3025945,
    "end_x": -106.77812499986874,
    "end_y": 62.66756944407467,
    "flow_acc": 588.323,
    "seg_id": 3016465,
    "start_x": -106.83333333346656,
    "start_y": 62.91861111121398,
    "islake": 0,
    "lakeId": 0,
    "RATEACV": 0.0,
    "RATEBCV": 0.0,
    "lake_Vol": 0.0
  }
}