{
  "data": {
    "BotElev": 1202.0,
    "Length": 42618.02208810719,
    "OBJECTID": null,
    "PFAF": "3294647",
    "PFAF_CODE": 329464700000.0,
    "PF_TYPE": 5,
    "Shape_Leng": 0.4246499968,
    "Slope": 0.005021349877702,
    "TopElev": 1416.0,
    "Tosegment": 3027748,
    "end_x": -119.6822916666668,
    "end_y": 54.084236111111125,
    "flow_acc": 578.622,
    "seg_id": 3016199,
    "start_x": -120.05208333333348,
    "start_y": 54.091527777777856,
    "islake": 0,
    "lakeId": 0,
    "RATEACV": 0.0,
    "RATEBCV": 0.0,
    "lake_Vol": 0.0
  }
}