{
  "data": {
    "BotElev": 570.0,
    "Length": 37915.93016477835,
    "OBJECTID": null,
    "PFAF": "3189272",
    "PFAF_CODE": 318927200000.0,
    "PF_TYPE": 6,
    "Shape_Leng": 0.45117920245,
    "Slope": 0.005960555339611,
    "TopElev": 796.0,
    "Tosegment": 3039973,
    "end_x": -139.46145833333333,
    "end_y": 62.2967361111111,
    "flow_acc": 575.167,
    "seg_id": 3016112,
    "start_x": -139.55104166666678,
    "start_y": 62.08527777777783,
    "islake": 0,
    "lakeId": 0,
    "RATEACV": 0.0,
    "RATEBCV": 0.0,
    "lake_Vol": 0.0
  }
}