{
  "data": {
    "BotElev": 360.0,
    "Length": 14775.95257231878,
    "OBJECTID": null,
    "PFAF": "338422",
    "PFAF_CODE": 338422000000.0,
    "PF_TYPE": 5,
    "Shape_Leng": 0.11158080687,
    "Slope": 0.000270710127176,
    "TopElev": 364.0,
    "Tosegment": 3036027,
    "end_x": -104.66291666697055,
    "end_y": 55.24791666682091,
    "flow_acc": 604.097,
    "seg_id": 3016877,
    "start_x": -104.6250000003497,
    "start_y": 55.17541666624618,
    "islake": 0,
    "lakeId": 0,
    "RATEACV": 0.0,
    "RATEBCV": 0.0,
    "lake_Vol": 0.0
  }
}