{
  "data": {
    "BotElev": 415.0,
    "Length": 42304.89198085783,
    "OBJECTID": null,
    "PFAF": "3246942",
    "PFAF_CODE": 324694200000.0,
    "PF_TYPE": 6,
    "Shape_Leng": 0.34097192134,
    "Slope": 0.005294895921289,
    "TopElev": 639.0,
    "Tosegment": 3029117,
    "end_x": -121.5260416666668,
    "end_y": 57.94256944444447,
    "flow_acc": 572.965,
    "seg_id": 3016042,
    "start_x": -121.36041666666671,
    "start_y": 57.73423611111116,
    "islake": 0,
    "lakeId": 0,
    "RATEACV": 0.0,
    "RATEBCV": 0.0,
    "lake_Vol": 0.0
  }
}