{
  "data": {
    "BotElev": 757.0,
    "Length": 48781.19851753382,
    "OBJECTID": null,
    "PFAF": "3189852",
    "PFAF_CODE": 318985200000.0,
    "PF_TYPE": 6,
    "Shape_Leng": 0.48004975324,
    "Slope": 0.002234467444682,
    "TopElev": 866.0,
    "Tosegment": 3036338,
    "end_x": -132.93229166666663,
    "end_y": 61.05090277777799,
    "flow_acc": 574.552,
    "seg_id": 3016097,
    "start_x": -132.52500000000003,
    "start_y": 60.91548611111108,
    "islake": 0,
    "lakeId": 0,
    "RATEACV": 0.0,
    "RATEBCV": 0.0,
    "lake_Vol": 0.0
  }
}