{
  "data": {
    "BotElev": 263.0,
    "Length": 24684.65637088628,
    "OBJECTID": null,
    "PFAF": "342145",
    "PFAF_CODE": 342145000000.0,
    "PF_TYPE": 4,
    "Shape_Leng": 0.22360789429,
    "Slope": 0.000891241898184,
    "TopElev": 285.0,
    "Tosegment": 3024426,
    "end_x": -101.87291666667198,
    "end_y": 53.57875000000041,
    "flow_acc": 573.852,
    "seg_id": 3016078,
    "start_x": -101.95000000000539,
    "start_y": 53.46000000000038,
    "islake": 0,
    "lakeId": 0,
    "RATEACV": 0.0,
    "RATEBCV": 0.0,
    "lake_Vol": 0.0
  }
}