{
  "data": {
    "BotElev": 417.0,
    "Length": 50667.674031348855,
    "OBJECTID": null,
    "PFAF": "3284692",
    "PFAF_CODE": 328469200000.0,
    "PF_TYPE": 6,
    "Shape_Leng": 0.4873107561,
    "Slope": 0.001638125325205,
    "TopElev": 500.0,
    "Tosegment": 3037647,
    "end_x": -106.12187500000016,
    "end_y": 57.99673611111115,
    "flow_acc": 586.537,
    "seg_id": 3016415,
    "start_x": -105.84687500000018,
    "start_y": 57.79777777777781,
    "islake": 0,
    "lakeId": 0,
    "RATEACV": 0.0,
    "RATEBCV": 0.0,
    "lake_Vol": 0.0
  }
}