{
  "data": {
    "BotElev": 574.0,
    "Length": 18128.040888213694,
    "OBJECTID": null,
    "PFAF": "3295423",
    "PFAF_CODE": 329542300000.0,
    "PF_TYPE": 5,
    "Shape_Leng": 0.21959498248,
    "Slope": 0.005130173777381,
    "TopElev": 667.0,
    "Tosegment": 3025576,
    "end_x": -119.55312500000008,
    "end_y": 56.48006944444444,
    "flow_acc": 602.567,
    "seg_id": 3016844,
    "start_x": -119.75416666666678,
    "start_y": 56.45611111111117,
    "islake": 0,
    "lakeId": 0,
    "RATEACV": 0.0,
    "RATEBCV": 0.0,
    "lake_Vol": 0.0
  }
}