{
  "data": {
    "BotElev": 537.0,
    "Length": 18460.91037499385,
    "OBJECTID": null,
    "PFAF": "3274652",
    "PFAF_CODE": 327465200000.0,
    "PF_TYPE": 6,
    "Shape_Leng": 0.15393931868,
    "Slope": 0.006446052636775,
    "TopElev": 656.0,
    "Tosegment": 3036475,
    "end_x": -118.79687500000011,
    "end_y": 57.68423611111109,
    "flow_acc": 579.751,
    "seg_id": 3016228,
    "start_x": -118.67916666666679,
    "start_y": 57.614444444444416,
    "islake": 0,
    "lakeId": 0,
    "RATEACV": 0.0,
    "RATEBCV": 0.0,
    "lake_Vol": 0.0
  }
}