{
  "data": {
    "BotElev": 12.0,
    "Length": 19518.345252293206,
    "OBJECTID": null,
    "PFAF": "315214",
    "PFAF_CODE": 315214000000.0,
    "PF_TYPE": 5,
    "Shape_Leng": 0.16170433491,
    "Slope": 0.001690717095811,
    "TopElev": 45.0,
    "Tosegment": 3042876,
    "end_x": -129.22041666666507,
    "end_y": 54.32125000000019,
    "flow_acc": 579.252,
    "seg_id": 3016217,
    "start_x": -129.19166666666501,
    "start_y": 54.20000000000027,
    "islake": 0,
    "lakeId": 0,
    "RATEACV": 0.0,
    "RATEBCV": 0.0,
    "lake_Vol": 0.0
  }
}