{
  "data": {
    "BotElev": 514.0,
    "Length": 4467.372676101197,
    "OBJECTID": null,
    "PFAF": "349893085",
    "PFAF_CODE": 349893085000.0,
    "PF_TYPE": 7,
    "Shape_Leng": 0.03718951416,
    "Slope": 0.000223845215634,
    "TopElev": 515.0,
    "Tosegment": 3028104,
    "end_x": -105.92708333333769,
    "end_y": 51.88791666666742,
    "flow_acc": 588.678,
    "seg_id": 3016477,
    "start_x": -105.95625000000433,
    "start_y": 51.9037500000008,
    "islake": 0,
    "lakeId": 0,
    "RATEACV": 0.0,
    "RATEBCV": 0.0,
    "lake_Vol": 0.0
  }
}