{
  "data": {
    "BotElev": 443.0,
    "Length": 38877.63556464846,
    "OBJECTID": null,
    "PFAF": "3187723",
    "PFAF_CODE": 318772300000.0,
    "PF_TYPE": 5,
    "Shape_Leng": 0.54248842563,
    "Slope": 0.007819405567874,
    "TopElev": 747.0,
    "Tosegment": 3026676,
    "end_x": -139.8510416666668,
    "end_y": 64.46548611111115,
    "flow_acc": 590.5,
    "seg_id": 3016523,
    "start_x": -139.4604166666668,
    "start_y": 64.63631944444467,
    "islake": 0,
    "lakeId": 0,
    "RATEACV": 0.0,
    "RATEBCV": 0.0,
    "lake_Vol": 0.0
  }
}