{
  "data": {
    "BotElev": 294.0,
    "Length": 35061.17814274787,
    "OBJECTID": null,
    "PFAF": "3186934",
    "PFAF_CODE": 318693400000.0,
    "PF_TYPE": 6,
    "Shape_Leng": 0.45603535337,
    "Slope": 0.002167639652341,
    "TopElev": 370.0,
    "Tosegment": 3040519,
    "end_x": -138.13020833333326,
    "end_y": 66.66756944444438,
    "flow_acc": 588.566,
    "seg_id": 3016472,
    "start_x": -138.55,
    "start_y": 66.7300694444445,
    "islake": 0,
    "lakeId": 0,
    "RATEACV": 0.0,
    "RATEBCV": 0.0,
    "lake_Vol": 0.0
  }
}