{
  "data": {
    "BotElev": 273.0,
    "Length": 60328.175918598216,
    "OBJECTID": null,
    "PFAF": "3274243",
    "PFAF_CODE": 327424300000.0,
    "PF_TYPE": 5,
    "Shape_Leng": 0.59178624001,
    "Slope": 0.000165760025854,
    "TopElev": 283.0,
    "Tosegment": 3027204,
    "end_x": -114.67604166666683,
    "end_y": 60.20923611111124,
    "flow_acc": 583.156,
    "seg_id": 3016319,
    "start_x": -114.1979166666668,
    "start_y": 60.033194444444405,
    "islake": 0,
    "lakeId": 0,
    "RATEACV": 0.0,
    "RATEBCV": 0.0,
    "lake_Vol": 0.0
  }
}