{
  "data": {
    "BotElev": 558.0,
    "Length": 25784.959658112817,
    "OBJECTID": null,
    "PFAF": "324914",
    "PFAF_CODE": 324914000000.0,
    "PF_TYPE": 5,
    "Shape_Leng": 0.21271682584,
    "Slope": 0.004188488228486,
    "TopElev": 666.0,
    "Tosegment": 3043156,
    "end_x": -128.0406250000001,
    "end_y": 59.844652777777696,
    "flow_acc": 572.109,
    "seg_id": 3016022,
    "start_x": -127.92708333333343,
    "start_y": 59.706111111111056,
    "islake": 0,
    "lakeId": 0,
    "RATEACV": 0.0,
    "RATEBCV": 0.0,
    "lake_Vol": 0.0
  }
}