{
  "data": {
    "BotElev": 571.0,
    "Length": 33602.94737472797,
    "OBJECTID": null,
    "PFAF": "3125946",
    "PFAF_CODE": 312594600000.0,
    "PF_TYPE": 6,
    "Shape_Leng": 0.29172973764,
    "Slope": 0.007767175810188,
    "TopElev": 832.0,
    "Tosegment": 3036465,
    "end_x": -118.7687500000012,
    "end_y": 48.99791666666812,
    "flow_acc": 603.47,
    "seg_id": 3016860,
    "start_x": -118.70916666666767,
    "start_y": 49.19041666666811,
    "islake": 0,
    "lakeId": 0,
    "RATEACV": 0.0,
    "RATEBCV": 0.0,
    "lake_Vol": 0.0
  }
}