{
  "data": {
    "BotElev": 711.0,
    "Length": 32217.673780388137,
    "OBJECTID": null,
    "PFAF": "3295693",
    "PFAF_CODE": 329569300000.0,
    "PF_TYPE": 4,
    "Shape_Leng": 0.33735938235,
    "Slope": 0.001272593430534,
    "TopElev": 752.0,
    "Tosegment": 3022636,
    "end_x": -119.88645833333345,
    "end_y": 55.66548611111125,
    "flow_acc": 592.166,
    "seg_id": 3016561,
    "start_x": -119.60208333333344,
    "start_y": 55.67486111111117,
    "islake": 0,
    "lakeId": 0,
    "RATEACV": 0.0,
    "RATEBCV": 0.0,
    "lake_Vol": 0.0
  }
}