{
  "data": {
    "BotElev": 918.0,
    "Length": 23409.785975392897,
    "OBJECTID": null,
    "PFAF": "321487",
    "PFAF_CODE": 321487000000.0,
    "PF_TYPE": 4,
    "Shape_Leng": 0.31794312161,
    "Slope": 0.00435715218017,
    "TopElev": 1020.0,
    "Tosegment": 3025518,
    "end_x": -132.003125,
    "end_y": 64.91756944444455,
    "flow_acc": 575.965,
    "seg_id": 3016126,
    "start_x": -132.3,
    "start_y": 64.91548611111119,
    "islake": 0,
    "lakeId": 0,
    "RATEACV": 0.0,
    "RATEBCV": 0.0,
    "lake_Vol": 0.0
  }
}