{
  "data": {
    "BotElev": 854.0,
    "Length": 41919.001085769014,
    "OBJECTID": null,
    "PFAF": "314992",
    "PFAF_CODE": 314992000000.0,
    "PF_TYPE": 5,
    "Shape_Leng": 0.40859860488,
    "Slope": 0.002218564316686,
    "TopElev": 947.0,
    "Tosegment": 3033833,
    "end_x": -126.30874999999918,
    "end_y": 53.22958333333389,
    "flow_acc": 596.517,
    "seg_id": 3016683,
    "start_x": -126.59333333333245,
    "start_y": 53.14291666666719,
    "islake": 0,
    "lakeId": 0,
    "RATEACV": 0.0,
    "RATEBCV": 0.0,
    "lake_Vol": 0.0
  }
}