{
  "data": {
    "BotElev": 203.0,
    "Length": 22378.99062093449,
    "OBJECTID": null,
    "PFAF": "324323",
    "PFAF_CODE": 324323000000.0,
    "PF_TYPE": 4,
    "Shape_Leng": 0.23850574179,
    "Slope": 0.002770455605,
    "TopElev": 265.0,
    "Tosegment": 3026353,
    "end_x": -123.20312500000011,
    "end_y": 60.771736111111125,
    "flow_acc": 626.377,
    "seg_id": 3017409,
    "start_x": -123.13020833333348,
    "start_y": 60.67277777777787,
    "islake": 0,
    "lakeId": 0,
    "RATEACV": 0.0,
    "RATEBCV": 0.0,
    "lake_Vol": 0.0
  }
}