{
  "data": {
    "BotElev": 153.0,
    "Length": 31894.530064423354,
    "OBJECTID": null,
    "PFAF": "3155632",
    "PFAF_CODE": 315563200000.0,
    "PF_TYPE": 6,
    "Shape_Leng": 0.29884837948,
    "Slope": 0.006113901023345,
    "TopElev": 348.0,
    "Tosegment": 3040382,
    "end_x": -137.87395833333346,
    "end_y": 59.550902777777935,
    "flow_acc": 635.643,
    "seg_id": 3017646,
    "start_x": -138.1375,
    "start_y": 59.62902777777782,
    "islake": 0,
    "lakeId": 0,
    "RATEACV": 0.0,
    "RATEBCV": 0.0,
    "lake_Vol": 0.0
  }
}