{
  "data": {
    "BotElev": 390.0,
    "Length": 43926.70616476567,
    "OBJECTID": null,
    "PFAF": "3284992",
    "PFAF_CODE": 328499200000.0,
    "PF_TYPE": 6,
    "Shape_Leng": 0.48795161411,
    "Slope": 0.0,
    "TopElev": 390.0,
    "Tosegment": 3033074,
    "end_x": -104.3364583333335,
    "end_y": 59.97590277777783,
    "flow_acc": 626.557,
    "seg_id": 3017413,
    "start_x": -104.74166666666667,
    "start_y": 60.08527777777789,
    "islake": 0,
    "lakeId": 0,
    "RATEACV": 0.0,
    "RATEBCV": 0.0,
    "lake_Vol": 0.0
  }
}