{
  "data": {
    "BotElev": 325.0,
    "Length": 25097.425344725605,
    "OBJECTID": null,
    "PFAF": "33832",
    "PFAF_CODE": 338320000000.0,
    "PF_TYPE": 4,
    "Shape_Leng": 0.23301653478,
    "Slope": 0.000916428664856,
    "TopElev": 348.0,
    "Tosegment": 3044173,
    "end_x": -103.53125000028723,
    "end_y": 55.42708333342921,
    "flow_acc": 611.67,
    "seg_id": 3017065,
    "start_x": -103.52666666663333,
    "start_y": 55.56624999993761,
    "islake": 0,
    "lakeId": 0,
    "RATEACV": 0.0,
    "RATEBCV": 0.0,
    "lake_Vol": 0.0
  }
}