{
  "data": {
    "BotElev": 443.0,
    "Length": 30944.690757251894,
    "OBJECTID": null,
    "PFAF": "324624",
    "PFAF_CODE": 324624000000.0,
    "PF_TYPE": 5,
    "Shape_Leng": 0.32960557941,
    "Slope": 0.002811467746842,
    "TopElev": 530.0,
    "Tosegment": 3031272,
    "end_x": -122.06979166666679,
    "end_y": 59.0759027777778,
    "flow_acc": 644.508,
    "seg_id": 3017852,
    "start_x": -121.9020833333334,
    "start_y": 59.24048611111124,
    "islake": 0,
    "lakeId": 0,
    "RATEACV": 0.0,
    "RATEBCV": 0.0,
    "lake_Vol": 0.0
  }
}