{
  "data": {
    "BotElev": 314.0,
    "Length": 40541.060965758705,
    "OBJECTID": null,
    "PFAF": "322299",
    "PFAF_CODE": 322299000000.0,
    "PF_TYPE": 3,
    "Shape_Leng": 0.52737418814,
    "Slope": 0.000345328900293,
    "TopElev": 328.0,
    "Tosegment": 3029295,
    "end_x": -119.95729166666678,
    "end_y": 63.98215277777774,
    "flow_acc": 650.707,
    "seg_id": 3017984,
    "start_x": -119.46875000000011,
    "start_y": 63.92590277777782,
    "islake": 0,
    "lakeId": 0,
    "RATEACV": 0.0,
    "RATEBCV": 0.0,
    "lake_Vol": 0.0
  }
}