{
  "data": {
    "BotElev": 491.0,
    "Length": 14787.24339455412,
    "OBJECTID": null,
    "PFAF": "3187943",
    "PFAF_CODE": 318794300000.0,
    "PF_TYPE": 5,
    "Shape_Leng": 0.23110938235,
    "Slope": 0.004260428960221,
    "TopElev": 554.0,
    "Tosegment": 3031111,
    "end_x": -138.70729166666666,
    "end_y": 63.61965277777779,
    "flow_acc": 620.982,
    "seg_id": 3017267,
    "start_x": -138.5312500000001,
    "start_y": 63.72902777777807,
    "islake": 0,
    "lakeId": 0,
    "RATEACV": 0.0,
    "RATEBCV": 0.0,
    "lake_Vol": 0.0
  }
}