{
  "data": {
    "BotElev": 556.0,
    "Length": 39177.76368568802,
    "OBJECTID": null,
    "PFAF": "3499223",
    "PFAF_CODE": 349922300000.0,
    "PF_TYPE": 5,
    "Shape_Leng": 0.35377119386,
    "Slope": 0.000357345562455,
    "TopElev": 570.0,
    "Tosegment": 3024096,
    "end_x": -104.8870833333379,
    "end_y": 50.446250000001044,
    "flow_acc": 627.062,
    "seg_id": 3017424,
    "start_x": -104.59583333333802,
    "start_y": 50.350833333334435,
    "islake": 0,
    "lakeId": 0,
    "RATEACV": 0.0,
    "RATEBCV": 0.0,
    "lake_Vol": 0.0
  }
}