{
  "data": {
    "BotElev": 179.0,
    "Length": 58364.437109545324,
    "OBJECTID": null,
    "PFAF": "334794",
    "PFAF_CODE": 334794000000.0,
    "PF_TYPE": 5,
    "Shape_Leng": 0.54660646626,
    "Slope": 0.001216494213193,
    "TopElev": 250.0,
    "Tosegment": 3042533,
    "end_x": -104.25937499995626,
    "end_y": 65.1717361114325,
    "flow_acc": 640.972,
    "seg_id": 3017770,
    "start_x": -104.57708333302935,
    "start_y": 65.46444444455562,
    "islake": 0,
    "lakeId": 0,
    "RATEACV": 0.0,
    "RATEBCV": 0.0,
    "lake_Vol": 0.0
  }
}