{
  "data": {
    "BotElev": 729.0,
    "Length": 35485.96789948626,
    "OBJECTID": null,
    "PFAF": "312838",
    "PFAF_CODE": 312838000000.0,
    "PF_TYPE": 5,
    "Shape_Leng": 0.38917559501,
    "Slope": 0.00433974354134,
    "TopElev": 883.0,
    "Tosegment": 3040085,
    "end_x": -117.99125000000134,
    "end_y": 51.91958333333429,
    "flow_acc": 639.508,
    "seg_id": 3017737,
    "start_x": -117.68166666666804,
    "start_y": 52.01416666666756,
    "islake": 0,
    "lakeId": 0,
    "RATEACV": 0.0,
    "RATEBCV": 0.0,
    "lake_Vol": 0.0
  }
}