{
  "data": {
    "BotElev": 296.0,
    "Length": 44777.52551416475,
    "OBJECTID": null,
    "PFAF": "321474",
    "PFAF_CODE": 321474000000.0,
    "PF_TYPE": 5,
    "Shape_Leng": 0.64967539952,
    "Slope": 0.009290374919632,
    "TopElev": 712.0,
    "Tosegment": 3038392,
    "end_x": -131.14479166666678,
    "end_y": 65.65506944444456,
    "flow_acc": 642.409,
    "seg_id": 3017802,
    "start_x": -131.7041666666667,
    "start_y": 65.53736111111101,
    "islake": 0,
    "lakeId": 0,
    "RATEACV": 0.0,
    "RATEBCV": 0.0,
    "lake_Vol": 0.0
  }
}