{
  "data": {
    "BotElev": 661.0,
    "Length": 27566.14568546754,
    "OBJECTID": null,
    "PFAF": "324728",
    "PFAF_CODE": 324728000000.0,
    "PF_TYPE": 5,
    "Shape_Leng": 0.24368341132,
    "Slope": 0.005586562653958,
    "TopElev": 815.0,
    "Tosegment": 3029824,
    "end_x": -126.20520833333336,
    "end_y": 60.55506944444454,
    "flow_acc": 626.864,
    "seg_id": 3017417,
    "start_x": -126.26979166666678,
    "start_y": 60.733194444444564,
    "islake": 0,
    "lakeId": 0,
    "RATEACV": 0.0,
    "RATEBCV": 0.0,
    "lake_Vol": 0.0
  }
}