{
  "data": {
    "BotElev": 720.0,
    "Length": 15286.769865299868,
    "OBJECTID": null,
    "PFAF": "3212662",
    "PFAF_CODE": 321266200000.0,
    "PF_TYPE": 6,
    "Shape_Leng": 0.2183005651,
    "Slope": 0.004906203250318,
    "TopElev": 795.0,
    "Tosegment": 3032079,
    "end_x": -135.95729166666678,
    "end_y": 65.06548611111117,
    "flow_acc": 626.92,
    "seg_id": 3017420,
    "start_x": -136.15625000000006,
    "start_y": 65.03423611111123,
    "islake": 0,
    "lakeId": 0,
    "RATEACV": 0.0,
    "RATEBCV": 0.0,
    "lake_Vol": 0.0
  }
}