{
  "data": {
    "BotElev": 611.0,
    "Length": 40274.130781067644,
    "OBJECTID": null,
    "PFAF": "329282",
    "PFAF_CODE": 329282000000.0,
    "PF_TYPE": 5,
    "Shape_Leng": 0.35604805474,
    "Slope": 0.001986386756176,
    "TopElev": 691.0,
    "Tosegment": 3032047,
    "end_x": -114.22395833333343,
    "end_y": 56.26756944444446,
    "flow_acc": 640.111,
    "seg_id": 3017762,
    "start_x": -114.31250000000011,
    "start_y": 56.48111111111115,
    "islake": 0,
    "lakeId": 0,
    "RATEACV": 0.0,
    "RATEBCV": 0.0,
    "lake_Vol": 0.0
  }
}