{
  "data": {
    "BotElev": 833.0,
    "Length": 52355.782961048695,
    "OBJECTID": null,
    "PFAF": "31894943",
    "PFAF_CODE": 318949430000.0,
    "PF_TYPE": 6,
    "Shape_Leng": 0.52482345746,
    "Slope": 0.006092927695061,
    "TopElev": 1152.0,
    "Tosegment": 3023665,
    "end_x": -131.11979166666657,
    "end_y": 61.757152777777776,
    "flow_acc": 636.111,
    "seg_id": 3017655,
    "start_x": -130.84166666666675,
    "start_y": 61.50819444444454,
    "islake": 0,
    "lakeId": 0,
    "RATEACV": 0.0,
    "RATEBCV": 0.0,
    "lake_Vol": 0.0
  }
}