{
  "data": {
    "BotElev": 1055.0,
    "Length": 25445.897917522547,
    "OBJECTID": null,
    "PFAF": "323895",
    "PFAF_CODE": 323895000000.0,
    "PF_TYPE": 3,
    "Shape_Leng": 0.25072232727,
    "Slope": 0.007191728922012,
    "TopElev": 1238.0,
    "Tosegment": 3028166,
    "end_x": -125.89479166666678,
    "end_y": 62.425902777777765,
    "flow_acc": 616.503,
    "seg_id": 3017178,
    "start_x": -126.08958333333345,
    "start_y": 62.51236111111115,
    "islake": 0,
    "lakeId": 0,
    "RATEACV": 0.0,
    "RATEBCV": 0.0,
    "lake_Vol": 0.0
  }
}