{
  "data": {
    "BotElev": 563.0,
    "Length": 19102.92413041655,
    "OBJECTID": null,
    "PFAF": "3287822",
    "PFAF_CODE": 328782200000.0,
    "PF_TYPE": 6,
    "Shape_Leng": 0.25597402577,
    "Slope": 0.000209392026723,
    "TopElev": 567.0,
    "Tosegment": 3028214,
    "end_x": -112.87812500000013,
    "end_y": 54.750902777777924,
    "flow_acc": 648.462,
    "seg_id": 3017938,
    "start_x": -113.08750000000015,
    "start_y": 54.63840277777791,
    "islake": 0,
    "lakeId": 0,
    "RATEACV": 0.0,
    "RATEBCV": 0.0,
    "lake_Vol": 0.0
  }
}