{
  "data": {
    "BotElev": 734.0,
    "Length": 37905.19032136311,
    "OBJECTID": null,
    "PFAF": "31894283",
    "PFAF_CODE": 318942830000.0,
    "PF_TYPE": 6,
    "Shape_Leng": 0.42061868671,
    "Slope": 0.002453489857498,
    "TopElev": 827.0,
    "Tosegment": 3027690,
    "end_x": -132.0572916666668,
    "end_y": 62.709236111111125,
    "flow_acc": 640.506,
    "seg_id": 3017765,
    "start_x": -131.6812500000001,
    "start_y": 62.634236111111306,
    "islake": 0,
    "lakeId": 0,
    "RATEACV": 0.0,
    "RATEBCV": 0.0,
    "lake_Vol": 0.0
  }
}