{
  "data": {
    "BotElev": 355.0,
    "Length": 20846.016655266576,
    "OBJECTID": null,
    "PFAF": "327494",
    "PFAF_CODE": 327494000000.0,
    "PF_TYPE": 5,
    "Shape_Leng": 0.25969651861,
    "Slope": 0.000431737158654,
    "TopElev": 364.0,
    "Tosegment": 3034093,
    "end_x": -120.45104166666681,
    "end_y": 58.73631944444452,
    "flow_acc": 685.942,
    "seg_id": 3018753,
    "start_x": -120.62500000000006,
    "start_y": 58.623819444444564,
    "islake": 0,
    "lakeId": 0,
    "RATEACV": 0.0,
    "RATEBCV": 0.0,
    "lake_Vol": 0.0
  }
}