{
  "data": {
    "BotElev": 611.0,
    "Length": 25893.159635222335,
    "OBJECTID": null,
    "PFAF": "31894712",
    "PFAF_CODE": 318947120000.0,
    "PF_TYPE": 7,
    "Shape_Leng": 0.26560177648,
    "Slope": 0.005097871478784,
    "TopElev": 743.0,
    "Tosegment": 3041383,
    "end_x": -134.16770833333345,
    "end_y": 62.482152777777685,
    "flow_acc": 660.178,
    "seg_id": 3018192,
    "start_x": -134.10416666666663,
    "start_y": 62.35819444444451,
    "islake": 0,
    "lakeId": 0,
    "RATEACV": 0.0,
    "RATEBCV": 0.0,
    "lake_Vol": 0.0
  }
}