{
  "data": {
    "BotElev": 585.0,
    "Length": 31177.1167358555,
    "OBJECTID": null,
    "PFAF": "3237443",
    "PFAF_CODE": 323744300000.0,
    "PF_TYPE": 5,
    "Shape_Leng": 0.30008146926,
    "Slope": 0.004169724901164,
    "TopElev": 715.0,
    "Tosegment": 3026323,
    "end_x": -125.37604166666677,
    "end_y": 63.0779861111111,
    "flow_acc": 670.68,
    "seg_id": 3018435,
    "start_x": -125.54791666666671,
    "start_y": 63.23631944444452,
    "islake": 0,
    "lakeId": 0,
    "RATEACV": 0.0,
    "RATEBCV": 0.0,
    "lake_Vol": 0.0
  }
}