{
  "data": {
    "BotElev": 609.0,
    "Length": 44638.26818402133,
    "OBJECTID": null,
    "PFAF": "3289243",
    "PFAF_CODE": 328924300000.0,
    "PF_TYPE": 5,
    "Shape_Leng": 0.49327734158,
    "Slope": 0.000716873689366,
    "TopElev": 641.0,
    "Tosegment": 3025919,
    "end_x": -113.96770833333346,
    "end_y": 54.311319444444564,
    "flow_acc": 676.691,
    "seg_id": 3018565,
    "start_x": -113.55208333333343,
    "start_y": 54.36861111111119,
    "islake": 0,
    "lakeId": 0,
    "RATEACV": 0.0,
    "RATEBCV": 0.0,
    "lake_Vol": 0.0
  }
}