{
  "data": {
    "BotElev": 461.0,
    "Length": 39279.426437324524,
    "OBJECTID": null,
    "PFAF": "3286246",
    "PFAF_CODE": 328624600000.0,
    "PF_TYPE": 6,
    "Shape_Leng": 0.36518300538,
    "Slope": 0.001629351693873,
    "TopElev": 525.0,
    "Tosegment": 3032073,
    "end_x": -110.24479166666674,
    "end_y": 55.95715277777782,
    "flow_acc": 697.991,
    "seg_id": 3018982,
    "start_x": -110.08541666666679,
    "start_y": 55.81027777777791,
    "islake": 0,
    "lakeId": 0,
    "RATEACV": 0.0,
    "RATEBCV": 0.0,
    "lake_Vol": 0.0
  }
}