{
  "data": {
    "BotElev": 521.0,
    "Length": 88311.87455274306,
    "OBJECTID": null,
    "PFAF": "344999028",
    "PFAF_CODE": 344999028000.0,
    "PF_TYPE": 8,
    "Shape_Leng": 0.70302335812,
    "Slope": 0.001539996752292,
    "TopElev": 657.0,
    "Tosegment": 3028769,
    "end_x": -103.8745833333382,
    "end_y": 51.80958333333416,
    "flow_acc": 658.522,
    "seg_id": 3018160,
    "start_x": -103.65916666667158,
    "start_y": 51.38916666666756,
    "islake": 0,
    "lakeId": 0,
    "RATEACV": 0.0,
    "RATEBCV": 0.0,
    "lake_Vol": 0.0
  }
}