{
  "data": {
    "BotElev": 299.0,
    "Length": 52050.17006049945,
    "OBJECTID": null,
    "PFAF": "324732",
    "PFAF_CODE": 324732000000.0,
    "PF_TYPE": 5,
    "Shape_Leng": 0.52754764881,
    "Slope": 0.009951936744835,
    "TopElev": 817.0,
    "Tosegment": 3044038,
    "end_x": -124.68645833333346,
    "end_y": 59.592569444444564,
    "flow_acc": 672.357,
    "seg_id": 3018462,
    "start_x": -125.11875000000009,
    "start_y": 59.69256944444447,
    "islake": 0,
    "lakeId": 0,
    "RATEACV": 0.0,
    "RATEBCV": 0.0,
    "lake_Vol": 0.0
  }
}