{
  "data": {
    "BotElev": 66.0,
    "Length": 58191.810799044506,
    "OBJECTID": null,
    "PFAF": "33373384",
    "PFAF_CODE": 333733840000.0,
    "PF_TYPE": 7,
    "Shape_Leng": 0.65794740453,
    "Slope": 0.001649716664283,
    "TopElev": 162.0,
    "Tosegment": 3031356,
    "end_x": -106.53854166686426,
    "end_y": 67.8154861110952,
    "flow_acc": 694.788,
    "seg_id": 3018913,
    "start_x": -106.84791666692053,
    "start_y": 67.5456944444432,
    "islake": 0,
    "lakeId": 0,
    "RATEACV": 0.0,
    "RATEBCV": 0.0,
    "lake_Vol": 0.0
  }
}