{
  "data": {
    "BotElev": 415.0,
    "Length": 35016.3357054832,
    "OBJECTID": null,
    "PFAF": "32764695",
    "PFAF_CODE": 327646950000.0,
    "PF_TYPE": 5,
    "Shape_Leng": 0.41365379973,
    "Slope": 0.000799626786638,
    "TopElev": 443.0,
    "Tosegment": 3023584,
    "end_x": -107.49687500000016,
    "end_y": 60.89256944444452,
    "flow_acc": 685.693,
    "seg_id": 3018745,
    "start_x": -107.20000000000016,
    "start_y": 60.78631944444436,
    "islake": 0,
    "lakeId": 0,
    "RATEACV": 0.0,
    "RATEBCV": 0.0,
    "lake_Vol": 0.0
  }
}