{
  "data": {
    "BotElev": 373.0,
    "Length": 43431.13984973523,
    "OBJECTID": null,
    "PFAF": "3421665",
    "PFAF_CODE": 342166500000.0,
    "PF_TYPE": 5,
    "Shape_Leng": 0.43363837756,
    "Slope": 0.002072245865786,
    "TopElev": 463.0,
    "Tosegment": 3027589,
    "end_x": -104.06958333333819,
    "end_y": 53.01375000000047,
    "flow_acc": 677.287,
    "seg_id": 3018585,
    "start_x": -104.18583333333805,
    "start_y": 52.83166666666716,
    "islake": 0,
    "lakeId": 0,
    "RATEACV": 0.0,
    "RATEBCV": 0.0,
    "lake_Vol": 0.0
  }
}