{
  "data": {
    "BotElev": 268.0,
    "Length": 21804.966867974752,
    "OBJECTID": null,
    "PFAF": "3222622",
    "PFAF_CODE": 322262200000.0,
    "PF_TYPE": 6,
    "Shape_Leng": 0.25152394458,
    "Slope": 0.001146527768254,
    "TopElev": 293.0,
    "Tosegment": 3026565,
    "end_x": -120.88437500000003,
    "end_y": 63.652986111111204,
    "flow_acc": 663.642,
    "seg_id": 3018273,
    "start_x": -121.00208333333347,
    "start_y": 63.489444444444416,
    "islake": 0,
    "lakeId": 0,
    "RATEACV": 0.0,
    "RATEBCV": 0.0,
    "lake_Vol": 0.0
  }
}