{
  "data": {
    "BotElev": 693.0,
    "Length": 6461.435151670911,
    "OBJECTID": null,
    "PFAF": "3234441",
    "PFAF_CODE": 323444100000.0,
    "PF_TYPE": 5,
    "Shape_Leng": 0.06452200573,
    "Slope": 0.0,
    "TopElev": 693.0,
    "Tosegment": 3034823,
    "end_x": -126.16979166666675,
    "end_y": 63.78215277777787,
    "flow_acc": 651.665,
    "seg_id": 3018007,
    "start_x": -126.19270833333348,
    "start_y": 63.82173611111108,
    "islake": 0,
    "lakeId": 0,
    "RATEACV": 0.0,
    "RATEBCV": 0.0,
    "lake_Vol": 0.0
  }
}