{
  "data": {
    "BotElev": 933.0,
    "Length": 36912.17479708158,
    "OBJECTID": null,
    "PFAF": "329885",
    "PFAF_CODE": 329885000000.0,
    "PF_TYPE": 4,
    "Shape_Leng": 0.37558697069,
    "Slope": 0.001923484606104,
    "TopElev": 1004.0,
    "Tosegment": 3023849,
    "end_x": -125.93020833333338,
    "end_y": 57.736319444444575,
    "flow_acc": 653.717,
    "seg_id": 3018054,
    "start_x": -125.73229166666681,
    "start_y": 57.84777777777788,
    "islake": 0,
    "lakeId": 0,
    "RATEACV": 0.0,
    "RATEBCV": 0.0,
    "lake_Vol": 0.0
  }
}