{
  "data": {
    "BotElev": 563.0,
    "Length": 11541.212260093842,
    "OBJECTID": null,
    "PFAF": "3287823",
    "PFAF_CODE": 328782300000.0,
    "PF_TYPE": 5,
    "Shape_Leng": 0.11364109836,
    "Slope": 0.002166150265379,
    "TopElev": 588.0,
    "Tosegment": 3028214,
    "end_x": -112.87812500000013,
    "end_y": 54.750902777777924,
    "flow_acc": 670.609,
    "seg_id": 3018433,
    "start_x": -112.9166666666668,
    "start_y": 54.66652777777779,
    "islake": 0,
    "lakeId": 0,
    "RATEACV": 0.0,
    "RATEBCV": 0.0,
    "lake_Vol": 0.0
  }
}