{
  "data": {
    "BotElev": 404.0,
    "Length": 41191.891934947664,
    "OBJECTID": null,
    "PFAF": "3285963",
    "PFAF_CODE": 328596300000.0,
    "PF_TYPE": 5,
    "Shape_Leng": 0.50094441418,
    "Slope": 0.002014959646211,
    "TopElev": 487.0,
    "Tosegment": 3026897,
    "end_x": -111.09062500000016,
    "end_y": 56.84673611111117,
    "flow_acc": 684.998,
    "seg_id": 3018734,
    "start_x": -110.64791666666679,
    "start_y": 56.88631944444444,
    "islake": 0,
    "lakeId": 0,
    "RATEACV": 0.0,
    "RATEBCV": 0.0,
    "lake_Vol": 0.0
  }
}