{
  "data": {
    "BotElev": 343.0,
    "Length": 30390.012977053066,
    "OBJECTID": null,
    "PFAF": "327478",
    "PFAF_CODE": 327478000000.0,
    "PF_TYPE": 5,
    "Shape_Leng": 0.29948923749,
    "Slope": 0.000822638674715,
    "TopElev": 368.0,
    "Tosegment": 3039614,
    "end_x": -119.64895833333338,
    "end_y": 58.75506944444447,
    "flow_acc": 679.639,
    "seg_id": 3018625,
    "start_x": -119.76354166666681,
    "start_y": 58.874861111111215,
    "islake": 0,
    "lakeId": 0,
    "RATEACV": 0.0,
    "RATEBCV": 0.0,
    "lake_Vol": 0.0
  }
}