{
  "data": {
    "BotElev": 70.0,
    "Length": 43479.24188734587,
    "OBJECTID": null,
    "PFAF": "333216",
    "PFAF_CODE": 333216000000.0,
    "PF_TYPE": 5,
    "Shape_Leng": 0.60284376461,
    "Slope": 0.003495921120102,
    "TopElev": 222.0,
    "Tosegment": 3041452,
    "end_x": -126.34062500034344,
    "end_y": 69.12173611073297,
    "flow_acc": 658.592,
    "seg_id": 3018163,
    "start_x": -126.1864583336851,
    "start_y": 69.28736111152614,
    "islake": 0,
    "lakeId": 0,
    "RATEACV": 0.0,
    "RATEBCV": 0.0,
    "lake_Vol": 0.0
  }
}