{
  "data": {
    "BotElev": 1027.0,
    "Length": 23453.14809978215,
    "OBJECTID": null,
    "PFAF": "323294",
    "PFAF_CODE": 323294000000.0,
    "PF_TYPE": 5,
    "Shape_Leng": 0.22047062877,
    "Slope": 0.005159222100385,
    "TopElev": 1148.0,
    "Tosegment": 3032184,
    "end_x": -128.18229166666669,
    "end_y": 63.31548611111117,
    "flow_acc": 670.581,
    "seg_id": 3018432,
    "start_x": -128.14895833333338,
    "start_y": 63.14986111111119,
    "islake": 0,
    "lakeId": 0,
    "RATEACV": 0.0,
    "RATEBCV": 0.0,
    "lake_Vol": 0.0
  }
}