{
  "data": {
    "BotElev": 418.0,
    "Length": 44608.045720299284,
    "OBJECTID": null,
    "PFAF": "3284682",
    "PFAF_CODE": 328468200000.0,
    "PF_TYPE": 6,
    "Shape_Leng": 0.48874053006,
    "Slope": 0.00197273829371,
    "TopElev": 506.0,
    "Tosegment": 3029104,
    "end_x": -105.5302083333334,
    "end_y": 58.11340277777782,
    "flow_acc": 658.103,
    "seg_id": 3018149,
    "start_x": -105.31041666666681,
    "start_y": 57.97590277777783,
    "islake": 0,
    "lakeId": 0,
    "RATEACV": 0.0,
    "RATEBCV": 0.0,
    "lake_Vol": 0.0
  }
}