{
  "data": {
    "BotElev": 681.0,
    "Length": 18517.08660079261,
    "OBJECTID": null,
    "PFAF": "34256096",
    "PFAF_CODE": 342560960000.0,
    "PF_TYPE": 7,
    "Shape_Leng": 0.16167980387,
    "Slope": 0.001134087691694,
    "TopElev": 702.0,
    "Tosegment": -9999,
    "end_x": -109.32125000000343,
    "end_y": 50.35625000000107,
    "flow_acc": 679.992,
    "seg_id": 3018632,
    "start_x": -109.4258333333367,
    "start_y": 50.39583333333451,
    "islake": 0,
    "lakeId": 0,
    "RATEACV": 0.0,
    "RATEBCV": 0.0,
    "lake_Vol": 0.0
  }
}