{
  "data": {
    "BotElev": 389.0,
    "Length": 30314.723261256844,
    "OBJECTID": null,
    "PFAF": "34488",
    "PFAF_CODE": 344880000000.0,
    "PF_TYPE": 4,
    "Shape_Leng": 0.28660621074,
    "Slope": 0.003958472553611,
    "TopElev": 509.0,
    "Tosegment": 3034388,
    "end_x": -101.58458333333874,
    "end_y": 51.967083333334074,
    "flow_acc": 660.553,
    "seg_id": 3018202,
    "start_x": -101.60583333333875,
    "start_y": 51.83333333333405,
    "islake": 0,
    "lakeId": 0,
    "RATEACV": 0.0,
    "RATEBCV": 0.0,
    "lake_Vol": 0.0
  }
}