{
  "data": {
    "BotElev": 71.0,
    "Length": 32512.72080942865,
    "OBJECTID": null,
    "PFAF": "33399784",
    "PFAF_CODE": 333997840000.0,
    "PF_TYPE": 7,
    "Shape_Leng": 0.6295061463,
    "Slope": 0.000399843497448,
    "TopElev": 84.0,
    "Tosegment": 3029509,
    "end_x": -112.28229166662709,
    "end_y": 69.073819444312,
    "flow_acc": 653.745,
    "seg_id": 3018057,
    "start_x": -111.68125000018728,
    "start_y": 69.08736111102655,
    "islake": 0,
    "lakeId": 0,
    "RATEACV": 0.0,
    "RATEBCV": 0.0,
    "lake_Vol": 0.0
  }
}