{
  "data": {
    "BotElev": 380.0,
    "Length": 47476.892859983636,
    "OBJECTID": null,
    "PFAF": "3385442",
    "PFAF_CODE": 338544200000.0,
    "PF_TYPE": 6,
    "Shape_Leng": 0.45789895911,
    "Slope": 0.001411212822996,
    "TopElev": 447.0,
    "Tosegment": 3029452,
    "end_x": -106.750416666396,
    "end_y": 55.350416666795866,
    "flow_acc": 690.954,
    "seg_id": 3018852,
    "start_x": -107.03666666663332,
    "start_y": 55.32583333354148,
    "islake": 0,
    "lakeId": 0,
    "RATEACV": 0.0,
    "RATEBCV": 0.0,
    "lake_Vol": 0.0
  }
}