{
  "data": {
    "BotElev": 736.0,
    "Length": 26848.122066196527,
    "OBJECTID": null,
    "PFAF": "380895",
    "PFAF_CODE": 380895000000.0,
    "PF_TYPE": 3,
    "Shape_Leng": 0.26230164723,
    "Slope": 0.00197406730606,
    "TopElev": 789.0,
    "Tosegment": 3023814,
    "end_x": -106.80958333333103,
    "end_y": 49.449583333331304,
    "flow_acc": 690.909,
    "seg_id": 3018850,
    "start_x": -106.96583333333103,
    "start_y": 49.32458333333125,
    "islake": 0,
    "lakeId": 0,
    "RATEACV": 0.0,
    "RATEBCV": 0.0,
    "lake_Vol": 0.0
  }
}