{
  "data": {
    "BotElev": 219.0,
    "Length": 53107.15226817859,
    "OBJECTID": null,
    "PFAF": "3285123",
    "PFAF_CODE": 328512300000.0,
    "PF_TYPE": 5,
    "Shape_Leng": 0.48321811841,
    "Slope": 0.001129791326355,
    "TopElev": 279.0,
    "Tosegment": 3024786,
    "end_x": -110.29479166666681,
    "end_y": 58.705069444444575,
    "flow_acc": 666.044,
    "seg_id": 3018329,
    "start_x": -109.96250000000015,
    "start_y": 58.4977777777778,
    "islake": 0,
    "lakeId": 0,
    "RATEACV": 0.0,
    "RATEBCV": 0.0,
    "lake_Vol": 0.0
  }
}