{
  "data": {
    "BotElev": 279.0,
    "Length": 41637.91960143088,
    "OBJECTID": null,
    "PFAF": "3381992",
    "PFAF_CODE": 338199200000.0,
    "PF_TYPE": 6,
    "Shape_Leng": 0.37346578737,
    "Slope": 0.000792546801471,
    "TopElev": 312.0,
    "Tosegment": 3044479,
    "end_x": -102.32624999963775,
    "end_y": 55.53208333357907,
    "flow_acc": 710.447,
    "seg_id": 3019235,
    "start_x": -102.37916666640848,
    "start_y": 55.30208333367909,
    "islake": 0,
    "lakeId": 0,
    "RATEACV": 0.0,
    "RATEBCV": 0.0,
    "lake_Vol": 0.0
  }
}