{
  "data": {
    "BotElev": 545.0,
    "Length": 4280.9843244599415,
    "OBJECTID": null,
    "PFAF": "34929921",
    "PFAF_CODE": 349299210000.0,
    "PF_TYPE": 6,
    "Shape_Leng": 0.02710575995,
    "Slope": -0.000233591137974,
    "TopElev": 544.0,
    "Tosegment": 3035767,
    "end_x": -103.59208333333817,
    "end_y": 49.372083333334785,
    "flow_acc": 734.662,
    "seg_id": 3019711,
    "start_x": -103.61125000000493,
    "start_y": 49.39125000000138,
    "islake": 0,
    "lakeId": 0,
    "RATEACV": 0.0,
    "RATEBCV": 0.0,
    "lake_Vol": 0.0
  }
}