{
  "data": {
    "BotElev": 602.0,
    "Length": 13883.846190017852,
    "OBJECTID": null,
    "PFAF": "3189618",
    "PFAF_CODE": 318961800000.0,
    "PF_TYPE": 6,
    "Shape_Leng": 0.11399854185,
    "Slope": 0.001584575318604,
    "TopElev": 624.0,
    "Tosegment": 3041804,
    "end_x": -135.11562500000014,
    "end_y": 61.12590277777781,
    "flow_acc": 732.987,
    "seg_id": 3019672,
    "start_x": -135.05416666666662,
    "start_y": 61.03736111111141,
    "islake": 0,
    "lakeId": 0,
    "RATEACV": 0.0,
    "RATEBCV": 0.0,
    "lake_Vol": 0.0
  }
}