{
  "data": {
    "BotElev": 9.0,
    "Length": 44363.29315937262,
    "OBJECTID": null,
    "PFAF": "3212112",
    "PFAF_CODE": 321211200000.0,
    "PF_TYPE": 6,
    "Shape_Leng": 0.55749053006,
    "Slope": 0.000202870421897,
    "TopElev": 18.0,
    "Tosegment": 3043544,
    "end_x": -134.8822916666668,
    "end_y": 67.6238194444445,
    "flow_acc": 716.197,
    "seg_id": 3019347,
    "start_x": -134.39166666666677,
    "start_y": 67.48006944444455,
    "islake": 0,
    "lakeId": 0,
    "RATEACV": 0.0,
    "RATEBCV": 0.0,
    "lake_Vol": 0.0
  }
}