{
  "data": {
    "BotElev": 828.0,
    "Length": 24651.365538021433,
    "OBJECTID": null,
    "PFAF": "315476",
    "PFAF_CODE": 315476000000.0,
    "PF_TYPE": 5,
    "Shape_Leng": 0.25508252147,
    "Slope": 0.007707483778412,
    "TopElev": 1018.0,
    "Tosegment": 3039414,
    "end_x": -128.82374999999848,
    "end_y": 57.945416666665835,
    "flow_acc": 736.532,
    "seg_id": 3019747,
    "start_x": -128.7458333333318,
    "start_y": 58.110833333332494,
    "islake": 0,
    "lakeId": 0,
    "RATEACV": 0.0,
    "RATEBCV": 0.0,
    "lake_Vol": 0.0
  }
}