{
  "data": {
    "BotElev": 630.0,
    "Length": 56016.183811093564,
    "OBJECTID": null,
    "PFAF": "31259443",
    "PFAF_CODE": 312594430000.0,
    "PF_TYPE": 6,
    "Shape_Leng": 0.43195734094,
    "Slope": 0.008515396222074,
    "TopElev": 1107.0,
    "Tosegment": 3030326,
    "end_x": -118.46458333333459,
    "end_y": 49.364583333334906,
    "flow_acc": 718.115,
    "seg_id": 3019378,
    "start_x": -118.48333333333449,
    "start_y": 49.67750000000166,
    "islake": 0,
    "lakeId": 0,
    "RATEACV": 0.0,
    "RATEBCV": 0.0,
    "lake_Vol": 0.0
  }
}