{
  "data": {
    "BotElev": 42.0,
    "Length": 26698.18911872837,
    "OBJECTID": null,
    "PFAF": "3154221",
    "PFAF_CODE": 315422100000.0,
    "PF_TYPE": 5,
    "Shape_Leng": 0.23198310473,
    "Slope": 0.001460773231719,
    "TopElev": 81.0,
    "Tosegment": 3038510,
    "end_x": -131.3095833333312,
    "end_y": 56.700416666666456,
    "flow_acc": 746.609,
    "seg_id": 3019938,
    "start_x": -131.13708333333125,
    "start_y": 56.61874999999975,
    "islake": 0,
    "lakeId": 0,
    "RATEACV": 0.0,
    "RATEBCV": 0.0,
    "lake_Vol": 0.0
  }
}