{
  "data": {
    "BotElev": 769.0,
    "Length": 59673.96516682814,
    "OBJECTID": null,
    "PFAF": "318892",
    "PFAF_CODE": 318892000000.0,
    "PF_TYPE": 5,
    "Shape_Leng": 0.71719230975,
    "Slope": 0.003502364882503,
    "TopElev": 978.0,
    "Tosegment": 3036468,
    "end_x": -131.80520833333344,
    "end_y": 63.3800694444447,
    "flow_acc": 722.336,
    "seg_id": 3019462,
    "start_x": -131.32708333333346,
    "start_y": 63.450902777777685,
    "islake": 0,
    "lakeId": 0,
    "RATEACV": 0.0,
    "RATEBCV": 0.0,
    "lake_Vol": 0.0
  }
}