{
  "data": {
    "BotElev": 310.0,
    "Length": 62086.309471223154,
    "OBJECTID": null,
    "PFAF": "3276742",
    "PFAF_CODE": 327674200000.0,
    "PF_TYPE": 6,
    "Shape_Leng": 0.8910840544,
    "Slope": 0.00106303628871,
    "TopElev": 376.0,
    "Tosegment": 3029937,
    "end_x": -109.45520833333347,
    "end_y": 61.98840277777782,
    "flow_acc": 701.185,
    "seg_id": 3019052,
    "start_x": -108.66666666666674,
    "start_y": 62.14673611111107,
    "islake": 0,
    "lakeId": 0,
    "RATEACV": 0.0,
    "RATEBCV": 0.0,
    "lake_Vol": 0.0
  }
}