{
  "data": {
    "BotElev": 844.0,
    "Length": 55954.101827407096,
    "OBJECTID": null,
    "PFAF": "328966",
    "PFAF_CODE": 328966000000.0,
    "PF_TYPE": 5,
    "Shape_Leng": 0.41224942849,
    "Slope": 0.001965896983554,
    "TopElev": 954.0,
    "Tosegment": 3036811,
    "end_x": -116.28020833333346,
    "end_y": 53.634236111111136,
    "flow_acc": 721.691,
    "seg_id": 3019446,
    "start_x": -116.12187500000016,
    "start_y": 53.3540277777779,
    "islake": 0,
    "lakeId": 0,
    "RATEACV": 0.0,
    "RATEBCV": 0.0,
    "lake_Vol": 0.0
  }
}