{
  "data": {
    "BotElev": 1179.0,
    "Length": 23253.158465998295,
    "OBJECTID": null,
    "PFAF": "3428921",
    "PFAF_CODE": 342892100000.0,
    "PF_TYPE": 5,
    "Shape_Leng": 0.18824537025,
    "Slope": 0.003956451771252,
    "TopElev": 1271.0,
    "Tosegment": 3037200,
    "end_x": -114.68958333333546,
    "end_y": 51.22041666666769,
    "flow_acc": 732.708,
    "seg_id": 3019668,
    "start_x": -114.83791666666878,
    "start_y": 51.28291666666763,
    "islake": 0,
    "lakeId": 0,
    "RATEACV": 0.0,
    "RATEBCV": 0.0,
    "lake_Vol": 0.0
  }
}