{
  "data": {
    "BotElev": 486.0,
    "Length": 8679.608728532668,
    "OBJECTID": null,
    "PFAF": "349843",
    "PFAF_CODE": 349843000000.0,
    "PF_TYPE": 4,
    "Shape_Leng": 0.08805753963,
    "Slope": 0.0006912754005,
    "TopElev": 492.0,
    "Tosegment": 3024935,
    "end_x": -105.33958333333783,
    "end_y": 51.16708333333435,
    "flow_acc": 746.875,
    "seg_id": 3019944,
    "start_x": -105.39291666667117,
    "start_y": 51.12291666666761,
    "islake": 0,
    "lakeId": 0,
    "RATEACV": 0.0,
    "RATEBCV": 0.0,
    "lake_Vol": 0.0
  }
}