{
  "data": {
    "BotElev": 755.0,
    "Length": 40223.47261523246,
    "OBJECTID": null,
    "PFAF": "329369",
    "PFAF_CODE": 329369000000.0,
    "PF_TYPE": 4,
    "Shape_Leng": 0.41489959087,
    "Slope": 0.003381110360633,
    "TopElev": 891.0,
    "Tosegment": 3027036,
    "end_x": -119.07187500000009,
    "end_y": 56.99881944444439,
    "flow_acc": 705.969,
    "seg_id": 3019150,
    "start_x": -119.21666666666675,
    "start_y": 56.759236111111136,
    "islake": 0,
    "lakeId": 0,
    "RATEACV": 0.0,
    "RATEBCV": 0.0,
    "lake_Vol": 0.0
  }
}