{
  "data": {
    "BotElev": 608.0,
    "Length": 35439.89329451618,
    "OBJECTID": null,
    "PFAF": "324766",
    "PFAF_CODE": 324766000000.0,
    "PF_TYPE": 5,
    "Shape_Leng": 0.42077944601,
    "Slope": 0.003555315445024,
    "TopElev": 734.0,
    "Tosegment": 3028588,
    "end_x": -126.31562500000013,
    "end_y": 60.121736111111204,
    "flow_acc": 726.826,
    "seg_id": 3019554,
    "start_x": -126.63333333333344,
    "start_y": 60.031111111111215,
    "islake": 0,
    "lakeId": 0,
    "RATEACV": 0.0,
    "RATEBCV": 0.0,
    "lake_Vol": 0.0
  }
}