{
  "data": {
    "BotElev": 239.0,
    "Length": 42625.627529219135,
    "OBJECTID": null,
    "PFAF": "3153252",
    "PFAF_CODE": 315325200000.0,
    "PF_TYPE": 6,
    "Shape_Leng": 0.38149284494,
    "Slope": 0.000609961694574,
    "TopElev": 265.0,
    "Tosegment": 3039515,
    "end_x": -129.1395833333318,
    "end_y": 56.024583333333055,
    "flow_acc": 728.647,
    "seg_id": 3019592,
    "start_x": -129.46999999999844,
    "start_y": 56.092083333332994,
    "islake": 0,
    "lakeId": 0,
    "RATEACV": 0.0,
    "RATEBCV": 0.0,
    "lake_Vol": 0.0
  }
}