{
  "data": {
    "BotElev": 170.0,
    "Length": 71963.55004838665,
    "OBJECTID": null,
    "PFAF": "326164",
    "PFAF_CODE": 326164000000.0,
    "PF_TYPE": 5,
    "Shape_Leng": 0.85185816455,
    "Slope": 0.001389592369092,
    "TopElev": 270.0,
    "Tosegment": 3030018,
    "end_x": -111.97812500000015,
    "end_y": 61.57381944444444,
    "flow_acc": 707.952,
    "seg_id": 3019191,
    "start_x": -111.28541666666683,
    "start_y": 61.52798611111115,
    "islake": 0,
    "lakeId": 0,
    "RATEACV": 0.0,
    "RATEBCV": 0.0,
    "lake_Vol": 0.0
  }
}