{
  "data": {
    "BotElev": 590.0,
    "Length": 45626.77824195441,
    "OBJECTID": null,
    "PFAF": "3286249",
    "PFAF_CODE": 328624900000.0,
    "PF_TYPE": 5,
    "Shape_Leng": 0.45554255331,
    "Slope": 0.000657508620068,
    "TopElev": 620.0,
    "Tosegment": 3029250,
    "end_x": -110.52604166666674,
    "end_y": 55.571736111111136,
    "flow_acc": 700.308,
    "seg_id": 3019034,
    "start_x": -110.80625000000015,
    "start_y": 55.408194444444575,
    "islake": 0,
    "lakeId": 0,
    "RATEACV": 0.0,
    "RATEBCV": 0.0,
    "lake_Vol": 0.0
  }
}