{
  "data": {
    "BotElev": 310.0,
    "Length": 29885.723681186915,
    "OBJECTID": null,
    "PFAF": "3276743",
    "PFAF_CODE": 327674300000.0,
    "PF_TYPE": 5,
    "Shape_Leng": 0.40802143422,
    "Slope": 0.00010038237762,
    "TopElev": 313.0,
    "Tosegment": 3029937,
    "end_x": -109.45520833333347,
    "end_y": 61.98840277777782,
    "flow_acc": 712.637,
    "seg_id": 3019287,
    "start_x": -109.13125000000014,
    "start_y": 62.188402777777696,
    "islake": 0,
    "lakeId": 0,
    "RATEACV": 0.0,
    "RATEBCV": 0.0,
    "lake_Vol": 0.0
  }
}