{
  "data": {
    "BotElev": 951.0,
    "Length": 57511.6653915706,
    "OBJECTID": null,
    "PFAF": "312883",
    "PFAF_CODE": 312883000000.0,
    "PF_TYPE": 4,
    "Shape_Leng": 0.50597086912,
    "Slope": 0.006850784050808,
    "TopElev": 1345.0,
    "Tosegment": 3027470,
    "end_x": -116.5362500000017,
    "end_y": 50.92458333333445,
    "flow_acc": 803.142,
    "seg_id": 3020918,
    "start_x": -116.92833333333482,
    "start_y": 50.930833333334476,
    "islake": 0,
    "lakeId": 0,
    "RATEACV": 0.0,
    "RATEBCV": 0.0,
    "lake_Vol": 0.0
  }
}