{
  "data": {
    "BotElev": 904.0,
    "Length": 51190.90831579067,
    "OBJECTID": null,
    "PFAF": "342749065",
    "PFAF_CODE": 342749065000.0,
    "PF_TYPE": 3,
    "Shape_Leng": 0.45012229415,
    "Slope": 0.000996270659731,
    "TopElev": 955.0,
    "Tosegment": 3028748,
    "end_x": -112.22291666666945,
    "end_y": 49.47208333333475,
    "flow_acc": 774.837,
    "seg_id": 3020459,
    "start_x": -112.52291666666935,
    "start_y": 49.460000000001344,
    "islake": 0,
    "lakeId": 0,
    "RATEACV": 0.0,
    "RATEBCV": 0.0,
    "lake_Vol": 0.0
  }
}