{
  "data": {
    "BotElev": 342.0,
    "Length": 31137.486449896114,
    "OBJECTID": null,
    "PFAF": "3125628",
    "PFAF_CODE": 312562800000.0,
    "PF_TYPE": 6,
    "Shape_Leng": 0.36409692134,
    "Slope": 0.001573665879513,
    "TopElev": 391.0,
    "Tosegment": 3030678,
    "end_x": -119.426250000001,
    "end_y": 50.2145833333347,
    "flow_acc": 798.854,
    "seg_id": 3020858,
    "start_x": -119.3729166666676,
    "start_y": 50.12916666666803,
    "islake": 0,
    "lakeId": 0,
    "RATEACV": 0.0,
    "RATEBCV": 0.0,
    "lake_Vol": 0.0
  }
}