{
  "data": {
    "BotElev": 445.0,
    "Length": 41113.80969241867,
    "OBJECTID": null,
    "PFAF": "334993",
    "PFAF_CODE": 334993000000.0,
    "PF_TYPE": 2,
    "Shape_Leng": 0.31470290718,
    "Slope": 0.0,
    "TopElev": 445.0,
    "Tosegment": 3028473,
    "end_x": -110.55937499995628,
    "end_y": 65.43006944484898,
    "flow_acc": 786.845,
    "seg_id": 3020663,
    "start_x": -110.35833333361643,
    "start_y": 65.19986111070176,
    "islake": 0,
    "lakeId": 0,
    "RATEACV": 0.0,
    "RATEBCV": 0.0,
    "lake_Vol": 0.0
  }
}