{
  "data": {
    "BotElev": 477.0,
    "Length": 37207.31424067707,
    "OBJECTID": null,
    "PFAF": "344969",
    "PFAF_CODE": 344969000000.0,
    "PF_TYPE": 4,
    "Shape_Leng": 0.41416035337,
    "Slope": 0.000940675260074,
    "TopElev": 512.0,
    "Tosegment": 3025333,
    "end_x": -102.67875000000515,
    "end_y": 52.43625000000071,
    "flow_acc": 778.321,
    "seg_id": 3020514,
    "start_x": -103.03791666667178,
    "start_y": 52.468333333334044,
    "islake": 0,
    "lakeId": 0,
    "RATEACV": 0.0,
    "RATEBCV": 0.0,
    "lake_Vol": 0.0
  }
}