{
  "data": {
    "BotElev": 663.0,
    "Length": 41705.500525937576,
    "OBJECTID": null,
    "PFAF": "318974",
    "PFAF_CODE": 318974000000.0,
    "PF_TYPE": 5,
    "Shape_Leng": 0.47082807226,
    "Slope": 0.005610770690894,
    "TopElev": 897.0,
    "Tosegment": 3042135,
    "end_x": -134.2177083333334,
    "end_y": 61.05090277777799,
    "flow_acc": 786.92,
    "seg_id": 3020665,
    "start_x": -133.77708333333345,
    "start_y": 61.03215277777787,
    "islake": 0,
    "lakeId": 0,
    "RATEACV": 0.0,
    "RATEBCV": 0.0,
    "lake_Vol": 0.0
  }
}