{
  "data": {
    "BotElev": 139.0,
    "Length": 4262.291384548427,
    "OBJECTID": null,
    "PFAF": "3211641",
    "PFAF_CODE": 321164100000.0,
    "PF_TYPE": 5,
    "Shape_Leng": 0.05618867239,
    "Slope": 0.007742314408543,
    "TopElev": 172.0,
    "Tosegment": 3032884,
    "end_x": -135.66145833333337,
    "end_y": 67.66756944444455,
    "flow_acc": 779.416,
    "seg_id": 3020535,
    "start_x": -135.67395833333336,
    "start_y": 67.63006944444436,
    "islake": 0,
    "lakeId": 0,
    "RATEACV": 0.0,
    "RATEBCV": 0.0,
    "lake_Vol": 0.0
  }
}