{
  "data": {
    "BotElev": 90.0,
    "Length": 31027.43231451622,
    "OBJECTID": null,
    "PFAF": "333232",
    "PFAF_CODE": 333232000000.0,
    "PF_TYPE": 5,
    "Shape_Leng": 0.49759206277,
    "Slope": 0.002642822621247,
    "TopElev": 172.0,
    "Tosegment": 3041162,
    "end_x": -126.13020833334781,
    "end_y": 69.01965277745381,
    "flow_acc": 764.548,
    "seg_id": 3020272,
    "start_x": -126.47916666680811,
    "start_y": 68.84361111106409,
    "islake": 0,
    "lakeId": 0,
    "RATEACV": 0.0,
    "RATEBCV": 0.0,
    "lake_Vol": 0.0
  }
}