{
  "data": {
    "BotElev": 351.0,
    "Length": 56919.93005055125,
    "OBJECTID": null,
    "PFAF": "3284646",
    "PFAF_CODE": 328464600000.0,
    "PF_TYPE": 6,
    "Shape_Leng": 0.61822871534,
    "Slope": 0.002652849359897,
    "TopElev": 502.0,
    "Tosegment": 3033524,
    "end_x": -106.30520833333344,
    "end_y": 58.217569444444564,
    "flow_acc": 760.016,
    "seg_id": 3020177,
    "start_x": -106.72916666666674,
    "start_y": 58.28631944444453,
    "islake": 0,
    "lakeId": 0,
    "RATEACV": 0.0,
    "RATEBCV": 0.0,
    "lake_Vol": 0.0
  }
}