{
  "data": {
    "BotElev": 559.0,
    "Length": 40558.77746121192,
    "OBJECTID": null,
    "PFAF": "3242422",
    "PFAF_CODE": 324242200000.0,
    "PF_TYPE": 6,
    "Shape_Leng": 0.41146051254,
    "Slope": 0.006237860602232,
    "TopElev": 812.0,
    "Tosegment": 3034089,
    "end_x": -125.98854166666678,
    "end_y": 61.27590277777779,
    "flow_acc": 792.62,
    "seg_id": 3020756,
    "start_x": -125.99375000000009,
    "start_y": 60.98736111111117,
    "islake": 0,
    "lakeId": 0,
    "RATEACV": 0.0,
    "RATEBCV": 0.0,
    "lake_Vol": 0.0
  }
}