{
  "data": {
    "BotElev": 695.0,
    "Length": 30520.26626635678,
    "OBJECTID": null,
    "PFAF": "3189688",
    "PFAF_CODE": 318968800000.0,
    "PF_TYPE": 6,
    "Shape_Leng": 0.24369611268,
    "Slope": -0.000425946480497,
    "TopElev": 682.0,
    "Tosegment": 3029863,
    "end_x": -133.88437500000003,
    "end_y": 60.11131944444452,
    "flow_acc": 765.196,
    "seg_id": 3020284,
    "start_x": -134.01458333333323,
    "start_y": 60.29986111111123,
    "islake": 0,
    "lakeId": 0,
    "RATEACV": 0.0,
    "RATEBCV": 0.0,
    "lake_Vol": 0.0
  }
}