{
  "data": {
    "BotElev": 143.0,
    "Length": 34423.37168241986,
    "OBJECTID": null,
    "PFAF": "3337329",
    "PFAF_CODE": 333732900000.0,
    "PF_TYPE": 5,
    "Shape_Leng": 0.2957921455,
    "Slope": 0.000406700428103,
    "TopElev": 157.0,
    "Tosegment": 3025690,
    "end_x": -106.16979166625231,
    "end_y": 66.9384027775663,
    "flow_acc": 751.498,
    "seg_id": 3020018,
    "start_x": -106.23749999982505,
    "start_y": 67.14673611108276,
    "islake": 0,
    "lakeId": 0,
    "RATEACV": 0.0,
    "RATEBCV": 0.0,
    "lake_Vol": 0.0
  }
}