{
  "data": {
    "BotElev": 106.0,
    "Length": 21751.684809822007,
    "OBJECTID": null,
    "PFAF": "33399681",
    "PFAF_CODE": 333996810000.0,
    "PF_TYPE": 6,
    "Shape_Leng": 0.25543786013,
    "Slope": 0.000459734502749,
    "TopElev": 116.0,
    "Tosegment": 3032042,
    "end_x": -110.9093750001561,
    "end_y": 69.20298611102027,
    "flow_acc": 800.196,
    "seg_id": 3020877,
    "start_x": -110.75312500001871,
    "start_y": 69.36756944417465,
    "islake": 0,
    "lakeId": 0,
    "RATEACV": 0.0,
    "RATEBCV": 0.0,
    "lake_Vol": 0.0
  }
}