{
  "data": {
    "BotElev": 488.0,
    "Length": 38618.03331931784,
    "OBJECTID": null,
    "PFAF": "34986",
    "PFAF_CODE": 349860000000.0,
    "PF_TYPE": 4,
    "Shape_Leng": 0.34463413879,
    "Slope": 0.000906312336276,
    "TopElev": 523.0,
    "Tosegment": 3035168,
    "end_x": -105.16875000000448,
    "end_y": 51.462916666667525,
    "flow_acc": 762.529,
    "seg_id": 3020219,
    "start_x": -104.91916666667123,
    "start_y": 51.37541666666766,
    "islake": 0,
    "lakeId": 0,
    "RATEACV": 0.0,
    "RATEBCV": 0.0,
    "lake_Vol": 0.0
  }
}