{
  "data": {
    "BotElev": 709.0,
    "Length": 45378.183709199635,
    "OBJECTID": null,
    "PFAF": "3155229",
    "PFAF_CODE": 315522900000.0,
    "PF_TYPE": 5,
    "Shape_Leng": 0.4825038478,
    "Slope": 0.002974997872659,
    "TopElev": 844.0,
    "Tosegment": 3029964,
    "end_x": -132.61874999999753,
    "end_y": 59.2704166666656,
    "flow_acc": 784.25,
    "seg_id": 3020604,
    "start_x": -132.32624999999769,
    "start_y": 59.153333333332284,
    "islake": 0,
    "lakeId": 0,
    "RATEACV": 0.0,
    "RATEBCV": 0.0,
    "lake_Vol": 0.0
  }
}