{
  "data": {
    "BotElev": 391.0,
    "Length": 51190.54334476661,
    "OBJECTID": null,
    "PFAF": "333328",
    "PFAF_CODE": 333328000000.0,
    "PF_TYPE": 5,
    "Shape_Leng": 0.71044950856,
    "Slope": 0.002305113255104,
    "TopElev": 509.0,
    "Tosegment": 3035440,
    "end_x": -121.65729166677693,
    "end_y": 68.35090277744138,
    "flow_acc": 791.385,
    "seg_id": 3020736,
    "start_x": -121.04166666688315,
    "start_y": 68.27069444479287,
    "islake": 0,
    "lakeId": 0,
    "RATEACV": 0.0,
    "RATEBCV": 0.0,
    "lake_Vol": 0.0
  }
}