{
  "data": {
    "BotElev": 580.0,
    "Length": 12097.216171549355,
    "OBJECTID": null,
    "PFAF": "3389843",
    "PFAF_CODE": 338984300000.0,
    "PF_TYPE": 5,
    "Shape_Leng": 0.1384864715,
    "Slope": 0.001570609281554,
    "TopElev": 599.0,
    "Tosegment": 3024108,
    "end_x": -111.13041666699553,
    "end_y": 54.72458333375391,
    "flow_acc": 790.958,
    "seg_id": 3020729,
    "start_x": -111.0012500002872,
    "start_y": 54.71374999966292,
    "islake": 0,
    "lakeId": 0,
    "RATEACV": 0.0,
    "RATEBCV": 0.0,
    "lake_Vol": 0.0
  }
}