{
  "data": {
    "BotElev": 752.0,
    "Length": 36110.55670512352,
    "OBJECTID": null,
    "PFAF": "34256025",
    "PFAF_CODE": 342560250000.0,
    "PF_TYPE": 6,
    "Shape_Leng": 0.33874666282,
    "Slope": 0.003101586079511,
    "TopElev": 864.0,
    "Tosegment": 3028850,
    "end_x": -109.50375000000344,
    "end_y": 49.945416666667995,
    "flow_acc": 751.482,
    "seg_id": 3020016,
    "start_x": -109.64000000000334,
    "start_y": 49.775833333334674,
    "islake": 0,
    "lakeId": 0,
    "RATEACV": 0.0,
    "RATEBCV": 0.0,
    "lake_Vol": 0.0
  }
}