{
  "data": {
    "BotElev": 417.0,
    "Length": 20594.018536947813,
    "OBJECTID": null,
    "PFAF": "3142694",
    "PFAF_CODE": 314269400000.0,
    "PF_TYPE": 6,
    "Shape_Leng": 0.2325232983,
    "Slope": 0.00597260800651,
    "TopElev": 540.0,
    "Tosegment": 3033586,
    "end_x": -118.81958333333455,
    "end_y": 50.30875000000128,
    "flow_acc": 800.01,
    "seg_id": 3020874,
    "start_x": -118.99083333333436,
    "start_y": 50.21666666666812,
    "islake": 0,
    "lakeId": 0,
    "RATEACV": 0.0,
    "RATEBCV": 0.0,
    "lake_Vol": 0.0
  }
}