{
  "data": {
    "BotElev": 173.0,
    "Length": 34443.11851482325,
    "OBJECTID": null,
    "PFAF": "322694",
    "PFAF_CODE": 322694000000.0,
    "PF_TYPE": 5,
    "Shape_Leng": 0.4419829242,
    "Slope": 0.002700103939775,
    "TopElev": 266.0,
    "Tosegment": 3036261,
    "end_x": -124.4343750000001,
    "end_y": 65.59465277777781,
    "flow_acc": 781.683,
    "seg_id": 3020572,
    "start_x": -124.69166666666672,
    "start_y": 65.37381944444445,
    "islake": 0,
    "lakeId": 0,
    "RATEACV": 0.0,
    "RATEBCV": 0.0,
    "lake_Vol": 0.0
  }
}