{
  "data": {
    "BotElev": 944.0,
    "Length": 58888.443857261715,
    "OBJECTID": null,
    "PFAF": "329499",
    "PFAF_CODE": 329499000000.0,
    "PF_TYPE": 3,
    "Shape_Leng": 0.60924182263,
    "Slope": 0.003837764851586,
    "TopElev": 1170.0,
    "Tosegment": 3028076,
    "end_x": -120.25104166666677,
    "end_y": 54.68215277777779,
    "flow_acc": 780.485,
    "seg_id": 3020552,
    "start_x": -120.67708333333343,
    "start_y": 54.60506944444455,
    "islake": 0,
    "lakeId": 0,
    "RATEACV": 0.0,
    "RATEBCV": 0.0,
    "lake_Vol": 0.0
  }
}