{
  "data": {
    "BotElev": 816.0,
    "Length": 34851.02873764725,
    "OBJECTID": null,
    "PFAF": "3247493",
    "PFAF_CODE": 324749300000.0,
    "PF_TYPE": 4,
    "Shape_Leng": 0.27795371854,
    "Slope": 0.001807694127891,
    "TopElev": 879.0,
    "Tosegment": 3024309,
    "end_x": -125.74479166666669,
    "end_y": 58.70090277777774,
    "flow_acc": 769.965,
    "seg_id": 3020370,
    "start_x": -125.67291666666677,
    "start_y": 58.48319444444451,
    "islake": 0,
    "lakeId": 0,
    "RATEACV": 0.0,
    "RATEBCV": 0.0,
    "lake_Vol": 0.0
  }
}