{
  "data": {
    "BotElev": 802.0,
    "Length": 37403.5900155248,
    "OBJECTID": null,
    "PFAF": "323446",
    "PFAF_CODE": 323446000000.0,
    "PF_TYPE": 5,
    "Shape_Leng": 0.51268090095,
    "Slope": 0.009517802966299,
    "TopElev": 1158.0,
    "Tosegment": 3030261,
    "end_x": -126.82395833333345,
    "end_y": 63.60715277777774,
    "flow_acc": 838.231,
    "seg_id": 3021441,
    "start_x": -127.1833333333334,
    "start_y": 63.385277777777844,
    "islake": 0,
    "lakeId": 0,
    "RATEACV": 0.0,
    "RATEBCV": 0.0,
    "lake_Vol": 0.0
  }
}