{
  "data": {
    "BotElev": 346.0,
    "Length": 6314.574736558154,
    "OBJECTID": null,
    "PFAF": "3332821",
    "PFAF_CODE": 333282100000.0,
    "PF_TYPE": 5,
    "Shape_Leng": 0.09722718285,
    "Slope": 0.0,
    "TopElev": 346.0,
    "Tosegment": 3031109,
    "end_x": -122.27395833341035,
    "end_y": 67.53840277816585,
    "flow_acc": 848.123,
    "seg_id": 3021590,
    "start_x": -122.34270833372261,
    "start_y": 67.46965277785358,
    "islake": 0,
    "lakeId": 0,
    "RATEACV": 0.0,
    "RATEBCV": 0.0,
    "lake_Vol": 0.0
  }
}