{
  "data": {
    "BotElev": 513.0,
    "Length": 17985.571629881542,
    "OBJECTID": null,
    "PFAF": "3449990241",
    "PFAF_CODE": 344999024100.0,
    "PF_TYPE": 8,
    "Shape_Leng": 0.21284096911,
    "Slope": 0.000556001232865,
    "TopElev": 523.0,
    "Tosegment": 3035068,
    "end_x": -104.12291666667136,
    "end_y": 51.90625000000085,
    "flow_acc": 858.323,
    "seg_id": 3021758,
    "start_x": -103.96541666667156,
    "start_y": 51.976250000000675,
    "islake": 0,
    "lakeId": 0,
    "RATEACV": 0.0,
    "RATEBCV": 0.0,
    "lake_Vol": 0.0
  }
}