{
  "data": {
    "BotElev": 378.0,
    "Length": 20940.024393246742,
    "OBJECTID": null,
    "PFAF": "32845291",
    "PFAF_CODE": 328452910000.0,
    "PF_TYPE": 5,
    "Shape_Leng": 0.2069289621,
    "Slope": 0.001910217450028,
    "TopElev": 418.0,
    "Tosegment": 3028606,
    "end_x": -107.03229166666677,
    "end_y": 58.79881944444446,
    "flow_acc": 809.505,
    "seg_id": 3021012,
    "start_x": -107.06770833333348,
    "start_y": 58.682152777777844,
    "islake": 0,
    "lakeId": 0,
    "RATEACV": 0.0,
    "RATEBCV": 0.0,
    "lake_Vol": 0.0
  }
}