{
  "data": {
    "BotElev": 347.0,
    "Length": 41914.80878766857,
    "OBJECTID": null,
    "PFAF": "324232",
    "PFAF_CODE": 324232000000.0,
    "PF_TYPE": 5,
    "Shape_Leng": 0.55053834445,
    "Slope": 0.009781745685086,
    "TopElev": 757.0,
    "Tosegment": 3041766,
    "end_x": -125.11562500000008,
    "end_y": 61.45923611111118,
    "flow_acc": 819.811,
    "seg_id": 3021182,
    "start_x": -125.56875000000014,
    "start_y": 61.32486111111115,
    "islake": 0,
    "lakeId": 0,
    "RATEACV": 0.0,
    "RATEBCV": 0.0,
    "lake_Vol": 0.0
  }
}