{
  "data": {
    "BotElev": 643.0,
    "Length": 46391.124357293185,
    "OBJECTID": null,
    "PFAF": "321286",
    "PFAF_CODE": 321286000000.0,
    "PF_TYPE": 5,
    "Shape_Leng": 0.63853114451,
    "Slope": 0.004526727965949,
    "TopElev": 853.0,
    "Tosegment": 3037003,
    "end_x": -137.03645833333337,
    "end_y": 64.91340277777778,
    "flow_acc": 876.067,
    "seg_id": 3021999,
    "start_x": -136.47916666666669,
    "start_y": 64.9967361111112,
    "islake": 0,
    "lakeId": 0,
    "RATEACV": 0.0,
    "RATEBCV": 0.0,
    "lake_Vol": 0.0
  }
}