{
  "data": {
    "BotElev": 666.0,
    "Length": 58244.4584420608,
    "OBJECTID": null,
    "PFAF": "3427304",
    "PFAF_CODE": 342730400000.0,
    "PF_TYPE": 6,
    "Shape_Leng": 0.59972384523,
    "Slope": 0.000944295843264,
    "TopElev": 721.0,
    "Tosegment": -9999,
    "end_x": -110.69375000000315,
    "end_y": 50.40375000000108,
    "flow_acc": 863.178,
    "seg_id": 3021822,
    "start_x": -111.0733333333364,
    "start_y": 50.20125000000127,
    "islake": 0,
    "lakeId": 0,
    "RATEACV": 0.0,
    "RATEBCV": 0.0,
    "lake_Vol": 0.0
  }
}