{
  "data": {
    "BotElev": 259.0,
    "Length": 45185.04929475153,
    "OBJECTID": null,
    "PFAF": "33292",
    "PFAF_CODE": 332920000000.0,
    "PF_TYPE": 4,
    "Shape_Leng": 0.67165509359,
    "Slope": 0.001062298276735,
    "TopElev": 307.0,
    "Tosegment": 3036314,
    "end_x": -123.98229166662708,
    "end_y": 67.31340277771602,
    "flow_acc": 823.23,
    "seg_id": 3021214,
    "start_x": -123.44791666702048,
    "start_y": 67.4613194448367,
    "islake": 0,
    "lakeId": 0,
    "RATEACV": 0.0,
    "RATEBCV": 0.0,
    "lake_Vol": 0.0
  }
}