{
  "data": {
    "BotElev": 705.0,
    "Length": 69713.53388476778,
    "OBJECTID": null,
    "PFAF": "314696",
    "PFAF_CODE": 314696000000.0,
    "PF_TYPE": 5,
    "Shape_Leng": 0.67497510789,
    "Slope": 0.004245947429509,
    "TopElev": 1001.0,
    "Tosegment": 3037304,
    "end_x": -120.0912500000008,
    "end_y": 53.26208333333392,
    "flow_acc": 819.359,
    "seg_id": 3021176,
    "start_x": -119.56166666666746,
    "start_y": 53.30291666666716,
    "islake": 0,
    "lakeId": 0,
    "RATEACV": 0.0,
    "RATEBCV": 0.0,
    "lake_Vol": 0.0
  }
}