{
  "data": {
    "BotElev": 845.0,
    "Length": 7065.409771192563,
    "OBJECTID": null,
    "PFAF": "342565",
    "PFAF_CODE": 342565000000.0,
    "PF_TYPE": 4,
    "Shape_Leng": 0.08187902833,
    "Slope": 0.000566138430684,
    "TopElev": 849.0,
    "Tosegment": 3028999,
    "end_x": -108.48041666667035,
    "end_y": 49.83541666666804,
    "flow_acc": 860.771,
    "seg_id": 3021795,
    "start_x": -108.55125000000362,
    "start_y": 49.81875000000139,
    "islake": 0,
    "lakeId": 0,
    "RATEACV": 0.0,
    "RATEBCV": 0.0,
    "lake_Vol": 0.0
  }
}