{
  "data": {
    "BotElev": 347.0,
    "Length": 14740.353372635562,
    "OBJECTID": null,
    "PFAF": "3295361",
    "PFAF_CODE": 329536100000.0,
    "PF_TYPE": 5,
    "Shape_Leng": 0.17178300859,
    "Slope": 0.006580574939273,
    "TopElev": 444.0,
    "Tosegment": 3044126,
    "end_x": -118.63854166666675,
    "end_y": 55.92590277777782,
    "flow_acc": 850.447,
    "seg_id": 3021628,
    "start_x": -118.76979166666678,
    "start_y": 55.86340277777788,
    "islake": 0,
    "lakeId": 0,
    "RATEACV": 0.0,
    "RATEBCV": 0.0,
    "lake_Vol": 0.0
  }
}