{
  "data": {
    "BotElev": 880.0,
    "Length": 59284.258123902866,
    "OBJECTID": null,
    "PFAF": "3189467",
    "PFAF_CODE": 318946700000.0,
    "PF_TYPE": 5,
    "Shape_Leng": 0.6210755619,
    "Slope": 0.003154294342508,
    "TopElev": 1067.0,
    "Tosegment": 3026416,
    "end_x": -132.67812500000014,
    "end_y": 62.54048611111119,
    "flow_acc": 855.917,
    "seg_id": 3021722,
    "start_x": -132.23958333333348,
    "start_y": 62.33736111111119,
    "islake": 0,
    "lakeId": 0,
    "RATEACV": 0.0,
    "RATEBCV": 0.0,
    "lake_Vol": 0.0
  }
}