{
  "data": {
    "BotElev": 634.0,
    "Length": 46297.753067984966,
    "OBJECTID": null,
    "PFAF": "3288995",
    "PFAF_CODE": 328899500000.0,
    "PF_TYPE": 3,
    "Shape_Leng": 0.4930806574,
    "Slope": 0.0008207741733,
    "TopElev": 672.0,
    "Tosegment": 3025681,
    "end_x": -116.25104166666665,
    "end_y": 55.86340277777788,
    "flow_acc": 844.568,
    "seg_id": 3021541,
    "start_x": -116.11458333333348,
    "start_y": 56.12381944444451,
    "islake": 0,
    "lakeId": 0,
    "RATEACV": 0.0,
    "RATEBCV": 0.0,
    "lake_Vol": 0.0
  }
}