{
  "data": {
    "BotElev": 1021.0,
    "Length": 47990.56125239494,
    "OBJECTID": null,
    "PFAF": "3129723",
    "PFAF_CODE": 312972300000.0,
    "PF_TYPE": 5,
    "Shape_Leng": 0.39053177584,
    "Slope": 0.006605465569215,
    "TopElev": 1338.0,
    "Tosegment": 3028107,
    "end_x": -115.22541666666882,
    "end_y": 49.653750000001594,
    "flow_acc": 861.445,
    "seg_id": 3021804,
    "start_x": -115.15166666666869,
    "start_y": 49.940833333334865,
    "islake": 0,
    "lakeId": 0,
    "RATEACV": 0.0,
    "RATEBCV": 0.0,
    "lake_Vol": 0.0
  }
}