{
  "data": {
    "BotElev": 335.0,
    "Length": 50213.779681463864,
    "OBJECTID": null,
    "PFAF": "338236",
    "PFAF_CODE": 338236000000.0,
    "PF_TYPE": 5,
    "Shape_Leng": 0.46008339378,
    "Slope": 0.000438126748067,
    "TopElev": 357.0,
    "Tosegment": 3043174,
    "end_x": -102.61958333370387,
    "end_y": 56.636250000137466,
    "flow_acc": 810.149,
    "seg_id": 3021025,
    "start_x": -102.27583333304187,
    "start_y": 56.44208333337923,
    "islake": 0,
    "lakeId": 0,
    "RATEACV": 0.0,
    "RATEBCV": 0.0,
    "lake_Vol": 0.0
  }
}