{
  "data": {
    "BotElev": 984.0,
    "Length": 17793.050967719573,
    "OBJECTID": null,
    "PFAF": "312983",
    "PFAF_CODE": 312983000000.0,
    "PF_TYPE": 4,
    "Shape_Leng": 0.12332912447,
    "Slope": 0.002079463497695,
    "TopElev": 1021.0,
    "Tosegment": 3032305,
    "end_x": -116.30958333333507,
    "end_y": 49.63125000000156,
    "flow_acc": 867.058,
    "seg_id": 3021885,
    "start_x": -116.37708333333518,
    "start_y": 49.706250000001546,
    "islake": 0,
    "lakeId": 0,
    "RATEACV": 0.0,
    "RATEBCV": 0.0,
    "lake_Vol": 0.0
  }
}