{
  "data": {
    "BotElev": 571.0,
    "Length": 23713.395942148964,
    "OBJECTID": null,
    "PFAF": "3408",
    "PFAF_CODE": 340800000000.0,
    "PF_TYPE": 3,
    "Shape_Leng": 0.16391329958,
    "Slope": 0.000506043083381,
    "TopElev": 583.0,
    "Tosegment": -9999,
    "end_x": -108.08875000000381,
    "end_y": 51.096250000000964,
    "flow_acc": 837.2,
    "seg_id": 3021426,
    "start_x": -108.02458333333715,
    "start_y": 50.9775000000011,
    "islake": 0,
    "lakeId": 0,
    "RATEACV": 0.0,
    "RATEBCV": 0.0,
    "lake_Vol": 0.0
  }
}