{
  "data": {
    "BotElev": 267.0,
    "Length": 9871.306126809395,
    "OBJECTID": null,
    "PFAF": "323697",
    "PFAF_CODE": 323697000000.0,
    "PF_TYPE": 3,
    "Shape_Leng": 0.10059223176,
    "Slope": 0.0,
    "TopElev": 267.0,
    "Tosegment": 3027755,
    "end_x": -119.30937500000016,
    "end_y": 63.22381944444447,
    "flow_acc": 876.749,
    "seg_id": 3022005,
    "start_x": -119.3864583333334,
    "start_y": 63.25506944444447,
    "islake": 0,
    "lakeId": 0,
    "RATEACV": 0.0,
    "RATEBCV": 0.0,
    "lake_Vol": 0.0
  }
}