{
  "data": {
    "BotElev": 457.0,
    "Length": 62446.87540238139,
    "OBJECTID": null,
    "PFAF": "327295",
    "PFAF_CODE": 327295000000.0,
    "PF_TYPE": 3,
    "Shape_Leng": 0.71064619387,
    "Slope": 0.001857578930131,
    "TopElev": 573.0,
    "Tosegment": 3026864,
    "end_x": -119.94479166666679,
    "end_y": 60.038402777777776,
    "flow_acc": 910.189,
    "seg_id": 3022448,
    "start_x": -119.36041666666677,
    "start_y": 59.959236111111125,
    "islake": 0,
    "lakeId": 0,
    "RATEACV": 0.0,
    "RATEBCV": 0.0,
    "lake_Vol": 0.0
  }
}