{
  "data": {
    "BotElev": 1337.0,
    "Length": 17467.00540957153,
    "OBJECTID": null,
    "PFAF": "3428961",
    "PFAF_CODE": 342896100000.0,
    "PF_TYPE": 5,
    "Shape_Leng": 0.1481269239,
    "Slope": 0.007557105348331,
    "TopElev": 1469.0,
    "Tosegment": 3035173,
    "end_x": -115.47791666666859,
    "end_y": 51.16625000000096,
    "flow_acc": 952.117,
    "seg_id": 3022963,
    "start_x": -115.49208333333519,
    "start_y": 51.246250000001,
    "islake": 0,
    "lakeId": 0,
    "RATEACV": 0.0,
    "RATEBCV": 0.0,
    "lake_Vol": 0.0
  }
}