{
  "data": {
    "BotElev": 211.0,
    "Length": 40864.59263771156,
    "OBJECTID": null,
    "PFAF": "32843623",
    "PFAF_CODE": 328436230000.0,
    "PF_TYPE": 6,
    "Shape_Leng": 0.5389880197,
    "Slope": 0.00075860293714,
    "TopElev": 242.0,
    "Tosegment": 3029777,
    "end_x": -108.97604166666673,
    "end_y": 59.3904861111111,
    "flow_acc": 914.594,
    "seg_id": 3022508,
    "start_x": -108.59375000000006,
    "start_y": 59.51444444444445,
    "islake": 0,
    "lakeId": 0,
    "RATEACV": 0.0,
    "RATEBCV": 0.0,
    "lake_Vol": 0.0
  }
}