{
  "data": {
    "BotElev": 287.0,
    "Length": 49298.29242858528,
    "OBJECTID": null,
    "PFAF": "333586",
    "PFAF_CODE": 333586000000.0,
    "PF_TYPE": 5,
    "Shape_Leng": 0.60506245532,
    "Slope": 0.002028467824618,
    "TopElev": 387.0,
    "Tosegment": 3036791,
    "end_x": -110.73229166702674,
    "end_y": 66.8571527781782,
    "flow_acc": 923.273,
    "seg_id": 3022611,
    "start_x": -111.23541666624612,
    "start_y": 67.02277777807217,
    "islake": 0,
    "lakeId": 0,
    "RATEACV": 0.0,
    "RATEBCV": 0.0,
    "lake_Vol": 0.0
  }
}