{
  "data": {
    "BotElev": 316.0,
    "Length": 49327.72577629781,
    "OBJECTID": null,
    "PFAF": "327667",
    "PFAF_CODE": 327667000000.0,
    "PF_TYPE": 4,
    "Shape_Leng": 0.5243306574,
    "Slope": 8.1090298347e-05,
    "TopElev": 320.0,
    "Tosegment": 3025702,
    "end_x": -110.03437500000013,
    "end_y": 61.146736111111125,
    "flow_acc": 896.939,
    "seg_id": 3022276,
    "start_x": -110.12187500000016,
    "start_y": 61.35611111111115,
    "islake": 0,
    "lakeId": 0,
    "RATEACV": 0.0,
    "RATEBCV": 0.0,
    "lake_Vol": 0.0
  }
}