{
  "data": {
    "BotElev": 572.0,
    "Length": 8311.254838385763,
    "OBJECTID": null,
    "PFAF": "3289321",
    "PFAF_CODE": 328932100000.0,
    "PF_TYPE": 5,
    "Shape_Leng": 0.08068317096,
    "Slope": 0.004451794671139,
    "TopElev": 609.0,
    "Tosegment": 3042245,
    "end_x": -114.44062500000013,
    "end_y": 54.465486111111204,
    "flow_acc": 884.438,
    "seg_id": 3022114,
    "start_x": -114.5114583333334,
    "start_y": 54.482152777777856,
    "islake": 0,
    "lakeId": 0,
    "RATEACV": 0.0,
    "RATEBCV": 0.0,
    "lake_Vol": 0.0
  }
}