{
  "data": {
    "BotElev": 1024.0,
    "Length": 74352.52067798504,
    "OBJECTID": null,
    "PFAF": "342694",
    "PFAF_CODE": 342694000000.0,
    "PF_TYPE": 5,
    "Shape_Leng": 0.77231776055,
    "Slope": 0.00412897904739,
    "TopElev": 1331.0,
    "Tosegment": 3035647,
    "end_x": -114.5554166666688,
    "end_y": 51.909583333334126,
    "flow_acc": 887.979,
    "seg_id": 3022164,
    "start_x": -115.1891666666686,
    "start_y": 51.82125000000087,
    "islake": 0,
    "lakeId": 0,
    "RATEACV": 0.0,
    "RATEBCV": 0.0,
    "lake_Vol": 0.0
  }
}