{
  "data": {
    "BotElev": 1024.0,
    "Length": 17600.78327913442,
    "OBJECTID": null,
    "PFAF": "314983",
    "PFAF_CODE": 314983000000.0,
    "PF_TYPE": 4,
    "Shape_Leng": 0.14007954536,
    "Slope": -0.000284078266331,
    "TopElev": 1019.0,
    "Tosegment": 3028986,
    "end_x": -126.01124999999934,
    "end_y": 53.522916666667015,
    "flow_acc": 891.691,
    "seg_id": 3022211,
    "start_x": -126.12874999999917,
    "start_y": 53.56291666666709,
    "islake": 0,
    "lakeId": 0,
    "RATEACV": 0.0,
    "RATEBCV": 0.0,
    "lake_Vol": 0.0
  }
}