{
  "data": {
    "BotElev": 523.0,
    "Length": 65732.6314083249,
    "OBJECTID": null,
    "PFAF": "314592",
    "PFAF_CODE": 314592000000.0,
    "PF_TYPE": 5,
    "Shape_Leng": 0.58784989745,
    "Slope": 0.005583223919947,
    "TopElev": 890.0,
    "Tosegment": 3043671,
    "end_x": -122.6595833333335,
    "end_y": 53.428750000000605,
    "flow_acc": 910.653,
    "seg_id": 3022455,
    "start_x": -122.25666666666689,
    "start_y": 53.330833333333885,
    "islake": 0,
    "lakeId": 0,
    "RATEACV": 0.0,
    "RATEBCV": 0.0,
    "lake_Vol": 0.0
  }
}