{
  "data": {
    "BotElev": 494.0,
    "Length": 51114.092316308735,
    "OBJECTID": null,
    "PFAF": "32184",
    "PFAF_CODE": 321840000000.0,
    "PF_TYPE": 4,
    "Shape_Leng": 0.56102904008,
    "Slope": 0.007023503377081,
    "TopElev": 853.0,
    "Tosegment": 3039068,
    "end_x": -128.90937500000007,
    "end_y": 64.98840277777776,
    "flow_acc": 879.615,
    "seg_id": 3022050,
    "start_x": -128.4520833333334,
    "start_y": 64.81548611111123,
    "islake": 0,
    "lakeId": 0,
    "RATEACV": 0.0,
    "RATEBCV": 0.0,
    "lake_Vol": 0.0
  }
}