{
  "data": {
    "BotElev": 664.0,
    "Length": 53514.33763720906,
    "OBJECTID": null,
    "PFAF": "3424727",
    "PFAF_CODE": 342472700000.0,
    "PF_TYPE": 5,
    "Shape_Leng": 0.5742898325,
    "Slope": 0.001270687501749,
    "TopElev": 732.0,
    "Tosegment": 3028825,
    "end_x": -112.51125000000269,
    "end_y": 53.49208333333371,
    "flow_acc": 942.007,
    "seg_id": 3022855,
    "start_x": -112.98750000000257,
    "start_y": 53.44416666666706,
    "islake": 0,
    "lakeId": 0,
    "RATEACV": 0.0,
    "RATEBCV": 0.0,
    "lake_Vol": 0.0
  }
}