{
  "data": {
    "BotElev": 367.0,
    "Length": 52112.6864024486,
    "OBJECTID": null,
    "PFAF": "336496",
    "PFAF_CODE": 336496000000.0,
    "PF_TYPE": 5,
    "Shape_Leng": 0.76619400854,
    "Slope": 0.000537297190626,
    "TopElev": 395.0,
    "Tosegment": 3034029,
    "end_x": -104.605208333198,
    "end_y": 60.99048611124522,
    "flow_acc": 881.211,
    "seg_id": 3022068,
    "start_x": -105.30416666685818,
    "start_y": 60.91444444465543,
    "islake": 0,
    "lakeId": 0,
    "RATEACV": 0.0,
    "RATEBCV": 0.0,
    "lake_Vol": 0.0
  }
}