{
  "data": {
    "BotElev": 157.0,
    "Length": 3077.0588229258738,
    "OBJECTID": null,
    "PFAF": "3274325",
    "PFAF_CODE": 327432500000.0,
    "PF_TYPE": 5,
    "Shape_Leng": 0.03104061445,
    "Slope": 0.000649971324922,
    "TopElev": 159.0,
    "Tosegment": 3027771,
    "end_x": -115.6510416666668,
    "end_y": 60.83215277777782,
    "flow_acc": 890.33,
    "seg_id": 3022189,
    "start_x": -115.65937500000013,
    "start_y": 60.81340277777775,
    "islake": 0,
    "lakeId": 0,
    "RATEACV": 0.0,
    "RATEBCV": 0.0,
    "lake_Vol": 0.0
  }
}