{
  "data": {
    "BotElev": 19.0,
    "Length": 82276.94156828492,
    "OBJECTID": null,
    "PFAF": "321434",
    "PFAF_CODE": 321434000000.0,
    "PF_TYPE": 5,
    "Shape_Leng": 1.08023591527,
    "Slope": 0.001093866620277,
    "TopElev": 109.0,
    "Tosegment": 3040611,
    "end_x": -133.09270833333346,
    "end_y": 66.64048611111122,
    "flow_acc": 886.355,
    "seg_id": 3022138,
    "start_x": -132.16250000000008,
    "start_y": 66.51236111111109,
    "islake": 0,
    "lakeId": 0,
    "RATEACV": 0.0,
    "RATEBCV": 0.0,
    "lake_Vol": 0.0
  }
}