{
  "data": {
    "BotElev": 672.0,
    "Length": 48552.57340245003,
    "OBJECTID": null,
    "PFAF": "329778",
    "PFAF_CODE": 329778000000.0,
    "PF_TYPE": 5,
    "Shape_Leng": 0.40419950968,
    "Slope": 0.003542551670213,
    "TopElev": 844.0,
    "Tosegment": 3043489,
    "end_x": -122.68854166666677,
    "end_y": 56.084236111111125,
    "flow_acc": 1043.81,
    "seg_id": 3023990,
    "start_x": -122.66458333333344,
    "start_y": 55.80194444444447,
    "islake": 0,
    "lakeId": 0,
    "RATEACV": 0.0,
    "RATEBCV": 0.0,
    "lake_Vol": 0.0
  }
}