{
  "data": {
    "BotElev": 509.0,
    "Length": 75013.36102800266,
    "OBJECTID": null,
    "PFAF": "3246842",
    "PFAF_CODE": 324684200000.0,
    "PF_TYPE": 6,
    "Shape_Leng": 0.71636746892,
    "Slope": 0.002146284312469,
    "TopElev": 670.0,
    "Tosegment": 3033039,
    "end_x": -120.80104166666678,
    "end_y": 57.900902777777844,
    "flow_acc": 955.539,
    "seg_id": 3023004,
    "start_x": -120.30625000000003,
    "start_y": 57.68319444444438,
    "islake": 0,
    "lakeId": 0,
    "RATEACV": 0.0,
    "RATEBCV": 0.0,
    "lake_Vol": 0.0
  }
}