{
  "data": {
    "BotElev": 760.0,
    "Length": 58958.12901269769,
    "OBJECTID": null,
    "PFAF": "318986",
    "PFAF_CODE": 318986000000.0,
    "PF_TYPE": 5,
    "Shape_Leng": 0.57987847178,
    "Slope": 0.004969628529713,
    "TopElev": 1053.0,
    "Tosegment": 3035258,
    "end_x": -132.95937500000014,
    "end_y": 61.16756944444444,
    "flow_acc": 966.87,
    "seg_id": 3023128,
    "start_x": -133.10000000000002,
    "start_y": 61.560277777778026,
    "islake": 0,
    "lakeId": 0,
    "RATEACV": 0.0,
    "RATEBCV": 0.0,
    "lake_Vol": 0.0
  }
}