{
  "data": {
    "BotElev": 336.0,
    "Length": 103021.13085190328,
    "OBJECTID": null,
    "PFAF": "3284644",
    "PFAF_CODE": 328464400000.0,
    "PF_TYPE": 6,
    "Shape_Leng": 1.18569917853,
    "Slope": 0.000825073451409,
    "TopElev": 421.0,
    "Tosegment": 3035376,
    "end_x": -105.96145833333344,
    "end_y": 58.31548611111111,
    "flow_acc": 967.693,
    "seg_id": 3023134,
    "start_x": -106.71875000000011,
    "start_y": 57.83111111111117,
    "islake": 0,
    "lakeId": 0,
    "RATEACV": 0.0,
    "RATEBCV": 0.0,
    "lake_Vol": 0.0
  }
}