{
  "data": {
    "BotElev": 633.0,
    "Length": 55622.37761532104,
    "OBJECTID": null,
    "PFAF": "329422",
    "PFAF_CODE": 329422000000.0,
    "PF_TYPE": 5,
    "Shape_Leng": 0.58833446033,
    "Slope": 0.001366356550337,
    "TopElev": 709.0,
    "Tosegment": 3038656,
    "end_x": -117.1197916666668,
    "end_y": 55.11340277777788,
    "flow_acc": 961.554,
    "seg_id": 3023066,
    "start_x": -117.52083333333337,
    "start_y": 54.98944444444453,
    "islake": 0,
    "lakeId": 0,
    "RATEACV": 0.0,
    "RATEBCV": 0.0,
    "lake_Vol": 0.0
  }
}