{
  "data": {
    "BotElev": 638.0,
    "Length": 56348.00531590797,
    "OBJECTID": null,
    "PFAF": "342469",
    "PFAF_CODE": 342469000000.0,
    "PF_TYPE": 4,
    "Shape_Leng": 0.46310116011,
    "Slope": 0.000887342856587,
    "TopElev": 688.0,
    "Tosegment": 3029642,
    "end_x": -112.0829166666694,
    "end_y": 53.45041666666708,
    "flow_acc": 1016.25,
    "seg_id": 3023682,
    "start_x": -112.12916666666945,
    "start_y": 53.13666666666717,
    "islake": 0,
    "lakeId": 0,
    "RATEACV": 0.0,
    "RATEBCV": 0.0,
    "lake_Vol": 0.0
  }
}