{
  "data": {
    "BotElev": 166.0,
    "Length": 40529.43925047989,
    "OBJECTID": null,
    "PFAF": "32418",
    "PFAF_CODE": 324180000000.0,
    "PF_TYPE": 4,
    "Shape_Leng": 0.37280145174,
    "Slope": 0.00313352472545,
    "TopElev": 293.0,
    "Tosegment": 3044593,
    "end_x": -123.04270833333345,
    "end_y": 61.10090277777783,
    "flow_acc": 968.204,
    "seg_id": 3023142,
    "start_x": -123.12083333333345,
    "start_y": 61.351944444444484,
    "islake": 0,
    "lakeId": 0,
    "RATEACV": 0.0,
    "RATEBCV": 0.0,
    "lake_Vol": 0.0
  }
}