{
  "data": {
    "BotElev": 279.0,
    "Length": 70421.32019529196,
    "OBJECTID": null,
    "PFAF": "333452",
    "PFAF_CODE": 333452000000.0,
    "PF_TYPE": 5,
    "Shape_Leng": 0.91464157969,
    "Slope": 0.001874432340006,
    "TopElev": 411.0,
    "Tosegment": 3041853,
    "end_x": -114.24687499978131,
    "end_y": 66.12381944481166,
    "flow_acc": 1041.15,
    "seg_id": 3023957,
    "start_x": -113.46458333325421,
    "start_y": 65.96861111141385,
    "islake": 0,
    "lakeId": 0,
    "RATEACV": 0.0,
    "RATEBCV": 0.0,
    "lake_Vol": 0.0
  }
}