{
  "data": {
    "BotElev": 32.0,
    "Length": 67651.9447131238,
    "OBJECTID": null,
    "PFAF": "321523",
    "PFAF_CODE": 321523000000.0,
    "PF_TYPE": 4,
    "Shape_Leng": 0.81236156155,
    "Slope": 0.001433809484876,
    "TopElev": 129.0,
    "Tosegment": 3029221,
    "end_x": -132.38645833333345,
    "end_y": 67.21756944444456,
    "flow_acc": 987.651,
    "seg_id": 3023366,
    "start_x": -132.2645833333334,
    "start_y": 66.84465277777775,
    "islake": 0,
    "lakeId": 0,
    "RATEACV": 0.0,
    "RATEBCV": 0.0,
    "lake_Vol": 0.0
  }
}