{
  "data": {
    "BotElev": 359.0,
    "Length": 52434.08981513648,
    "OBJECTID": null,
    "PFAF": "32648",
    "PFAF_CODE": 326480000000.0,
    "PF_TYPE": 4,
    "Shape_Leng": 0.7445590576,
    "Slope": 0.000858220294443,
    "TopElev": 404.0,
    "Tosegment": 3032490,
    "end_x": -113.33437500000014,
    "end_y": 63.77381944444443,
    "flow_acc": 1009.48,
    "seg_id": 3023596,
    "start_x": -112.64791666666679,
    "start_y": 63.751944444444405,
    "islake": 0,
    "lakeId": 0,
    "RATEACV": 0.0,
    "RATEBCV": 0.0,
    "lake_Vol": 0.0
  }
}