{
  "data": {
    "BotElev": 642.0,
    "Length": 16165.561766605846,
    "OBJECTID": null,
    "PFAF": "32972241",
    "PFAF_CODE": 329722410000.0,
    "PF_TYPE": 6,
    "Shape_Leng": 0.16151439986,
    "Slope": 0.005752970502523,
    "TopElev": 735.0,
    "Tosegment": 3032765,
    "end_x": -121.72604166666679,
    "end_y": 55.3384027777779,
    "flow_acc": 985.059,
    "seg_id": 3023331,
    "start_x": -121.86354166666672,
    "start_y": 55.34048611111109,
    "islake": 0,
    "lakeId": 0,
    "RATEACV": 0.0,
    "RATEBCV": 0.0,
    "lake_Vol": 0.0
  }
}