{
  "data": {
    "BotElev": 801.0,
    "Length": 60762.3208395073,
    "OBJECTID": null,
    "PFAF": "31259493",
    "PFAF_CODE": 312594930000.0,
    "PF_TYPE": 5,
    "Shape_Leng": 0.53563585224,
    "Slope": 0.00505247323931,
    "TopElev": 1108.0,
    "Tosegment": 3030926,
    "end_x": -118.76625000000104,
    "end_y": 49.61708333333473,
    "flow_acc": 982.098,
    "seg_id": 3023302,
    "start_x": -118.60416666666794,
    "start_y": 50.007500000001414,
    "islake": 0,
    "lakeId": 0,
    "RATEACV": 0.0,
    "RATEBCV": 0.0,
    "lake_Vol": 0.0
  }
}