{
  "data": {
    "BotElev": 440.0,
    "Length": 29029.908812896254,
    "OBJECTID": null,
    "PFAF": "32862421",
    "PFAF_CODE": 328624210000.0,
    "PF_TYPE": 6,
    "Shape_Leng": 0.35344125753,
    "Slope": 0.000482261246159,
    "TopElev": 454.0,
    "Tosegment": 3035033,
    "end_x": -110.58229166666683,
    "end_y": 56.011319444444496,
    "flow_acc": 1023.16,
    "seg_id": 3023753,
    "start_x": -110.31770833333343,
    "start_y": 56.14881944444443,
    "islake": 0,
    "lakeId": 0,
    "RATEACV": 0.0,
    "RATEBCV": 0.0,
    "lake_Vol": 0.0
  }
}