{
  "data": {
    "BotElev": 782.0,
    "Length": 55202.793481649685,
    "OBJECTID": null,
    "PFAF": "3429163",
    "PFAF_CODE": 342916300000.0,
    "PF_TYPE": 5,
    "Shape_Leng": 0.38461976883,
    "Slope": 0.000905751264501,
    "TopElev": 832.0,
    "Tosegment": 3029445,
    "end_x": -112.32958333333607,
    "end_y": 50.15541666666786,
    "flow_acc": 1033.48,
    "seg_id": 3023880,
    "start_x": -112.52583333333587,
    "start_y": 50.3979166666677,
    "islake": 0,
    "lakeId": 0,
    "RATEACV": 0.0,
    "RATEBCV": 0.0,
    "lake_Vol": 0.0
  }
}