{
  "data": {
    "BotElev": 831.0,
    "Length": 3934.6319775778065,
    "OBJECTID": null,
    "PFAF": "31894941",
    "PFAF_CODE": 318949410000.0,
    "PF_TYPE": 6,
    "Shape_Leng": 0.03851100286,
    "Slope": 0.000508306751787,
    "TopElev": 833.0,
    "Tosegment": 3037725,
    "end_x": -131.1427083333333,
    "end_y": 61.77590277777807,
    "flow_acc": 1014.82,
    "seg_id": 3023665,
    "start_x": -131.11979166666657,
    "start_y": 61.757152777777776,
    "islake": 0,
    "lakeId": 0,
    "RATEACV": 0.0,
    "RATEBCV": 0.0,
    "lake_Vol": 0.0
  }
}