{
  "data": {
    "BotElev": 1211.0,
    "Length": 29239.014557089773,
    "OBJECTID": null,
    "PFAF": "3424863",
    "PFAF_CODE": 342486300000.0,
    "PF_TYPE": 5,
    "Shape_Leng": 0.27296957655,
    "Slope": 0.00509593097637,
    "TopElev": 1360.0,
    "Tosegment": 3027121,
    "end_x": -116.264583333335,
    "end_y": 52.72541666666717,
    "flow_acc": 1000.64,
    "seg_id": 3023496,
    "start_x": -116.3437500000017,
    "start_y": 52.61291666666716,
    "islake": 0,
    "lakeId": 0,
    "RATEACV": 0.0,
    "RATEBCV": 0.0,
    "lake_Vol": 0.0
  }
}