{
  "data": {
    "BotElev": 630.0,
    "Length": 65922.39905967165,
    "OBJECTID": null,
    "PFAF": "3424545",
    "PFAF_CODE": 342454500000.0,
    "PF_TYPE": 5,
    "Shape_Leng": 0.70922552878,
    "Slope": 0.000773636893188,
    "TopElev": 681.0,
    "Tosegment": 3028798,
    "end_x": -108.75541666667033,
    "end_y": 53.46791666666712,
    "flow_acc": 1019.14,
    "seg_id": 3023705,
    "start_x": -108.18666666667048,
    "start_y": 53.463750000000346,
    "islake": 0,
    "lakeId": 0,
    "RATEACV": 0.0,
    "RATEBCV": 0.0,
    "lake_Vol": 0.0
  }
}