{
  "data": {
    "BotElev": 12.0,
    "Length": 60342.07901567118,
    "OBJECTID": null,
    "PFAF": "315158",
    "PFAF_CODE": 315158000000.0,
    "PF_TYPE": 5,
    "Shape_Leng": 0.56816038328,
    "Slope": 0.002651549343509,
    "TopElev": 172.0,
    "Tosegment": -9999,
    "end_x": -126.63291666666578,
    "end_y": 51.7404166666675,
    "flow_acc": 1039.32,
    "seg_id": 3023932,
    "start_x": -126.17916666666582,
    "start_y": 51.801666666667586,
    "islake": 0,
    "lakeId": 0,
    "RATEACV": 0.0,
    "RATEBCV": 0.0,
    "lake_Vol": 0.0
  }
}