{
  "data": {
    "BotElev": 207.0,
    "Length": 42552.95048049862,
    "OBJECTID": null,
    "PFAF": "315524",
    "PFAF_CODE": 315524000000.0,
    "PF_TYPE": 5,
    "Shape_Leng": 0.51971876469,
    "Slope": 0.004888027684363,
    "TopElev": 415.0,
    "Tosegment": 3038680,
    "end_x": -132.76624999999746,
    "end_y": 58.74291666666568,
    "flow_acc": 1004.15,
    "seg_id": 3023534,
    "start_x": -133.0374999999974,
    "start_y": 58.48083333333233,
    "islake": 0,
    "lakeId": 0,
    "RATEACV": 0.0,
    "RATEBCV": 0.0,
    "lake_Vol": 0.0
  }
}