{
  "data": {
    "BotElev": 812.0,
    "Length": 95479.40140506935,
    "OBJECTID": null,
    "PFAF": "3145823",
    "PFAF_CODE": 314582300000.0,
    "PF_TYPE": 5,
    "Shape_Leng": 0.84978814896,
    "Slope": 0.001204448271645,
    "TopElev": 927.0,
    "Tosegment": 3027655,
    "end_x": -123.53958333333333,
    "end_y": 53.27125000000052,
    "flow_acc": 1024.51,
    "seg_id": 3023769,
    "start_x": -124.29333333333295,
    "start_y": 53.40250000000043,
    "islake": 0,
    "lakeId": 0,
    "RATEACV": 0.0,
    "RATEBCV": 0.0,
    "lake_Vol": 0.0
  }
}