{
  "data": {
    "BotElev": 742.0,
    "Length": 78460.93247670119,
    "OBJECTID": null,
    "PFAF": "329449",
    "PFAF_CODE": 329449000000.0,
    "PF_TYPE": 4,
    "Shape_Leng": 0.8917630165,
    "Slope": 0.005034352607488,
    "TopElev": 1137.0,
    "Tosegment": 3033233,
    "end_x": -117.73645833333342,
    "end_y": 54.555069444444484,
    "flow_acc": 963.937,
    "seg_id": 3023094,
    "start_x": -118.35416666666674,
    "start_y": 54.16756944444438,
    "islake": 0,
    "lakeId": 0,
    "RATEACV": 0.0,
    "RATEBCV": 0.0,
    "lake_Vol": 0.0
  }
}