{
  "data": {
    "BotElev": 849.0,
    "Length": 65783.03709192733,
    "OBJECTID": null,
    "PFAF": "314938",
    "PFAF_CODE": 314938000000.0,
    "PF_TYPE": 5,
    "Shape_Leng": 0.51219423365,
    "Slope": 0.00115531303144,
    "TopElev": 925.0,
    "Tosegment": 3039667,
    "end_x": -125.00541666666612,
    "end_y": 53.462916666666956,
    "flow_acc": 971.677,
    "seg_id": 3023178,
    "start_x": -124.6416666666662,
    "start_y": 53.253333333333785,
    "islake": 0,
    "lakeId": 0,
    "RATEACV": 0.0,
    "RATEBCV": 0.0,
    "lake_Vol": 0.0
  }
}