{
  "data": {
    "BotElev": 712.0,
    "Length": 72723.30073636776,
    "OBJECTID": null,
    "PFAF": "314698",
    "PFAF_CODE": 314698000000.0,
    "PF_TYPE": 5,
    "Shape_Leng": 0.57604112507,
    "Slope": 0.005252786880299,
    "TopElev": 1094.0,
    "Tosegment": 3036254,
    "end_x": -120.00958333333409,
    "end_y": 53.2012500000007,
    "flow_acc": 1022.97,
    "seg_id": 3023752,
    "start_x": -119.93125000000072,
    "start_y": 52.82083333333418,
    "islake": 0,
    "lakeId": 0,
    "RATEACV": 0.0,
    "RATEBCV": 0.0,
    "lake_Vol": 0.0
  }
}