{
  "data": {
    "BotElev": 243.0,
    "Length": 26946.645187436017,
    "OBJECTID": null,
    "PFAF": "322423",
    "PFAF_CODE": 322423000000.0,
    "PF_TYPE": 4,
    "Shape_Leng": 0.423263588,
    "Slope": 0.002300843001744,
    "TopElev": 305.0,
    "Tosegment": 3031009,
    "end_x": -117.1218750000001,
    "end_y": 66.01340277777786,
    "flow_acc": 957.044,
    "seg_id": 3023020,
    "start_x": -116.75937500000015,
    "start_y": 66.1529861111112,
    "islake": 0,
    "lakeId": 0,
    "RATEACV": 0.0,
    "RATEBCV": 0.0,
    "lake_Vol": 0.0
  }
}