{
  "data": {
    "BotElev": 234.0,
    "Length": 41092.1876162932,
    "OBJECTID": null,
    "PFAF": "33258",
    "PFAF_CODE": 332580000000.0,
    "PF_TYPE": 4,
    "Shape_Leng": 0.57150703209,
    "Slope": 0.001849499975754,
    "TopElev": 310.0,
    "Tosegment": 3039849,
    "end_x": -124.27604166648968,
    "end_y": 67.6592361109578,
    "flow_acc": 1080.26,
    "seg_id": 3024358,
    "start_x": -123.7999999998001,
    "start_y": 67.64673611098283,
    "islake": 0,
    "lakeId": 0,
    "RATEACV": 0.0,
    "RATEBCV": 0.0,
    "lake_Vol": 0.0
  }
}