{
  "data": {
    "BotElev": 218.0,
    "Length": 7625.508023084782,
    "OBJECTID": null,
    "PFAF": "321685",
    "PFAF_CODE": 321685000000.0,
    "PF_TYPE": 4,
    "Shape_Leng": 0.1155943362,
    "Slope": 0.00052455521493,
    "TopElev": 222.0,
    "Tosegment": 3028053,
    "end_x": -125.98437500000006,
    "end_y": 66.45298611111122,
    "flow_acc": 1080.41,
    "seg_id": 3024362,
    "start_x": -125.87395833333346,
    "start_y": 66.45298611111122,
    "islake": 0,
    "lakeId": 0,
    "RATEACV": 0.0,
    "RATEBCV": 0.0,
    "lake_Vol": 0.0
  }
}