{
  "data": {
    "BotElev": 486.0,
    "Length": 10660.81172695899,
    "OBJECTID": null,
    "PFAF": "349841",
    "PFAF_CODE": 349841000000.0,
    "PF_TYPE": 4,
    "Shape_Leng": 0.10121320343,
    "Slope": 0.0,
    "TopElev": 486.0,
    "Tosegment": 3037213,
    "end_x": -105.26791666667117,
    "end_y": 51.13875000000098,
    "flow_acc": 1141.47,
    "seg_id": 3024935,
    "start_x": -105.33958333333783,
    "start_y": 51.16708333333435,
    "islake": 0,
    "lakeId": 0,
    "RATEACV": 0.0,
    "RATEBCV": 0.0,
    "lake_Vol": 0.0
  }
}