{
  "data": {
    "BotElev": 157.0,
    "Length": 71913.45319304784,
    "OBJECTID": null,
    "PFAF": "326274",
    "PFAF_CODE": 326274000000.0,
    "PF_TYPE": 5,
    "Shape_Leng": 0.97677143422,
    "Slope": 0.001404466000664,
    "TopElev": 258.0,
    "Tosegment": 3041575,
    "end_x": -116.25104166666665,
    "end_y": 62.994652777777844,
    "flow_acc": 1084.93,
    "seg_id": 3024421,
    "start_x": -117.11666666666679,
    "start_y": 62.92590277777788,
    "islake": 0,
    "lakeId": 0,
    "RATEACV": 0.0,
    "RATEBCV": 0.0,
    "lake_Vol": 0.0
  }
}