{
  "data": {
    "BotElev": 285.0,
    "Length": 2745.3109577219757,
    "OBJECTID": null,
    "PFAF": "327947",
    "PFAF_CODE": 327947000000.0,
    "PF_TYPE": 4,
    "Shape_Leng": 0.03362944922,
    "Slope": 0.0,
    "TopElev": 285.0,
    "Tosegment": 3029536,
    "end_x": -110.51562500000011,
    "end_y": 59.88215277777789,
    "flow_acc": 1113.92,
    "seg_id": 3024703,
    "start_x": -110.49062500000014,
    "start_y": 59.89881944444443,
    "islake": 0,
    "lakeId": 0,
    "RATEACV": 0.0,
    "RATEBCV": 0.0,
    "lake_Vol": 0.0
  }
}