{
  "data": {
    "BotElev": 713.0,
    "Length": 93753.61118866161,
    "OBJECTID": null,
    "PFAF": "3426542",
    "PFAF_CODE": 342654200000.0,
    "PF_TYPE": 6,
    "Shape_Leng": 0.67665280734,
    "Slope": 0.001514608324945,
    "TopElev": 855.0,
    "Tosegment": 3030886,
    "end_x": -112.9829166666691,
    "end_y": 51.56375000000088,
    "flow_acc": 1054.9,
    "seg_id": 3024104,
    "start_x": -113.32500000000249,
    "start_y": 51.98416666666742,
    "islake": 0,
    "lakeId": 0,
    "RATEACV": 0.0,
    "RATEBCV": 0.0,
    "lake_Vol": 0.0
  }
}