{
  "data": {
    "BotElev": 262.0,
    "Length": 4781.341378830376,
    "OBJECTID": null,
    "PFAF": "336727",
    "PFAF_CODE": 336727000000.0,
    "PF_TYPE": 4,
    "Shape_Leng": 0.05151650535,
    "Slope": 0.0,
    "TopElev": 262.0,
    "Tosegment": 3031018,
    "end_x": -103.59270833342282,
    "end_y": 63.30923611155737,
    "flow_acc": 1135.57,
    "seg_id": 3024884,
    "start_x": -103.54895833306051,
    "start_y": 63.29048611114513,
    "islake": 0,
    "lakeId": 0,
    "RATEACV": 0.0,
    "RATEBCV": 0.0,
    "lake_Vol": 0.0
  }
}