{
  "data": {
    "BotElev": 541.0,
    "Length": 51014.41429977691,
    "OBJECTID": null,
    "PFAF": "3189424",
    "PFAF_CODE": 318942400000.0,
    "PF_TYPE": 6,
    "Shape_Leng": 0.72913818207,
    "Slope": 0.00268551549362,
    "TopElev": 678.0,
    "Tosegment": 3039319,
    "end_x": -134.70729166666666,
    "end_y": 63.002986111111284,
    "flow_acc": 1088.63,
    "seg_id": 3024451,
    "start_x": -134.08333333333331,
    "start_y": 63.206111111111284,
    "islake": 0,
    "lakeId": 0,
    "RATEACV": 0.0,
    "RATEBCV": 0.0,
    "lake_Vol": 0.0
  }
}