{
  "data": {
    "BotElev": 18.0,
    "Length": 42135.446926830096,
    "OBJECTID": null,
    "PFAF": "3333583",
    "PFAF_CODE": 333358300000.0,
    "PF_TYPE": 5,
    "Shape_Leng": 0.57671536838,
    "Slope": 0.002658094506378,
    "TopElev": 130.0,
    "Tosegment": 3027815,
    "end_x": -115.08854166686439,
    "end_y": 68.25298611112015,
    "flow_acc": 1059.41,
    "seg_id": 3024149,
    "start_x": -115.41979166665209,
    "start_y": 68.16965277735386,
    "islake": 0,
    "lakeId": 0,
    "RATEACV": 0.0,
    "RATEBCV": 0.0,
    "lake_Vol": 0.0
  }
}