{
  "data": {
    "BotElev": 15.0,
    "Length": 50447.7855035718,
    "OBJECTID": null,
    "PFAF": "331821",
    "PFAF_CODE": 331821000000.0,
    "PF_TYPE": 4,
    "Shape_Leng": 0.71918365217,
    "Slope": 0.001110058636688,
    "TopElev": 71.0,
    "Tosegment": 3036512,
    "end_x": -130.93020833364767,
    "end_y": 68.96340277801596,
    "flow_acc": 1098.82,
    "seg_id": 3024550,
    "start_x": -130.37604166688936,
    "start_y": 68.92798611067059,
    "islake": 0,
    "lakeId": 0,
    "RATEACV": 0.0,
    "RATEBCV": 0.0,
    "lake_Vol": 0.0
  }
}