{
  "data": {
    "BotElev": 568.0,
    "Length": 1675.2648898412149,
    "OBJECTID": null,
    "PFAF": "3389841",
    "PFAF_CODE": 338984100000.0,
    "PF_TYPE": 5,
    "Shape_Leng": 0.01678511292,
    "Slope": 0.007163046317492,
    "TopElev": 580.0,
    "Tosegment": 3035242,
    "end_x": -111.13875000001235,
    "end_y": 54.711250000387224,
    "flow_acc": 1055.19,
    "seg_id": 3024108,
    "start_x": -111.13041666699553,
    "start_y": 54.72458333375391,
    "islake": 0,
    "lakeId": 0,
    "RATEACV": 0.0,
    "RATEBCV": 0.0,
    "lake_Vol": 0.0
  }
}