{
  "data": {
    "BotElev": 968.0,
    "Length": 62266.84526239036,
    "OBJECTID": null,
    "PFAF": "3145863",
    "PFAF_CODE": 314586300000.0,
    "PF_TYPE": 5,
    "Shape_Leng": 0.64167646669,
    "Slope": 0.005187351288457,
    "TopElev": 1291.0,
    "Tosegment": 3029706,
    "end_x": -123.80624999999986,
    "end_y": 53.00791666666714,
    "flow_acc": 1080.54,
    "seg_id": 3024364,
    "start_x": -124.28374999999966,
    "start_y": 52.84666666666749,
    "islake": 0,
    "lakeId": 0,
    "RATEACV": 0.0,
    "RATEBCV": 0.0,
    "lake_Vol": 0.0
  }
}