{
  "data": {
    "BotElev": 288.0,
    "Length": 377.19241876874776,
    "OBJECTID": null,
    "PFAF": "322265",
    "PFAF_CODE": 322265000000.0,
    "PF_TYPE": 4,
    "Shape_Leng": 0.00589255651,
    "Slope": -0.002651166752673,
    "TopElev": 287.0,
    "Tosegment": 3030280,
    "end_x": -121.34479166666671,
    "end_y": 63.425902777777765,
    "flow_acc": 1116.92,
    "seg_id": 3024735,
    "start_x": -121.34895833333343,
    "start_y": 63.42173611111116,
    "islake": 0,
    "lakeId": 0,
    "RATEACV": 0.0,
    "RATEBCV": 0.0,
    "lake_Vol": 0.0
  }
}