{
  "data": {
    "BotElev": 352.0,
    "Length": 88588.53194617854,
    "OBJECTID": null,
    "PFAF": "3262683",
    "PFAF_CODE": 326268300000.0,
    "PF_TYPE": 5,
    "Shape_Leng": 1.15877442529,
    "Slope": 0.000891763282046,
    "TopElev": 431.0,
    "Tosegment": 3030418,
    "end_x": -115.02395833333344,
    "end_y": 64.48006944444444,
    "flow_acc": 1068.43,
    "seg_id": 3024246,
    "start_x": -114.47500000000008,
    "start_y": 64.72486111111107,
    "islake": 0,
    "lakeId": 0,
    "RATEACV": 0.0,
    "RATEBCV": 0.0,
    "lake_Vol": 0.0
  }
}