{
  "data": {
    "BotElev": 394.0,
    "Length": 27412.854387221098,
    "OBJECTID": null,
    "PFAF": "333446",
    "PFAF_CODE": 333446000000.0,
    "PF_TYPE": 5,
    "Shape_Leng": 0.26250744064,
    "Slope": 0.0,
    "TopElev": 394.0,
    "Tosegment": 3032606,
    "end_x": -112.87395833331038,
    "end_y": 66.09465277790349,
    "flow_acc": 1128.96,
    "seg_id": 3024830,
    "start_x": -112.77083333329159,
    "start_y": 66.31444444465541,
    "islake": 0,
    "lakeId": 0,
    "RATEACV": 0.0,
    "RATEBCV": 0.0,
    "lake_Vol": 0.0
  }
}