{
  "data": {
    "BotElev": 798.0,
    "Length": 80026.3489818987,
    "OBJECTID": null,
    "PFAF": "329863",
    "PFAF_CODE": 329863000000.0,
    "PF_TYPE": 4,
    "Shape_Leng": 0.8692397182,
    "Slope": 0.00326142580938,
    "TopElev": 1059.0,
    "Tosegment": 3031857,
    "end_x": -125.46770833333346,
    "end_y": 57.60090277777783,
    "flow_acc": 1248.41,
    "seg_id": 3025851,
    "start_x": -124.73541666666677,
    "start_y": 57.598819444444416,
    "islake": 0,
    "lakeId": 0,
    "RATEACV": 0.0,
    "RATEBCV": 0.0,
    "lake_Vol": 0.0
  }
}