{
  "data": {
    "BotElev": 18.0,
    "Length": 34346.763428126156,
    "OBJECTID": null,
    "PFAF": "333823",
    "PFAF_CODE": 333823000000.0,
    "PF_TYPE": 4,
    "Shape_Leng": 0.43067264954,
    "Slope": 0.00052406684658,
    "TopElev": 36.0,
    "Tosegment": 3028860,
    "end_x": -104.31354166681444,
    "end_y": 67.76965277815327,
    "flow_acc": 1158.51,
    "seg_id": 3025083,
    "start_x": -104.65729166657701,
    "start_y": 67.72381944431197,
    "islake": 0,
    "lakeId": 0,
    "RATEACV": 0.0,
    "RATEBCV": 0.0,
    "lake_Vol": 0.0
  }
}