{
  "data": {
    "BotElev": 357.0,
    "Length": 6126.3479389510185,
    "OBJECTID": null,
    "PFAF": "336991",
    "PFAF_CODE": 336991000000.0,
    "PF_TYPE": 2,
    "Shape_Leng": 0.07365695644,
    "Slope": 0.0,
    "TopElev": 357.0,
    "Tosegment": 3030524,
    "end_x": -106.83020833324787,
    "end_y": 62.61548611069554,
    "flow_acc": 1261.56,
    "seg_id": 3025945,
    "start_x": -106.77812499986874,
    "start_y": 62.66756944407467,
    "islake": 0,
    "lakeId": 0,
    "RATEACV": 0.0,
    "RATEBCV": 0.0,
    "lake_Vol": 0.0
  }
}