{
  "data": {
    "BotElev": 866.0,
    "Length": 32540.437218480274,
    "OBJECTID": null,
    "PFAF": "3188693",
    "PFAF_CODE": 318869300000.0,
    "PF_TYPE": 4,
    "Shape_Leng": 0.37948818528,
    "Slope": 0.003810643328713,
    "TopElev": 990.0,
    "Tosegment": 3033774,
    "end_x": -131.73437500000006,
    "end_y": 64.09881944444459,
    "flow_acc": 1231.06,
    "seg_id": 3025700,
    "start_x": -131.3885416666668,
    "start_y": 64.03423611111123,
    "islake": 0,
    "lakeId": 0,
    "RATEACV": 0.0,
    "RATEBCV": 0.0,
    "lake_Vol": 0.0
  }
}