{
  "data": {
    "BotElev": 258.0,
    "Length": 25037.296872491555,
    "OBJECTID": null,
    "PFAF": "344941",
    "PFAF_CODE": 344941000000.0,
    "PF_TYPE": 4,
    "Shape_Leng": 0.25457702004,
    "Slope": 0.001357974072567,
    "TopElev": 292.0,
    "Tosegment": 3039737,
    "end_x": -101.46958333333885,
    "end_y": 52.907083333333844,
    "flow_acc": 1215.49,
    "seg_id": 3025591,
    "start_x": -101.65458333333879,
    "start_y": 52.87125000000054,
    "islake": 0,
    "lakeId": 0,
    "RATEACV": 0.0,
    "RATEBCV": 0.0,
    "lake_Vol": 0.0
  }
}