{
  "data": {
    "BotElev": 194.0,
    "Length": 70502.50697496784,
    "OBJECTID": null,
    "PFAF": "325849",
    "PFAF_CODE": 325849000000.0,
    "PF_TYPE": 4,
    "Shape_Leng": 0.65386746892,
    "Slope": 0.000893585245449,
    "TopElev": 257.0,
    "Tosegment": 3031636,
    "end_x": -116.66354166666673,
    "end_y": 62.04465277777774,
    "flow_acc": 1260.74,
    "seg_id": 3025939,
    "start_x": -116.96458333333345,
    "start_y": 62.41236111111118,
    "islake": 0,
    "lakeId": 0,
    "RATEACV": 0.0,
    "RATEBCV": 0.0,
    "lake_Vol": 0.0
  }
}