{
  "data": {
    "BotElev": 530.0,
    "Length": 73457.40941458137,
    "OBJECTID": null,
    "PFAF": "325497",
    "PFAF_CODE": 325497000000.0,
    "PF_TYPE": 3,
    "Shape_Leng": 0.84779092958,
    "Slope": 0.000980159803807,
    "TopElev": 602.0,
    "Tosegment": 3031746,
    "end_x": -120.94270833333337,
    "end_y": 60.29465277777791,
    "flow_acc": 1245.29,
    "seg_id": 3025819,
    "start_x": -120.26875000000013,
    "start_y": 60.381111111111125,
    "islake": 0,
    "lakeId": 0,
    "RATEACV": 0.0,
    "RATEBCV": 0.0,
    "lake_Vol": 0.0
  }
}