{
  "data": {
    "BotElev": 754.0,
    "Length": 1002.7489087430658,
    "OBJECTID": null,
    "PFAF": "324823",
    "PFAF_CODE": 324823000000.0,
    "PF_TYPE": 4,
    "Shape_Leng": 0.01508883476,
    "Slope": 0.004986293135205,
    "TopElev": 759.0,
    "Tosegment": 3029532,
    "end_x": -128.20937500000014,
    "end_y": 59.398819444444484,
    "flow_acc": 1208.63,
    "seg_id": 3025539,
    "start_x": -128.22187500000007,
    "start_y": 59.39256944444446,
    "islake": 0,
    "lakeId": 0,
    "RATEACV": 0.0,
    "RATEBCV": 0.0,
    "lake_Vol": 0.0
  }
}