{
  "data": {
    "BotElev": 1074.0,
    "Length": 30250.068287088696,
    "OBJECTID": null,
    "PFAF": "3154941",
    "PFAF_CODE": 315494100000.0,
    "PF_TYPE": 5,
    "Shape_Leng": 0.3406269239,
    "Slope": 0.00109090662827,
    "TopElev": 1107.0,
    "Tosegment": 3033334,
    "end_x": -127.59458333333214,
    "end_y": 57.68624999999929,
    "flow_acc": 1255.43,
    "seg_id": 3025894,
    "start_x": -127.28374999999886,
    "start_y": 57.707083333332605,
    "islake": 0,
    "lakeId": 0,
    "RATEACV": 0.0,
    "RATEBCV": 0.0,
    "lake_Vol": 0.0
  }
}