{
  "data": {
    "BotElev": 689.0,
    "Length": 21171.67695542987,
    "OBJECTID": null,
    "PFAF": "342761",
    "PFAF_CODE": 342761000000.0,
    "PF_TYPE": 4,
    "Shape_Leng": 0.1756269239,
    "Slope": 0.004203729359151,
    "TopElev": 778.0,
    "Tosegment": 3043021,
    "end_x": -111.48791666666955,
    "end_y": 49.91208333333458,
    "flow_acc": 1266.06,
    "seg_id": 3025995,
    "start_x": -111.54291666666961,
    "start_y": 49.79375000000124,
    "islake": 0,
    "lakeId": 0,
    "RATEACV": 0.0,
    "RATEBCV": 0.0,
    "lake_Vol": 0.0
  }
}