{
  "data": {
    "BotElev": 121.0,
    "Length": 64113.93182091392,
    "OBJECTID": null,
    "PFAF": "33234",
    "PFAF_CODE": 332340000000.0,
    "PF_TYPE": 4,
    "Shape_Leng": 0.78255403587,
    "Slope": 0.00163770957447,
    "TopElev": 226.0,
    "Tosegment": 3042026,
    "end_x": -126.78854166686432,
    "end_y": 68.55090277794096,
    "flow_acc": 1165.69,
    "seg_id": 3025167,
    "start_x": -126.61666666653338,
    "start_y": 68.1956944440434,
    "islake": 0,
    "lakeId": 0,
    "RATEACV": 0.0,
    "RATEBCV": 0.0,
    "lake_Vol": 0.0
  }
}