{
  "data": {
    "BotElev": 537.0,
    "Length": 50440.54300232721,
    "OBJECTID": null,
    "PFAF": "3389961",
    "PFAF_CODE": 338996100000.0,
    "PF_TYPE": 5,
    "Shape_Leng": 0.4483900915,
    "Slope": 0.000317205149819,
    "TopElev": 553.0,
    "Tosegment": 3035017,
    "end_x": -111.76875000001246,
    "end_y": 54.46458333355412,
    "flow_acc": 1201.46,
    "seg_id": 3025472,
    "start_x": -111.97041666639592,
    "start_y": 54.66541666654598,
    "islake": 0,
    "lakeId": 0,
    "RATEACV": 0.0,
    "RATEBCV": 0.0,
    "lake_Vol": 0.0
  }
}