{
  "data": {
    "BotElev": 1081.0,
    "Length": 15663.6665126689,
    "OBJECTID": null,
    "PFAF": "315187",
    "PFAF_CODE": 315187000000.0,
    "PF_TYPE": 4,
    "Shape_Leng": 0.1151040764,
    "Slope": 0.000766104155135,
    "TopElev": 1093.0,
    "Tosegment": 3031029,
    "end_x": -125.34208333333277,
    "end_y": 52.49541666666755,
    "flow_acc": 1162.18,
    "seg_id": 3025129,
    "start_x": -125.25041666666607,
    "start_y": 52.447083333334206,
    "islake": 0,
    "lakeId": 0,
    "RATEACV": 0.0,
    "RATEBCV": 0.0,
    "lake_Vol": 0.0
  }
}