{
  "data": {
    "BotElev": 379.0,
    "Length": 11827.205395041137,
    "OBJECTID": null,
    "PFAF": "326927",
    "PFAF_CODE": 326927000000.0,
    "PF_TYPE": 4,
    "Shape_Leng": 0.10684223177,
    "Slope": 0.0,
    "TopElev": 379.0,
    "Tosegment": 3028117,
    "end_x": -108.49270833333344,
    "end_y": 63.369652777777844,
    "flow_acc": 1164.34,
    "seg_id": 3025152,
    "start_x": -108.45104166666681,
    "start_y": 63.459236111111125,
    "islake": 0,
    "lakeId": 0,
    "RATEACV": 0.0,
    "RATEBCV": 0.0,
    "lake_Vol": 0.0
  }
}