{
  "data": {
    "BotElev": 894.0,
    "Length": 32942.72501841477,
    "OBJECTID": null,
    "PFAF": "3212493",
    "PFAF_CODE": 321249300000.0,
    "PF_TYPE": 4,
    "Shape_Leng": 0.41841795924,
    "Slope": 0.002883793005797,
    "TopElev": 989.0,
    "Tosegment": 3032632,
    "end_x": -132.75104166666677,
    "end_y": 64.37798611111111,
    "flow_acc": 1237.64,
    "seg_id": 3025761,
    "start_x": -132.36145833333336,
    "start_y": 64.35298611111114,
    "islake": 0,
    "lakeId": 0,
    "RATEACV": 0.0,
    "RATEBCV": 0.0,
    "lake_Vol": 0.0
  }
}