{
  "data": {
    "BotElev": 499.0,
    "Length": 35870.18855943322,
    "OBJECTID": null,
    "PFAF": "31895381",
    "PFAF_CODE": 318953810000.0,
    "PF_TYPE": 6,
    "Shape_Leng": 0.40139384908,
    "Slope": 0.001616941597725,
    "TopElev": 557.0,
    "Tosegment": 3043765,
    "end_x": -136.33854166666663,
    "end_y": 62.28840277777783,
    "flow_acc": 1204.41,
    "seg_id": 3025500,
    "start_x": -135.9656250000001,
    "start_y": 62.24465277777779,
    "islake": 0,
    "lakeId": 0,
    "RATEACV": 0.0,
    "RATEBCV": 0.0,
    "lake_Vol": 0.0
  }
}