{
  "data": {
    "BotElev": 677.0,
    "Length": 44467.45868445135,
    "OBJECTID": null,
    "PFAF": "314821",
    "PFAF_CODE": 314821000000.0,
    "PF_TYPE": 4,
    "Shape_Leng": 0.37363540145,
    "Slope": 0.000832069137626,
    "TopElev": 714.0,
    "Tosegment": 3039532,
    "end_x": -124.46624999999966,
    "end_y": 54.49875000000003,
    "flow_acc": 1152.03,
    "seg_id": 3025025,
    "start_x": -124.30708333333286,
    "start_y": 54.59541666666672,
    "islake": 0,
    "lakeId": 0,
    "RATEACV": 0.0,
    "RATEBCV": 0.0,
    "lake_Vol": 0.0
  }
}