{
  "data": {
    "BotElev": 416.0,
    "Length": 23007.252802791885,
    "OBJECTID": null,
    "PFAF": "3334961",
    "PFAF_CODE": 333496100000.0,
    "PF_TYPE": 5,
    "Shape_Leng": 0.27811973995,
    "Slope": 0.0,
    "TopElev": 416.0,
    "Tosegment": 3033289,
    "end_x": -110.90520833319795,
    "end_y": 64.50090277794101,
    "flow_acc": 1228.07,
    "seg_id": 3025675,
    "start_x": -110.65729166627727,
    "start_y": 64.42798611067059,
    "islake": 0,
    "lakeId": 0,
    "RATEACV": 0.0,
    "RATEBCV": 0.0,
    "lake_Vol": 0.0
  }
}