{
  "data": {
    "BotElev": 537.0,
    "Length": 7012.787049284875,
    "OBJECTID": null,
    "PFAF": "31895421",
    "PFAF_CODE": 318954210000.0,
    "PF_TYPE": 6,
    "Shape_Leng": 0.08779611588,
    "Slope": 0.007272429583499,
    "TopElev": 588.0,
    "Tosegment": 3036558,
    "end_x": -136.2822916666667,
    "end_y": 62.03840277777789,
    "flow_acc": 1205.35,
    "seg_id": 3025509,
    "start_x": -136.36145833333336,
    "start_y": 62.03006944444445,
    "islake": 0,
    "lakeId": 0,
    "RATEACV": 0.0,
    "RATEBCV": 0.0,
    "lake_Vol": 0.0
  }
}