{
  "data": {
    "BotElev": 291.0,
    "Length": 43990.138795231185,
    "OBJECTID": null,
    "PFAF": "3293343",
    "PFAF_CODE": 329334300000.0,
    "PF_TYPE": 5,
    "Shape_Leng": 0.51004870102,
    "Slope": 0.002023180704528,
    "TopElev": 380.0,
    "Tosegment": 3027546,
    "end_x": -117.16562500000015,
    "end_y": 57.850902777777776,
    "flow_acc": 1193.88,
    "seg_id": 3025396,
    "start_x": -117.57395833333345,
    "start_y": 57.744652777777844,
    "islake": 0,
    "lakeId": 0,
    "RATEACV": 0.0,
    "RATEBCV": 0.0,
    "lake_Vol": 0.0
  }
}