{
  "data": {
    "BotElev": 164.0,
    "Length": 68110.92624041656,
    "OBJECTID": null,
    "PFAF": "333412",
    "PFAF_CODE": 333412000000.0,
    "PF_TYPE": 5,
    "Shape_Leng": 0.92377653229,
    "Slope": 0.003846666232011,
    "TopElev": 426.0,
    "Tosegment": 3042916,
    "end_x": -115.53020833294818,
    "end_y": 67.263402777816,
    "flow_acc": 1237.14,
    "seg_id": 3025755,
    "start_x": -114.73541666644599,
    "start_y": 67.17486111125135,
    "islake": 0,
    "lakeId": 0,
    "RATEACV": 0.0,
    "RATEBCV": 0.0,
    "lake_Vol": 0.0
  }
}