{
  "data": {
    "BotElev": 721.0,
    "Length": 67266.02555370328,
    "OBJECTID": null,
    "PFAF": "3426325",
    "PFAF_CODE": 342632500000.0,
    "PF_TYPE": 5,
    "Shape_Leng": 0.62271708114,
    "Slope": 0.000936579788703,
    "TopElev": 784.0,
    "Tosegment": 3029355,
    "end_x": -112.06541666666948,
    "end_y": 50.841250000001025,
    "flow_acc": 1197.66,
    "seg_id": 3025433,
    "start_x": -112.34166666666937,
    "start_y": 50.99583333333436,
    "islake": 0,
    "lakeId": 0,
    "RATEACV": 0.0,
    "RATEBCV": 0.0,
    "lake_Vol": 0.0
  }
}