{
  "data": {
    "BotElev": 924.0,
    "Length": 77686.2706965911,
    "OBJECTID": null,
    "PFAF": "323249",
    "PFAF_CODE": 323249000000.0,
    "PF_TYPE": 4,
    "Shape_Leng": 0.99745670961,
    "Slope": 0.004093387379116,
    "TopElev": 1242.0,
    "Tosegment": 3032064,
    "end_x": -129.57395833333345,
    "end_y": 64.00090277777787,
    "flow_acc": 1154.7,
    "seg_id": 3025057,
    "start_x": -130.46458333333345,
    "start_y": 63.988402777777765,
    "islake": 0,
    "lakeId": 0,
    "RATEACV": 0.0,
    "RATEBCV": 0.0,
    "lake_Vol": 0.0
  }
}