{
  "data": {
    "BotElev": 1.0,
    "Length": 77707.42407126479,
    "OBJECTID": null,
    "PFAF": "333576",
    "PFAF_CODE": 333576000000.0,
    "PF_TYPE": 5,
    "Shape_Leng": 0.98331228898,
    "Slope": 0.00234211855785,
    "TopElev": 183.0,
    "Tosegment": -9999,
    "end_x": -110.65208333347903,
    "end_y": 67.8748611107518,
    "flow_acc": 1169.2,
    "seg_id": 3025198,
    "start_x": -110.04583333334165,
    "start_y": 67.58736111132635,
    "islake": 0,
    "lakeId": 0,
    "RATEACV": 0.0,
    "RATEBCV": 0.0,
    "lake_Vol": 0.0
  }
}