{
  "data": {
    "BotElev": 688.0,
    "Length": 58803.24746829604,
    "OBJECTID": null,
    "PFAF": "3142925",
    "PFAF_CODE": 314292500000.0,
    "PF_TYPE": 5,
    "Shape_Leng": 0.52445313208,
    "Slope": 0.00445553623788,
    "TopElev": 950.0,
    "Tosegment": 3033628,
    "end_x": -120.2787500000008,
    "end_y": 52.35625000000067,
    "flow_acc": 1237.55,
    "seg_id": 3025759,
    "start_x": -120.20000000000067,
    "start_y": 52.7175000000006,
    "islake": 0,
    "lakeId": 0,
    "RATEACV": 0.0,
    "RATEBCV": 0.0,
    "lake_Vol": 0.0
  }
}