{
  "data": {
    "BotElev": 1115.0,
    "Length": 50702.36137606101,
    "OBJECTID": null,
    "PFAF": "3429941",
    "PFAF_CODE": 342994100000.0,
    "PF_TYPE": 5,
    "Shape_Leng": 0.49345352305,
    "Slope": 0.002958442090842,
    "TopElev": 1265.0,
    "Tosegment": 3035206,
    "end_x": -113.97125000000227,
    "end_y": 49.58875000000137,
    "flow_acc": 1244.31,
    "seg_id": 3025816,
    "start_x": -114.31208333333558,
    "start_y": 49.47208333333475,
    "islake": 0,
    "lakeId": 0,
    "RATEACV": 0.0,
    "RATEBCV": 0.0,
    "lake_Vol": 0.0
  }
}