{
  "data": {
    "BotElev": 656.0,
    "Length": 38522.2499546784,
    "OBJECTID": null,
    "PFAF": "3899293",
    "PFAF_CODE": 389929300000.0,
    "PF_TYPE": 4,
    "Shape_Leng": 0.33428685639,
    "Slope": 0.000285549260828,
    "TopElev": 667.0,
    "Tosegment": 3029474,
    "end_x": -104.86458333333121,
    "end_y": 49.13791666666464,
    "flow_acc": 1155.72,
    "seg_id": 3025059,
    "start_x": -104.59374999999784,
    "start_y": 49.0704166666647,
    "islake": 0,
    "lakeId": 0,
    "RATEACV": 0.0,
    "RATEBCV": 0.0,
    "lake_Vol": 0.0
  }
}