{
  "data": {
    "BotElev": 534.0,
    "Length": 29000.303954251744,
    "OBJECTID": null,
    "PFAF": "3129521",
    "PFAF_CODE": 312952100000.0,
    "PF_TYPE": 5,
    "Shape_Leng": 0.28276737598,
    "Slope": 0.005620630744324,
    "TopElev": 697.0,
    "Tosegment": 3042218,
    "end_x": -116.56541666666845,
    "end_y": 49.08875000000165,
    "flow_acc": 1306.49,
    "seg_id": 3026328,
    "start_x": -116.35208333333514,
    "start_y": 49.157083333334924,
    "islake": 0,
    "lakeId": 0,
    "RATEACV": 0.0,
    "RATEBCV": 0.0,
    "lake_Vol": 0.0
  }
}