{
  "data": {
    "BotElev": 297.0,
    "Length": 396.14777496355634,
    "OBJECTID": null,
    "PFAF": "3364421",
    "PFAF_CODE": 336442100000.0,
    "PF_TYPE": 5,
    "Shape_Leng": 0.00294627783,
    "Slope": -0.005048621061128,
    "TopElev": 295.0,
    "Tosegment": 3035328,
    "end_x": -103.14687500038093,
    "end_y": 62.5029861109204,
    "flow_acc": 1311.46,
    "seg_id": 3026371,
    "start_x": -103.14895833296055,
    "start_y": 62.50506944439945,
    "islake": 0,
    "lakeId": 0,
    "RATEACV": 0.0,
    "RATEBCV": 0.0,
    "lake_Vol": 0.0
  }
}