{
  "data": {
    "BotElev": 445.0,
    "Length": 16691.71939107666,
    "OBJECTID": null,
    "PFAF": "333695",
    "PFAF_CODE": 333695000000.0,
    "PF_TYPE": 3,
    "Shape_Leng": 0.12963624275,
    "Slope": 0.0,
    "TopElev": 445.0,
    "Tosegment": 3029712,
    "end_x": -111.1614583331355,
    "end_y": 65.84256944402478,
    "flow_acc": 1267.7,
    "seg_id": 3026008,
    "start_x": -111.06979166635227,
    "start_y": 65.75090277814076,
    "islake": 0,
    "lakeId": 0,
    "RATEACV": 0.0,
    "RATEBCV": 0.0,
    "lake_Vol": 0.0
  }
}