{
  "data": {
    "BotElev": 870.0,
    "Length": 31317.59157789261,
    "OBJECTID": null,
    "PFAF": "31898241",
    "PFAF_CODE": 318982410000.0,
    "PF_TYPE": 6,
    "Shape_Leng": 0.32763964022,
    "Slope": 0.002235165492401,
    "TopElev": 940.0,
    "Tosegment": 3034068,
    "end_x": -132.11979166666674,
    "end_y": 60.70923611111135,
    "flow_acc": 1343.72,
    "seg_id": 3026588,
    "start_x": -132.0927083333334,
    "start_y": 60.93840277777798,
    "islake": 0,
    "lakeId": 0,
    "RATEACV": 0.0,
    "RATEBCV": 0.0,
    "lake_Vol": 0.0
  }
}