{
  "data": {
    "BotElev": 401.0,
    "Length": 13064.361372509633,
    "OBJECTID": null,
    "PFAF": "333485",
    "PFAF_CODE": 333485000000.0,
    "PF_TYPE": 4,
    "Shape_Leng": 0.13824028979,
    "Slope": -7.6544116585e-05,
    "TopElev": 400.0,
    "Tosegment": 3031777,
    "end_x": -111.37604166708923,
    "end_y": 64.96131944443698,
    "flow_acc": 1337.39,
    "seg_id": 3026546,
    "start_x": -111.25937500035582,
    "start_y": 64.90923611105785,
    "islake": 0,
    "lakeId": 0,
    "RATEACV": 0.0,
    "RATEBCV": 0.0,
    "lake_Vol": 0.0
  }
}