{
  "data": {
    "BotElev": 330.0,
    "Length": 98411.1008790159,
    "OBJECTID": null,
    "PFAF": "3186962",
    "PFAF_CODE": 318696200000.0,
    "PF_TYPE": 6,
    "Shape_Leng": 1.33150710913,
    "Slope": 0.000579202950591,
    "TopElev": 387.0,
    "Tosegment": 3037265,
    "end_x": -138.39062500000006,
    "end_y": 66.39673611111112,
    "flow_acc": 1324.12,
    "seg_id": 3026447,
    "start_x": -137.55833333333328,
    "start_y": 66.29986111111111,
    "islake": 0,
    "lakeId": 0,
    "RATEACV": 0.0,
    "RATEBCV": 0.0,
    "lake_Vol": 0.0
  }
}