{
  "data": {
    "BotElev": 348.0,
    "Length": 37302.56174964816,
    "OBJECTID": null,
    "PFAF": "3142681",
    "PFAF_CODE": 314268100000.0,
    "PF_TYPE": 5,
    "Shape_Leng": 0.42414387899,
    "Slope": 0.000857849930382,
    "TopElev": 380.0,
    "Tosegment": 3037158,
    "end_x": -119.01791666666782,
    "end_y": 50.83875000000131,
    "flow_acc": 1273.95,
    "seg_id": 3026061,
    "start_x": -118.69291666666777,
    "start_y": 50.994583333334276,
    "islake": 0,
    "lakeId": 0,
    "RATEACV": 0.0,
    "RATEBCV": 0.0,
    "lake_Vol": 0.0
  }
}