{
  "data": {
    "BotElev": 257.0,
    "Length": 16857.403251327894,
    "OBJECTID": null,
    "PFAF": "3276363",
    "PFAF_CODE": 327636300000.0,
    "PF_TYPE": 5,
    "Shape_Leng": 0.16907151861,
    "Slope": 0.000593211175583,
    "TopElev": 267.0,
    "Tosegment": 3030827,
    "end_x": -111.19062500000013,
    "end_y": 60.586319444444484,
    "flow_acc": 1328.34,
    "seg_id": 3026477,
    "start_x": -111.11354166666683,
    "start_y": 60.71756944444439,
    "islake": 0,
    "lakeId": 0,
    "RATEACV": 0.0,
    "RATEBCV": 0.0,
    "lake_Vol": 0.0
  }
}