{
  "data": {
    "BotElev": 301.0,
    "Length": 24883.671383546447,
    "OBJECTID": null,
    "PFAF": "334927",
    "PFAF_CODE": 334927000000.0,
    "PF_TYPE": 4,
    "Shape_Leng": 0.24903980111,
    "Slope": 0.002210284774793,
    "TopElev": 356.0,
    "Tosegment": 3028953,
    "end_x": -106.84479166670201,
    "end_y": 65.02173611083299,
    "flow_acc": 1332.62,
    "seg_id": 3026507,
    "start_x": -106.90520833309802,
    "start_y": 64.87798611067063,
    "islake": 0,
    "lakeId": 0,
    "RATEACV": 0.0,
    "RATEBCV": 0.0,
    "lake_Vol": 0.0
  }
}