{
  "data": {
    "BotElev": 442.0,
    "Length": 87192.81959785125,
    "OBJECTID": null,
    "PFAF": "328448",
    "PFAF_CODE": 328448000000.0,
    "PF_TYPE": 5,
    "Shape_Leng": 1.00112005406,
    "Slope": 8.0281840091e-05,
    "TopElev": 449.0,
    "Tosegment": 3032104,
    "end_x": -106.25729166666679,
    "end_y": 59.95506944444452,
    "flow_acc": 1283.11,
    "seg_id": 3026140,
    "start_x": -105.78541666666678,
    "start_y": 60.333194444444416,
    "islake": 0,
    "lakeId": 0,
    "RATEACV": 0.0,
    "RATEBCV": 0.0,
    "lake_Vol": 0.0
  }
}