{
  "data": {
    "BotElev": 801.0,
    "Length": 76435.04191272218,
    "OBJECTID": null,
    "PFAF": "3218623",
    "PFAF_CODE": 321862300000.0,
    "PF_TYPE": 5,
    "Shape_Leng": 0.99987426292,
    "Slope": 0.005821937018209,
    "TopElev": 1246.0,
    "Tosegment": 3029127,
    "end_x": -129.67604166666672,
    "end_y": 64.75090277777787,
    "flow_acc": 1329.94,
    "seg_id": 3026482,
    "start_x": -130.31458333333342,
    "start_y": 64.44361111111112,
    "islake": 0,
    "lakeId": 0,
    "RATEACV": 0.0,
    "RATEBCV": 0.0,
    "lake_Vol": 0.0
  }
}