{
  "data": {
    "BotElev": 362.0,
    "Length": 53329.23067354948,
    "OBJECTID": null,
    "PFAF": "3364661",
    "PFAF_CODE": 336466100000.0,
    "PF_TYPE": 5,
    "Shape_Leng": 0.64325937961,
    "Slope": 3.7502884905e-05,
    "TopElev": 364.0,
    "Tosegment": 3036754,
    "end_x": -104.23229166652709,
    "end_y": 61.40506944479904,
    "flow_acc": 1310.6,
    "seg_id": 3026367,
    "start_x": -104.43437499960646,
    "start_y": 61.60090277744132,
    "islake": 0,
    "lakeId": 0,
    "RATEACV": 0.0,
    "RATEBCV": 0.0,
    "lake_Vol": 0.0
  }
}