{
  "data": {
    "BotElev": -3.0,
    "Length": 32137.20390397553,
    "OBJECTID": null,
    "PFAF": "3151981",
    "PFAF_CODE": 315198100000.0,
    "PF_TYPE": 5,
    "Shape_Leng": 0.22340866983,
    "Slope": 6.2233167701e-05,
    "TopElev": -1.0,
    "Tosegment": -9999,
    "end_x": -129.9029166666649,
    "end_y": 54.11541666666716,
    "flow_acc": 1397.92,
    "seg_id": 3026948,
    "start_x": -129.752916666665,
    "start_y": 53.97708333333367,
    "islake": 0,
    "lakeId": 0,
    "RATEACV": 0.0,
    "RATEBCV": 0.0,
    "lake_Vol": 0.0
  }
}