{
  "data": {
    "BotElev": 810.0,
    "Length": 14660.591554612596,
    "OBJECTID": null,
    "PFAF": "32464281",
    "PFAF_CODE": 324642810000.0,
    "PF_TYPE": 6,
    "Shape_Leng": 0.1745812289,
    "Slope": 0.006275326589469,
    "TopElev": 902.0,
    "Tosegment": 3033265,
    "end_x": -123.29687500000011,
    "end_y": 57.66131944444436,
    "flow_acc": 1285.56,
    "seg_id": 3026159,
    "start_x": -123.45937500000008,
    "start_y": 57.648819444444484,
    "islake": 0,
    "lakeId": 0,
    "RATEACV": 0.0,
    "RATEBCV": 0.0,
    "lake_Vol": 0.0
  }
}