{
  "data": {
    "BotElev": 585.0,
    "Length": 32105.27104948972,
    "OBJECTID": null,
    "PFAF": "328843",
    "PFAF_CODE": 328843000000.0,
    "PF_TYPE": 4,
    "Shape_Leng": 0.37826779686,
    "Slope": 0.000716393266531,
    "TopElev": 608.0,
    "Tosegment": 3030588,
    "end_x": -114.2135416666668,
    "end_y": 55.29048611111119,
    "flow_acc": 1390.79,
    "seg_id": 3026899,
    "start_x": -113.87395833333346,
    "start_y": 55.319652777777776,
    "islake": 0,
    "lakeId": 0,
    "RATEACV": 0.0,
    "RATEBCV": 0.0,
    "lake_Vol": 0.0
  }
}