{
  "data": {
    "BotElev": 571.0,
    "Length": 53452.17521344923,
    "OBJECTID": null,
    "PFAF": "3286291",
    "PFAF_CODE": 328629100000.0,
    "PF_TYPE": 4,
    "Shape_Leng": 0.45480970389,
    "Slope": 0.002039206067194,
    "TopElev": 680.0,
    "Tosegment": 3031880,
    "end_x": -111.41354166666673,
    "end_y": 55.69881944444444,
    "flow_acc": 1398.54,
    "seg_id": 3026954,
    "start_x": -111.58229166666683,
    "start_y": 55.9509027777778,
    "islake": 0,
    "lakeId": 0,
    "RATEACV": 0.0,
    "RATEBCV": 0.0,
    "lake_Vol": 0.0
  }
}