{
  "data": {
    "BotElev": 233.0,
    "Length": 2301.67864122881,
    "OBJECTID": null,
    "PFAF": "32845223",
    "PFAF_CODE": 328452230000.0,
    "PF_TYPE": 6,
    "Shape_Leng": 0.02220177969,
    "Slope": 0.000868931033279,
    "TopElev": 235.0,
    "Tosegment": 3032274,
    "end_x": -106.6822916666668,
    "end_y": 59.09881944444447,
    "flow_acc": 1513.54,
    "seg_id": 3027668,
    "start_x": -106.66354166666679,
    "start_y": 59.09048611111109,
    "islake": 0,
    "lakeId": 0,
    "RATEACV": 0.0,
    "RATEBCV": 0.0,
    "lake_Vol": 0.0
  }
}