{
  "data": {
    "BotElev": 601.0,
    "Length": 12417.79025365934,
    "OBJECTID": null,
    "PFAF": "328825",
    "PFAF_CODE": 328825000000.0,
    "PF_TYPE": 4,
    "Shape_Leng": 0.14002750716,
    "Slope": 0.000805296256075,
    "TopElev": 611.0,
    "Tosegment": 3030811,
    "end_x": -114.37604166666677,
    "end_y": 54.87798611111123,
    "flow_acc": 1516.71,
    "seg_id": 3027688,
    "start_x": -114.4947916666668,
    "start_y": 54.88006944444459,
    "islake": 0,
    "lakeId": 0,
    "RATEACV": 0.0,
    "RATEBCV": 0.0,
    "lake_Vol": 0.0
  }
}