{
  "data": {
    "BotElev": 19.0,
    "Length": 27624.780045885473,
    "OBJECTID": null,
    "PFAF": "331491",
    "PFAF_CODE": 331491000000.0,
    "PF_TYPE": 3,
    "Shape_Leng": 0.48391504243,
    "Slope": 0.000144797532989,
    "TopElev": 23.0,
    "Tosegment": 3032703,
    "end_x": -133.0343750000062,
    "end_y": 68.39256944432458,
    "flow_acc": 1489.34,
    "seg_id": 3027521,
    "start_x": -133.440624999644,
    "start_y": 68.20506944469918,
    "islake": 0,
    "lakeId": 0,
    "RATEACV": 0.0,
    "RATEBCV": 0.0,
    "lake_Vol": 0.0
  }
}