{
  "data": {
    "BotElev": 592.0,
    "Length": 146502.7889206581,
    "OBJECTID": null,
    "PFAF": "342429",
    "PFAF_CODE": 342429000000.0,
    "PF_TYPE": 4,
    "Shape_Leng": 1.13531361151,
    "Slope": 0.000238903301827,
    "TopElev": 627.0,
    "Tosegment": 3029808,
    "end_x": -108.5404166666703,
    "end_y": 51.762916666667365,
    "flow_acc": 1529.34,
    "seg_id": 3027775,
    "start_x": -109.06875000000349,
    "start_y": 52.40166666666727,
    "islake": 0,
    "lakeId": 0,
    "RATEACV": 0.0,
    "RATEBCV": 0.0,
    "lake_Vol": 0.0
  }
}