{
  "data": {
    "BotElev": 979.0,
    "Length": 74448.20755298372,
    "OBJECTID": null,
    "PFAF": "329896",
    "PFAF_CODE": 329896000000.0,
    "PF_TYPE": 5,
    "Shape_Leng": 0.80076043136,
    "Slope": 0.002726727837679,
    "TopElev": 1182.0,
    "Tosegment": 3036708,
    "end_x": -126.54895833333342,
    "end_y": 57.39881944444454,
    "flow_acc": 1433.56,
    "seg_id": 3027185,
    "start_x": -127.24583333333345,
    "start_y": 57.37798611111123,
    "islake": 0,
    "lakeId": 0,
    "RATEACV": 0.0,
    "RATEBCV": 0.0,
    "lake_Vol": 0.0
  }
}