{
  "data": {
    "BotElev": 208.0,
    "Length": 30039.79430262569,
    "OBJECTID": null,
    "PFAF": "3236621",
    "PFAF_CODE": 323662100000.0,
    "PF_TYPE": 5,
    "Shape_Leng": 0.3631789621,
    "Slope": 0.000532626816243,
    "TopElev": 224.0,
    "Tosegment": 3033333,
    "end_x": -120.5572916666668,
    "end_y": 62.732152777777856,
    "flow_acc": 1511.99,
    "seg_id": 3027660,
    "start_x": -120.32812500000006,
    "start_y": 62.86965277777779,
    "islake": 0,
    "lakeId": 0,
    "RATEACV": 0.0,
    "RATEBCV": 0.0,
    "lake_Vol": 0.0
  }
}