{
  "data": {
    "BotElev": 525.0,
    "Length": 26821.256801918473,
    "OBJECTID": null,
    "PFAF": "3424525",
    "PFAF_CODE": 342452500000.0,
    "PF_TYPE": 5,
    "Shape_Leng": 0.24105585609,
    "Slope": 0.000186419303052,
    "TopElev": 530.0,
    "Tosegment": 3030433,
    "end_x": -108.30125000000368,
    "end_y": 53.045416666667165,
    "flow_acc": 1486.87,
    "seg_id": 3027508,
    "start_x": -108.12708333333717,
    "start_y": 52.960416666667186,
    "islake": 0,
    "lakeId": 0,
    "RATEACV": 0.0,
    "RATEBCV": 0.0,
    "lake_Vol": 0.0
  }
}