{
  "data": {
    "BotElev": 156.0,
    "Length": 51078.36969201446,
    "OBJECTID": null,
    "PFAF": "3221721",
    "PFAF_CODE": 322172100000.0,
    "PF_TYPE": 5,
    "Shape_Leng": 0.82083333333,
    "Slope": 0.0,
    "TopElev": 156.0,
    "Tosegment": 3044198,
    "end_x": -122.89270833333342,
    "end_y": 65.24881944444456,
    "flow_acc": 1550.26,
    "seg_id": 3027909,
    "start_x": -122.07187500000003,
    "start_y": 65.24881944444456,
    "islake": 0,
    "lakeId": 0,
    "RATEACV": 0.0,
    "RATEBCV": 0.0,
    "lake_Vol": 0.0
  }
}