{
  "data": {
    "BotElev": 481.0,
    "Length": 18657.82614675064,
    "OBJECTID": null,
    "PFAF": "3247125",
    "PFAF_CODE": 324712500000.0,
    "PF_TYPE": 5,
    "Shape_Leng": 0.20728640559,
    "Slope": 0.003751776838814,
    "TopElev": 551.0,
    "Tosegment": 3030238,
    "end_x": -124.29062499999998,
    "end_y": 59.121736111111204,
    "flow_acc": 1522.19,
    "seg_id": 3027729,
    "start_x": -124.3739583333334,
    "start_y": 59.02173611111107,
    "islake": 0,
    "lakeId": 0,
    "RATEACV": 0.0,
    "RATEBCV": 0.0,
    "lake_Vol": 0.0
  }
}