{
  "data": {
    "BotElev": 23.0,
    "Length": 149177.17383528114,
    "OBJECTID": null,
    "PFAF": "33373922",
    "PFAF_CODE": 333739220000.0,
    "PF_TYPE": 7,
    "Shape_Leng": 1.41685192349,
    "Slope": 0.000985405449243,
    "TopElev": 170.0,
    "Tosegment": 3033436,
    "end_x": -103.05104166663949,
    "end_y": 67.64256944402467,
    "flow_acc": 1482.45,
    "seg_id": 3027484,
    "start_x": -103.19375000006238,
    "start_y": 66.77277777767233,
    "islake": 0,
    "lakeId": 0,
    "RATEACV": 0.0,
    "RATEBCV": 0.0,
    "lake_Vol": 0.0
  }
}