{
  "data": {
    "BotElev": 456.0,
    "Length": 70112.37782586082,
    "OBJECTID": null,
    "PFAF": "338589",
    "PFAF_CODE": 338589000000.0,
    "PF_TYPE": 4,
    "Shape_Leng": 0.68381691906,
    "Slope": 0.000413621687058,
    "TopElev": 485.0,
    "Tosegment": 3032795,
    "end_x": -107.25458333325412,
    "end_y": 56.762916666671,
    "flow_acc": 1480.2,
    "seg_id": 3027468,
    "start_x": -107.10500000024979,
    "start_y": 57.11874999971275,
    "islake": 0,
    "lakeId": 0,
    "RATEACV": 0.0,
    "RATEBCV": 0.0,
    "lake_Vol": 0.0
  }
}