{
  "data": {
    "BotElev": 655.0,
    "Length": 7275.930179429361,
    "OBJECTID": null,
    "PFAF": "3427421",
    "PFAF_CODE": 342742100000.0,
    "PF_TYPE": 5,
    "Shape_Leng": 0.05828427125,
    "Slope": 0.003848305207651,
    "TopElev": 683.0,
    "Tosegment": 3035467,
    "end_x": -110.64541666666975,
    "end_y": 50.03375000000125,
    "flow_acc": 1502.97,
    "seg_id": 3027598,
    "start_x": -110.61708333333644,
    "start_y": 50.003750000001276,
    "islake": 0,
    "lakeId": 0,
    "RATEACV": 0.0,
    "RATEBCV": 0.0,
    "lake_Vol": 0.0
  }
}