{
  "data": {
    "BotElev": 338.0,
    "Length": 7161.992926260022,
    "OBJECTID": null,
    "PFAF": "3212621",
    "PFAF_CODE": 321262100000.0,
    "PF_TYPE": 5,
    "Shape_Leng": 0.10791456224,
    "Slope": 0.005445411689392,
    "TopElev": 377.0,
    "Tosegment": 3038413,
    "end_x": -135.45937500000008,
    "end_y": 65.5925694444444,
    "flow_acc": 1509.02,
    "seg_id": 3027641,
    "start_x": -135.54687500000006,
    "start_y": 65.5592361111112,
    "islake": 0,
    "lakeId": 0,
    "RATEACV": 0.0,
    "RATEBCV": 0.0,
    "lake_Vol": 0.0
  }
}