{
  "data": {
    "BotElev": 893.0,
    "Length": 67862.34933518396,
    "OBJECTID": null,
    "PFAF": "3129961",
    "PFAF_CODE": 312996100000.0,
    "PF_TYPE": 5,
    "Shape_Leng": 0.55605759946,
    "Slope": 0.005732191764813,
    "TopElev": 1282.0,
    "Tosegment": 3036326,
    "end_x": -115.62541666666868,
    "end_y": 50.35291666666802,
    "flow_acc": 1467.67,
    "seg_id": 3027388,
    "start_x": -115.26125000000201,
    "start_y": 50.202083333334826,
    "islake": 0,
    "lakeId": 0,
    "RATEACV": 0.0,
    "RATEBCV": 0.0,
    "lake_Vol": 0.0
  }
}