{
  "data": {
    "BotElev": 684.0,
    "Length": 40525.03530058713,
    "OBJECTID": null,
    "PFAF": "31894281",
    "PFAF_CODE": 318942810000.0,
    "PF_TYPE": 6,
    "Shape_Leng": 0.41097297355,
    "Slope": 0.001233805217667,
    "TopElev": 734.0,
    "Tosegment": 3035844,
    "end_x": -132.40729166666677,
    "end_y": 62.840486111111204,
    "flow_acc": 1516.78,
    "seg_id": 3027690,
    "start_x": -132.0572916666668,
    "start_y": 62.709236111111125,
    "islake": 0,
    "lakeId": 0,
    "RATEACV": 0.0,
    "RATEBCV": 0.0,
    "lake_Vol": 0.0
  }
}