{
  "data": {
    "BotElev": 60.0,
    "Length": 22671.71360176652,
    "OBJECTID": null,
    "PFAF": "3339895",
    "PFAF_CODE": 333989500000.0,
    "PF_TYPE": 4,
    "Shape_Leng": 0.35484562924,
    "Slope": 0.001852528694467,
    "TopElev": 102.0,
    "Tosegment": 3031335,
    "end_x": -109.4239583330106,
    "end_y": 69.65506944449936,
    "flow_acc": 1711.2,
    "seg_id": 3028786,
    "start_x": -109.66979166645217,
    "start_y": 69.56756944467423,
    "islake": 0,
    "lakeId": 0,
    "RATEACV": 0.0,
    "RATEBCV": 0.0,
    "lake_Vol": 0.0
  }
}