{
  "data": {
    "BotElev": 764.0,
    "Length": 63315.28740861569,
    "OBJECTID": null,
    "PFAF": "3294941",
    "PFAF_CODE": 329494100000.0,
    "PF_TYPE": 5,
    "Shape_Leng": 0.51043154724,
    "Slope": 0.002116392509367,
    "TopElev": 898.0,
    "Tosegment": 3035431,
    "end_x": -119.92395833333347,
    "end_y": 54.73631944444446,
    "flow_acc": 1666.93,
    "seg_id": 3028526,
    "start_x": -119.85729166666681,
    "start_y": 54.39673611111124,
    "islake": 0,
    "lakeId": 0,
    "RATEACV": 0.0,
    "RATEBCV": 0.0,
    "lake_Vol": 0.0
  }
}