{
  "data": {
    "BotElev": 156.0,
    "Length": 4845.879860755347,
    "OBJECTID": null,
    "PFAF": "322683",
    "PFAF_CODE": 322683000000.0,
    "PF_TYPE": 4,
    "Shape_Leng": 0.05416666667,
    "Slope": 0.0,
    "TopElev": 156.0,
    "Tosegment": 3033045,
    "end_x": -124.16562500000009,
    "end_y": 66.16548611111108,
    "flow_acc": 1571.95,
    "seg_id": 3028007,
    "start_x": -124.13645833333345,
    "start_y": 66.14048611111116,
    "islake": 0,
    "lakeId": 0,
    "RATEACV": 0.0,
    "RATEBCV": 0.0,
    "lake_Vol": 0.0
  }
}