{
  "data": {
    "BotElev": 253.0,
    "Length": 42681.707801067154,
    "OBJECTID": null,
    "PFAF": "3262661",
    "PFAF_CODE": 326266100000.0,
    "PF_TYPE": 5,
    "Shape_Leng": 0.51600258514,
    "Slope": 0.000726306457663,
    "TopElev": 284.0,
    "Tosegment": 3039929,
    "end_x": -115.43229166666674,
    "end_y": 63.98006944444455,
    "flow_acc": 1742.8,
    "seg_id": 3028936,
    "start_x": -115.10520833333345,
    "start_y": 63.86965277777773,
    "islake": 0,
    "lakeId": 0,
    "RATEACV": 0.0,
    "RATEBCV": 0.0,
    "lake_Vol": 0.0
  }
}