{
  "data": {
    "BotElev": 1072.0,
    "Length": 105025.89172464484,
    "OBJECTID": null,
    "PFAF": "328987",
    "PFAF_CODE": 328987000000.0,
    "PF_TYPE": 4,
    "Shape_Leng": 1.10240177007,
    "Slope": 0.004751209361862,
    "TopElev": 1571.0,
    "Tosegment": 3031068,
    "end_x": -117.79687500000006,
    "end_y": 53.952986111111215,
    "flow_acc": 1615.82,
    "seg_id": 3028256,
    "start_x": -118.61458333333343,
    "start_y": 53.67069444444445,
    "islake": 0,
    "lakeId": 0,
    "RATEACV": 0.0,
    "RATEBCV": 0.0,
    "lake_Vol": 0.0
  }
}