{
  "data": {
    "BotElev": 705.0,
    "Length": 25342.86689033255,
    "OBJECTID": null,
    "PFAF": "3298441",
    "PFAF_CODE": 329844100000.0,
    "PF_TYPE": 5,
    "Shape_Leng": 0.20865485194,
    "Slope": 0.004616683680907,
    "TopElev": 822.0,
    "Tosegment": 3034894,
    "end_x": -125.45104166666681,
    "end_y": 56.76131944444455,
    "flow_acc": 1751.36,
    "seg_id": 3028970,
    "start_x": -125.5593750000001,
    "start_y": 56.867569444444484,
    "islake": 0,
    "lakeId": 0,
    "RATEACV": 0.0,
    "RATEBCV": 0.0,
    "lake_Vol": 0.0
  }
}