{
  "data": {
    "BotElev": 321.0,
    "Length": 46312.84723124575,
    "OBJECTID": null,
    "PFAF": "3276441",
    "PFAF_CODE": 327644100000.0,
    "PF_TYPE": 5,
    "Shape_Leng": 0.42957491561,
    "Slope": 0.00028069964982,
    "TopElev": 334.0,
    "Tosegment": 3041141,
    "end_x": -109.84270833333346,
    "end_y": 60.50715277777789,
    "flow_acc": 1591.73,
    "seg_id": 3028128,
    "start_x": -109.57395833333351,
    "start_y": 60.365486111111125,
    "islake": 0,
    "lakeId": 0,
    "RATEACV": 0.0,
    "RATEBCV": 0.0,
    "lake_Vol": 0.0
  }
}