{
  "data": {
    "BotElev": 452.0,
    "Length": 111511.3565637253,
    "OBJECTID": null,
    "PFAF": "328663",
    "PFAF_CODE": 328663000000.0,
    "PF_TYPE": 4,
    "Shape_Leng": 1.12261964813,
    "Slope": 0.000555997181906,
    "TopElev": 514.0,
    "Tosegment": 3033038,
    "end_x": -109.18854166666677,
    "end_y": 57.09256944444451,
    "flow_acc": 1702.63,
    "seg_id": 3028735,
    "start_x": -109.81041666666681,
    "start_y": 57.10506944444455,
    "islake": 0,
    "lakeId": 0,
    "RATEACV": 0.0,
    "RATEBCV": 0.0,
    "lake_Vol": 0.0
  }
}