{
  "data": {
    "BotElev": 546.0,
    "Length": 32283.813581544717,
    "OBJECTID": null,
    "PFAF": "3287821",
    "PFAF_CODE": 328782100000.0,
    "PF_TYPE": 5,
    "Shape_Leng": 0.34373947785,
    "Slope": 0.000526579673032,
    "TopElev": 563.0,
    "Tosegment": 3037193,
    "end_x": -112.67812500000014,
    "end_y": 54.97173611111111,
    "flow_acc": 1608.03,
    "seg_id": 3028214,
    "start_x": -112.87812500000013,
    "start_y": 54.750902777777924,
    "islake": 0,
    "lakeId": 0,
    "RATEACV": 0.0,
    "RATEBCV": 0.0,
    "lake_Vol": 0.0
  }
}