{
  "data": {
    "BotElev": 769.0,
    "Length": 113650.34826027295,
    "OBJECTID": null,
    "PFAF": "314299",
    "PFAF_CODE": 314299000000.0,
    "PF_TYPE": 3,
    "Shape_Leng": 1.10764944025,
    "Slope": 0.002718865403671,
    "TopElev": 1078.0,
    "Tosegment": 3032556,
    "end_x": -120.83958333333402,
    "end_y": 51.85041666666763,
    "flow_acc": 1695.08,
    "seg_id": 3028701,
    "start_x": -120.86500000000063,
    "start_y": 51.56416666666752,
    "islake": 0,
    "lakeId": 0,
    "RATEACV": 0.0,
    "RATEBCV": 0.0,
    "lake_Vol": 0.0
  }
}