{
  "data": {
    "BotElev": 668.0,
    "Length": 6086.57504952522,
    "OBJECTID": null,
    "PFAF": "31896921",
    "PFAF_CODE": 318969210000.0,
    "PF_TYPE": 6,
    "Shape_Leng": 0.09276439986,
    "Slope": 0.0,
    "TopElev": 668.0,
    "Tosegment": 3034546,
    "end_x": -133.78645833333331,
    "end_y": 59.561319444444564,
    "flow_acc": 1600.48,
    "seg_id": 3028167,
    "start_x": -133.83437500000014,
    "start_y": 59.48840277777799,
    "islake": 0,
    "lakeId": 0,
    "RATEACV": 0.0,
    "RATEBCV": 0.0,
    "lake_Vol": 0.0
  }
}