{
  "data": {
    "BotElev": 659.0,
    "Length": 72793.82923920437,
    "OBJECTID": null,
    "PFAF": "329943",
    "PFAF_CODE": 329943000000.0,
    "PF_TYPE": 4,
    "Shape_Leng": 0.68703478187,
    "Slope": 0.00226667564716,
    "TopElev": 824.0,
    "Tosegment": 3032038,
    "end_x": -123.91979166666675,
    "end_y": 55.86965277777773,
    "flow_acc": 1692.52,
    "seg_id": 3028683,
    "start_x": -124.1531250000001,
    "start_y": 55.538402777777776,
    "islake": 0,
    "lakeId": 0,
    "RATEACV": 0.0,
    "RATEBCV": 0.0,
    "lake_Vol": 0.0
  }
}