{
  "data": {
    "BotElev": 195.0,
    "Length": 59816.411433150075,
    "OBJECTID": null,
    "PFAF": "3212241",
    "PFAF_CODE": 321224100000.0,
    "PF_TYPE": 5,
    "Shape_Leng": 0.75382410375,
    "Slope": 0.002758440301695,
    "TopElev": 360.0,
    "Tosegment": 3037728,
    "end_x": -133.184375,
    "end_y": 65.91756944444455,
    "flow_acc": 1754.48,
    "seg_id": 3028985,
    "start_x": -132.64270833333336,
    "start_y": 65.76965277777776,
    "islake": 0,
    "lakeId": 0,
    "RATEACV": 0.0,
    "RATEBCV": 0.0,
    "lake_Vol": 0.0
  }
}