{
  "data": {
    "BotElev": 244.0,
    "Length": 25682.897234386826,
    "OBJECTID": null,
    "PFAF": "332481",
    "PFAF_CODE": 332481000000.0,
    "PF_TYPE": 4,
    "Shape_Leng": 0.42040403973,
    "Slope": 0.000467237005642,
    "TopElev": 256.0,
    "Tosegment": 3034687,
    "end_x": -125.84062500044337,
    "end_y": 67.20923611095782,
    "flow_acc": 1702.24,
    "seg_id": 3028732,
    "start_x": -126.18229166672694,
    "start_y": 67.02798611087042,
    "islake": 0,
    "lakeId": 0,
    "RATEACV": 0.0,
    "RATEBCV": 0.0,
    "lake_Vol": 0.0
  }
}