{
  "data": {
    "BotElev": 358.0,
    "Length": 21733.49087193274,
    "OBJECTID": null,
    "PFAF": "3284943",
    "PFAF_CODE": 328494300000.0,
    "PF_TYPE": 5,
    "Shape_Leng": 0.24996407512,
    "Slope": 0.000552143236938,
    "TopElev": 370.0,
    "Tosegment": 3030858,
    "end_x": -103.94895833333351,
    "end_y": 59.552986111111125,
    "flow_acc": 1633.95,
    "seg_id": 3028366,
    "start_x": -103.73645833333347,
    "start_y": 59.53631944444447,
    "islake": 0,
    "lakeId": 0,
    "RATEACV": 0.0,
    "RATEBCV": 0.0,
    "lake_Vol": 0.0
  }
}