{
  "data": {
    "BotElev": 232.0,
    "Length": 99770.88995245153,
    "OBJECTID": null,
    "PFAF": "323523",
    "PFAF_CODE": 323523000000.0,
    "PF_TYPE": 4,
    "Shape_Leng": 1.12483833804,
    "Slope": 0.003477968374998,
    "TopElev": 579.0,
    "Tosegment": 3032251,
    "end_x": -124.87604166666671,
    "end_y": 63.77798611111109,
    "flow_acc": 1606.72,
    "seg_id": 3028204,
    "start_x": -125.03125000000011,
    "start_y": 63.27486111111125,
    "islake": 0,
    "lakeId": 0,
    "RATEACV": 0.0,
    "RATEBCV": 0.0,
    "lake_Vol": 0.0
  }
}