{
  "data": {
    "BotElev": 209.0,
    "Length": 36667.08772718679,
    "OBJECTID": null,
    "PFAF": "328221",
    "PFAF_CODE": 328221000000.0,
    "PF_TYPE": 4,
    "Shape_Leng": 0.42237524036,
    "Slope": 2.7272414091e-05,
    "TopElev": 210.0,
    "Tosegment": 3041066,
    "end_x": -111.5593750000001,
    "end_y": 58.69256944444453,
    "flow_acc": 1593.93,
    "seg_id": 3028135,
    "start_x": -111.9489583333334,
    "start_y": 58.76756944444452,
    "islake": 0,
    "lakeId": 0,
    "RATEACV": 0.0,
    "RATEBCV": 0.0,
    "lake_Vol": 0.0
  }
}