{
  "data": {
    "BotElev": 372.0,
    "Length": 64991.72881679003,
    "OBJECTID": null,
    "PFAF": "3385163",
    "PFAF_CODE": 338516300000.0,
    "PF_TYPE": 5,
    "Shape_Leng": 0.66645358335,
    "Slope": 0.000446210625998,
    "TopElev": 401.0,
    "Tosegment": 3031010,
    "end_x": -105.11791666642097,
    "end_y": 55.80125000018734,
    "flow_acc": 1723.2,
    "seg_id": 3028845,
    "start_x": -104.82291666647097,
    "start_y": 56.2012500002873,
    "islake": 0,
    "lakeId": 0,
    "RATEACV": 0.0,
    "RATEBCV": 0.0,
    "lake_Vol": 0.0
  }
}