{
  "data": {
    "BotElev": 824.0,
    "Length": 53943.590418856795,
    "OBJECTID": null,
    "PFAF": "323893",
    "PFAF_CODE": 323893000000.0,
    "PF_TYPE": 3,
    "Shape_Leng": 0.60531520532,
    "Slope": 0.004282251110954,
    "TopElev": 1055.0,
    "Tosegment": 3032455,
    "end_x": -125.37812500000013,
    "end_y": 62.334236111111125,
    "flow_acc": 1600.15,
    "seg_id": 3028166,
    "start_x": -125.89479166666678,
    "start_y": 62.425902777777765,
    "islake": 0,
    "lakeId": 0,
    "RATEACV": 0.0,
    "RATEBCV": 0.0,
    "lake_Vol": 0.0
  }
}