{
  "data": {
    "BotElev": 340.0,
    "Length": 15612.865205458476,
    "OBJECTID": null,
    "PFAF": "3295341",
    "PFAF_CODE": 329534100000.0,
    "PF_TYPE": 5,
    "Shape_Leng": 0.13579951288,
    "Slope": 0.005892576333,
    "TopElev": 432.0,
    "Tosegment": 3044136,
    "end_x": -118.62187500000016,
    "end_y": 55.921736111111215,
    "flow_acc": 1700.7,
    "seg_id": 3028720,
    "start_x": -118.61562500000014,
    "start_y": 56.02173611111118,
    "islake": 0,
    "lakeId": 0,
    "RATEACV": 0.0,
    "RATEBCV": 0.0,
    "lake_Vol": 0.0
  }
}