{
  "data": {
    "BotElev": 771.0,
    "Length": 14401.670272309204,
    "OBJECTID": null,
    "PFAF": "3426563",
    "PFAF_CODE": 342656300000.0,
    "PF_TYPE": 5,
    "Shape_Leng": 0.14778174593,
    "Slope": 0.000277745561755,
    "TopElev": 775.0,
    "Tosegment": 3030079,
    "end_x": -113.07041666666913,
    "end_y": 52.33875000000063,
    "flow_acc": 1602.47,
    "seg_id": 3028180,
    "start_x": -112.98541666666927,
    "start_y": 52.4337500000006,
    "islake": 0,
    "lakeId": 0,
    "RATEACV": 0.0,
    "RATEBCV": 0.0,
    "lake_Vol": 0.0
  }
}