{
  "data": {
    "BotElev": 131.0,
    "Length": 96935.16686139797,
    "OBJECTID": null,
    "PFAF": "325341",
    "PFAF_CODE": 325341000000.0,
    "PF_TYPE": 4,
    "Shape_Leng": 1.06083979618,
    "Slope": 0.000907823268369,
    "TopElev": 219.0,
    "Tosegment": 3045238,
    "end_x": -120.69479166666673,
    "end_y": 61.577986111111215,
    "flow_acc": 1604.33,
    "seg_id": 3028194,
    "start_x": -120.95937500000014,
    "start_y": 61.25506944444447,
    "islake": 0,
    "lakeId": 0,
    "RATEACV": 0.0,
    "RATEBCV": 0.0,
    "lake_Vol": 0.0
  }
}