{
  "data": {
    "BotElev": 826.0,
    "Length": 26218.044756004936,
    "OBJECTID": null,
    "PFAF": "314683",
    "PFAF_CODE": 314683000000.0,
    "PF_TYPE": 4,
    "Shape_Leng": 0.21023268384,
    "Slope": 0.002212216835381,
    "TopElev": 884.0,
    "Tosegment": 3034146,
    "end_x": -121.6245833333337,
    "end_y": 53.57791666666725,
    "flow_acc": 1754.76,
    "seg_id": 3028988,
    "start_x": -121.56791666666692,
    "start_y": 53.445416666667086,
    "islake": 0,
    "lakeId": 0,
    "RATEACV": 0.0,
    "RATEBCV": 0.0,
    "lake_Vol": 0.0
  }
}