{
  "data": {
    "BotElev": 272.0,
    "Length": 56446.62914533364,
    "OBJECTID": null,
    "PFAF": "3154521",
    "PFAF_CODE": 315452100000.0,
    "PF_TYPE": 5,
    "Shape_Leng": 0.52748737341,
    "Slope": 0.006944613096217,
    "TopElev": 664.0,
    "Tosegment": 3041251,
    "end_x": -130.78708333333134,
    "end_y": 58.041249999999366,
    "flow_acc": 1891.21,
    "seg_id": 3029580,
    "start_x": -130.42541666666466,
    "start_y": 57.87291666666613,
    "islake": 0,
    "lakeId": 0,
    "RATEACV": 0.0,
    "RATEBCV": 0.0,
    "lake_Vol": 0.0
  }
}