{
  "data": {
    "BotElev": 279.0,
    "Length": 14433.602593279275,
    "OBJECTID": null,
    "PFAF": "3381961",
    "PFAF_CODE": 338196100000.0,
    "PF_TYPE": 5,
    "Shape_Leng": 0.13849663301,
    "Slope": 0.000554262177325,
    "TopElev": 287.0,
    "Tosegment": 3044494,
    "end_x": -101.97958333300431,
    "end_y": 55.848749999912684,
    "flow_acc": 1858.91,
    "seg_id": 3029436,
    "start_x": -101.91458333295441,
    "start_y": 55.931250000287434,
    "islake": 0,
    "lakeId": 0,
    "RATEACV": 0.0,
    "RATEBCV": 0.0,
    "lake_Vol": 0.0
  }
}