{
  "data": {
    "BotElev": 157.0,
    "Length": 89229.84544821117,
    "OBJECTID": null,
    "PFAF": "326241",
    "PFAF_CODE": 326241000000.0,
    "PF_TYPE": 4,
    "Shape_Leng": 1.13951148357,
    "Slope": 0.000403452452699,
    "TopElev": 193.0,
    "Tosegment": 3043007,
    "end_x": -116.05520833333338,
    "end_y": 62.73006944444444,
    "flow_acc": 1826.05,
    "seg_id": 3029289,
    "start_x": -115.19687500000015,
    "start_y": 62.8904861111111,
    "islake": 0,
    "lakeId": 0,
    "RATEACV": 0.0,
    "RATEBCV": 0.0,
    "lake_Vol": 0.0
  }
}