{
  "data": {
    "BotElev": 416.0,
    "Length": 51245.46042677917,
    "OBJECTID": null,
    "PFAF": "333497",
    "PFAF_CODE": 333497000000.0,
    "PF_TYPE": 3,
    "Shape_Leng": 0.91130501467,
    "Slope": 0.0,
    "TopElev": 416.0,
    "Tosegment": 3033289,
    "end_x": -110.90520833319795,
    "end_y": 64.50090277794101,
    "flow_acc": 1795.01,
    "seg_id": 3029164,
    "start_x": -110.019791666652,
    "start_y": 64.55923611085791,
    "islake": 0,
    "lakeId": 0,
    "RATEACV": 0.0,
    "RATEBCV": 0.0,
    "lake_Vol": 0.0
  }
}