{
  "data": {
    "BotElev": 596.0,
    "Length": 85074.97599547474,
    "OBJECTID": null,
    "PFAF": "3152463",
    "PFAF_CODE": 315246300000.0,
    "PF_TYPE": 5,
    "Shape_Leng": 0.80625856728,
    "Slope": 0.002245078505931,
    "TopElev": 787.0,
    "Tosegment": 3031514,
    "end_x": -126.65458333333237,
    "end_y": 54.40375000000029,
    "flow_acc": 1764.39,
    "seg_id": 3029025,
    "start_x": -126.12416666666576,
    "start_y": 54.320833333333496,
    "islake": 0,
    "lakeId": 0,
    "RATEACV": 0.0,
    "RATEBCV": 0.0,
    "lake_Vol": 0.0
  }
}