{
  "data": {
    "BotElev": 141.0,
    "Length": 11941.349884484196,
    "OBJECTID": null,
    "PFAF": "3154343",
    "PFAF_CODE": 315434300000.0,
    "PF_TYPE": 5,
    "Shape_Leng": 0.11710575994,
    "Slope": 0.001172396767152,
    "TopElev": 155.0,
    "Tosegment": 3032187,
    "end_x": -131.7370833333311,
    "end_y": 57.69541666666606,
    "flow_acc": 1847.08,
    "seg_id": 3029390,
    "start_x": -131.84624999999755,
    "start_y": 57.70791666666594,
    "islake": 0,
    "lakeId": 0,
    "RATEACV": 0.0,
    "RATEBCV": 0.0,
    "lake_Vol": 0.0
  }
}