{
  "data": {
    "BotElev": 1061.0,
    "Length": 37372.09853194068,
    "OBJECTID": null,
    "PFAF": "3424961",
    "PFAF_CODE": 342496100000.0,
    "PF_TYPE": 5,
    "Shape_Leng": 0.37758549759,
    "Slope": 0.005137522578131,
    "TopElev": 1253.0,
    "Tosegment": 3037716,
    "end_x": -115.41208333333532,
    "end_y": 52.377083333333985,
    "flow_acc": 1893.05,
    "seg_id": 3029588,
    "start_x": -115.64541666666855,
    "start_y": 52.25041666666738,
    "islake": 0,
    "lakeId": 0,
    "RATEACV": 0.0,
    "RATEBCV": 0.0,
    "lake_Vol": 0.0
  }
}