{
  "data": {
    "BotElev": 230.0,
    "Length": 23205.18924002287,
    "OBJECTID": null,
    "PFAF": "322241",
    "PFAF_CODE": 322241000000.0,
    "PF_TYPE": 4,
    "Shape_Leng": 0.20600468957,
    "Slope": 0.000430938093052,
    "TopElev": 240.0,
    "Tosegment": 3039655,
    "end_x": -121.56979166666673,
    "end_y": 64.21131944444437,
    "flow_acc": 1798.12,
    "seg_id": 3029174,
    "start_x": -121.50104166666677,
    "start_y": 64.06965277777783,
    "islake": 0,
    "lakeId": 0,
    "RATEACV": 0.0,
    "RATEBCV": 0.0,
    "lake_Vol": 0.0
  }
}