{
  "data": {
    "BotElev": 1060.0,
    "Length": 17255.517649739886,
    "OBJECTID": null,
    "PFAF": "3298991",
    "PFAF_CODE": 329899100000.0,
    "PF_TYPE": 3,
    "Shape_Leng": 0.1323477332,
    "Slope": 0.003303291222959,
    "TopElev": 1117.0,
    "Tosegment": 3034558,
    "end_x": -126.92187500000011,
    "end_y": 57.13006944444453,
    "flow_acc": 1879.63,
    "seg_id": 3029525,
    "start_x": -126.87812500000007,
    "start_y": 57.030069444444564,
    "islake": 0,
    "lakeId": 0,
    "RATEACV": 0.0,
    "RATEBCV": 0.0,
    "lake_Vol": 0.0
  }
}