{
  "data": {
    "BotElev": 324.0,
    "Length": 8013.193523326937,
    "OBJECTID": null,
    "PFAF": "322447",
    "PFAF_CODE": 322447000000.0,
    "PF_TYPE": 4,
    "Shape_Leng": 0.11919417382,
    "Slope": 0.000623970953084,
    "TopElev": 329.0,
    "Tosegment": 3031404,
    "end_x": -116.42812500000008,
    "end_y": 65.75298611111106,
    "flow_acc": 1911.45,
    "seg_id": 3029667,
    "start_x": -116.32395833333345,
    "start_y": 65.77381944444437,
    "islake": 0,
    "lakeId": 0,
    "RATEACV": 0.0,
    "RATEBCV": 0.0,
    "lake_Vol": 0.0
  }
}