{
  "data": {
    "BotElev": 745.0,
    "Length": 18168.66464150179,
    "OBJECTID": null,
    "PFAF": "329997",
    "PFAF_CODE": 329997000000.0,
    "PF_TYPE": 1,
    "Shape_Leng": 0.13178090416,
    "Slope": -0.000605438000923,
    "TopElev": 734.0,
    "Tosegment": 3032472,
    "end_x": -122.26770833333347,
    "end_y": 54.69673611111125,
    "flow_acc": 1835.35,
    "seg_id": 3029339,
    "start_x": -122.16354166666673,
    "start_y": 54.63006944444447,
    "islake": 0,
    "lakeId": 0,
    "RATEACV": 0.0,
    "RATEBCV": 0.0,
    "lake_Vol": 0.0
  }
}