{
  "data": {
    "BotElev": 564.0,
    "Length": 3696.8734088982897,
    "OBJECTID": null,
    "PFAF": "34241871",
    "PFAF_CODE": 342418710000.0,
    "PF_TYPE": 5,
    "Shape_Leng": 0.04908291245,
    "Slope": -0.001893491939202,
    "TopElev": 557.0,
    "Tosegment": 3031967,
    "end_x": -107.52208333333726,
    "end_y": 51.4570833333342,
    "flow_acc": 1774.03,
    "seg_id": 3029083,
    "start_x": -107.56875000000389,
    "start_y": 51.45125000000087,
    "islake": 0,
    "lakeId": 0,
    "RATEACV": 0.0,
    "RATEBCV": 0.0,
    "lake_Vol": 0.0
  }
}