{
  "data": {
    "BotElev": 402.0,
    "Length": 28952.64483608791,
    "OBJECTID": null,
    "PFAF": "3269973",
    "PFAF_CODE": 326997300000.0,
    "PF_TYPE": 2,
    "Shape_Leng": 0.39632831261,
    "Slope": 6.9078317761e-05,
    "TopElev": 404.0,
    "Tosegment": 3031101,
    "end_x": -111.47604166666679,
    "end_y": 63.9321527777779,
    "flow_acc": 1773.71,
    "seg_id": 3029079,
    "start_x": -111.79062500000015,
    "start_y": 63.77381944444443,
    "islake": 0,
    "lakeId": 0,
    "RATEACV": 0.0,
    "RATEBCV": 0.0,
    "lake_Vol": 0.0
  }
}