{
  "data": {
    "BotElev": 670.0,
    "Length": 92984.27014641663,
    "OBJECTID": null,
    "PFAF": "3189626",
    "PFAF_CODE": 318962600000.0,
    "PF_TYPE": 6,
    "Shape_Leng": 0.92524440777,
    "Slope": 0.00079583353059,
    "TopElev": 744.0,
    "Tosegment": 3037226,
    "end_x": -136.0385416666668,
    "end_y": 60.755069444444416,
    "flow_acc": 1764.67,
    "seg_id": 3029027,
    "start_x": -136.62083333333334,
    "start_y": 61.12590277777781,
    "islake": 0,
    "lakeId": 0,
    "RATEACV": 0.0,
    "RATEBCV": 0.0,
    "lake_Vol": 0.0
  }
}