{
  "data": {
    "BotElev": 418.0,
    "Length": 348.64782333684707,
    "OBJECTID": null,
    "PFAF": "338647",
    "PFAF_CODE": 338647000000.0,
    "PF_TYPE": 4,
    "Shape_Leng": 0.00235702277,
    "Slope": 0.002868223843847,
    "TopElev": 419.0,
    "Tosegment": 3034165,
    "end_x": -108.46625000013734,
    "end_y": 56.634583333354215,
    "flow_acc": 1839.46,
    "seg_id": 3029361,
    "start_x": -108.46791666692059,
    "start_y": 56.636250000137466,
    "islake": 0,
    "lakeId": 0,
    "RATEACV": 0.0,
    "RATEBCV": 0.0,
    "lake_Vol": 0.0
  }
}