{
  "data": {
    "BotElev": 327.0,
    "Length": 112780.36905561778,
    "OBJECTID": null,
    "PFAF": "329343",
    "PFAF_CODE": 329343000000.0,
    "PF_TYPE": 4,
    "Shape_Leng": 1.04670063667,
    "Slope": 0.002065962382913,
    "TopElev": 560.0,
    "Tosegment": 3034461,
    "end_x": -116.83645833333338,
    "end_y": 57.65298611111115,
    "flow_acc": 1870.54,
    "seg_id": 3029484,
    "start_x": -116.10520833333345,
    "start_y": 57.296736111111215,
    "islake": 0,
    "lakeId": 0,
    "RATEACV": 0.0,
    "RATEBCV": 0.0,
    "lake_Vol": 0.0
  }
}