{
  "data": {
    "BotElev": 550.0,
    "Length": 23783.810546987264,
    "OBJECTID": null,
    "PFAF": "3188221",
    "PFAF_CODE": 318822100000.0,
    "PF_TYPE": 5,
    "Shape_Leng": 0.34026229543,
    "Slope": 0.001513634660387,
    "TopElev": 586.0,
    "Tosegment": 3036069,
    "end_x": -136.3510416666668,
    "end_y": 63.832152777777765,
    "flow_acc": 1830.75,
    "seg_id": 3029316,
    "start_x": -136.04270833333334,
    "start_y": 63.9009027777779,
    "islake": 0,
    "lakeId": 0,
    "RATEACV": 0.0,
    "RATEBCV": 0.0,
    "lake_Vol": 0.0
  }
}