{
  "data": {
    "BotElev": 157.0,
    "Length": 48503.80650524452,
    "OBJECTID": null,
    "PFAF": "326781",
    "PFAF_CODE": 326781000000.0,
    "PF_TYPE": 4,
    "Shape_Leng": 0.50010161091,
    "Slope": 0.004329557103468,
    "TopElev": 367.0,
    "Tosegment": 3042551,
    "end_x": -111.48854166666683,
    "end_y": 62.62590277777787,
    "flow_acc": 1845.58,
    "seg_id": 3029382,
    "start_x": -111.54687500000006,
    "start_y": 62.880069444444416,
    "islake": 0,
    "lakeId": 0,
    "RATEACV": 0.0,
    "RATEBCV": 0.0,
    "lake_Vol": 0.0
  }
}