{
  "data": {
    "BotElev": 384.0,
    "Length": 22896.788044536188,
    "OBJECTID": null,
    "PFAF": "3188141",
    "PFAF_CODE": 318814100000.0,
    "PF_TYPE": 5,
    "Shape_Leng": 0.26467006367,
    "Slope": 0.001921666913037,
    "TopElev": 428.0,
    "Tosegment": 3042797,
    "end_x": -138.57395833333334,
    "end_y": 63.28215277777798,
    "flow_acc": 1909.81,
    "seg_id": 3029658,
    "start_x": -138.33020833333342,
    "start_y": 63.24881944444439,
    "islake": 0,
    "lakeId": 0,
    "RATEACV": 0.0,
    "RATEBCV": 0.0,
    "lake_Vol": 0.0
  }
}