{
  "data": {
    "BotElev": 361.0,
    "Length": 116064.91327666318,
    "OBJECTID": null,
    "PFAF": "315454",
    "PFAF_CODE": 315454000000.0,
    "PF_TYPE": 5,
    "Shape_Leng": 1.25672814383,
    "Slope": 0.005807095193303,
    "TopElev": 1035.0,
    "Tosegment": 3041036,
    "end_x": -130.671249999998,
    "end_y": 58.12708333333251,
    "flow_acc": 1843.05,
    "seg_id": 3029375,
    "start_x": -129.82249999999823,
    "start_y": 58.30999999999921,
    "islake": 0,
    "lakeId": 0,
    "RATEACV": 0.0,
    "RATEBCV": 0.0,
    "lake_Vol": 0.0
  }
}