{
  "data": {
    "BotElev": 7.0,
    "Length": 31226.277609181212,
    "OBJECTID": null,
    "PFAF": "3151925",
    "PFAF_CODE": 315192500000.0,
    "PF_TYPE": 5,
    "Shape_Leng": 0.24963624322,
    "Slope": 0.00169728843967,
    "TopElev": 60.0,
    "Tosegment": 3032433,
    "end_x": -127.77374999999887,
    "end_y": 53.16541666666723,
    "flow_acc": 1796.04,
    "seg_id": 3029168,
    "start_x": -127.56541666666556,
    "start_y": 53.102083333333724,
    "islake": 0,
    "lakeId": 0,
    "RATEACV": 0.0,
    "RATEBCV": 0.0,
    "lake_Vol": 0.0
  }
}