{
  "data": {
    "BotElev": 180.0,
    "Length": 145457.52486437242,
    "OBJECTID": null,
    "PFAF": "327927",
    "PFAF_CODE": 327927000000.0,
    "PF_TYPE": 4,
    "Shape_Leng": 1.69334302761,
    "Slope": 0.000735609932176,
    "TopElev": 287.0,
    "Tosegment": 3030813,
    "end_x": -112.1364583333334,
    "end_y": 59.89881944444443,
    "flow_acc": 1817.12,
    "seg_id": 3029259,
    "start_x": -112.66458333333344,
    "start_y": 59.52486111111108,
    "islake": 0,
    "lakeId": 0,
    "RATEACV": 0.0,
    "RATEBCV": 0.0,
    "lake_Vol": 0.0
  }
}