{
  "data": {
    "BotElev": 39.0,
    "Length": 22098.88259828242,
    "OBJECTID": null,
    "PFAF": "3337363",
    "PFAF_CODE": 333736300000.0,
    "PF_TYPE": 5,
    "Shape_Leng": 0.18279190768,
    "Slope": 0.000181004626918,
    "TopElev": 43.0,
    "Tosegment": 3034851,
    "end_x": -105.23437499980622,
    "end_y": 67.90923611135764,
    "flow_acc": 1916.16,
    "seg_id": 3029687,
    "start_x": -105.20729166637722,
    "start_y": 67.76548611119512,
    "islake": 0,
    "lakeId": 0,
    "RATEACV": 0.0,
    "RATEBCV": 0.0,
    "lake_Vol": 0.0
  }
}