{
  "data": {
    "BotElev": 378.0,
    "Length": 10610.09749369635,
    "OBJECTID": null,
    "PFAF": "3385441",
    "PFAF_CODE": 338544100000.0,
    "PF_TYPE": 5,
    "Shape_Leng": 0.13175637264,
    "Slope": 0.000188499681665,
    "TopElev": 380.0,
    "Tosegment": 3038107,
    "end_x": -106.65041666659585,
    "end_y": 55.42541666664596,
    "flow_acc": 1863.7,
    "seg_id": 3029452,
    "start_x": -106.750416666396,
    "start_y": 55.350416666795866,
    "islake": 0,
    "lakeId": 0,
    "RATEACV": 0.0,
    "RATEBCV": 0.0,
    "lake_Vol": 0.0
  }
}