{
  "data": {
    "BotElev": 225.0,
    "Length": 101173.64060810758,
    "OBJECTID": null,
    "PFAF": "323549",
    "PFAF_CODE": 323549000000.0,
    "PF_TYPE": 4,
    "Shape_Leng": 1.07073299898,
    "Slope": 0.000642459830538,
    "TopElev": 290.0,
    "Tosegment": 3034348,
    "end_x": -122.16979166666675,
    "end_y": 63.65090277777779,
    "flow_acc": 1899.88,
    "seg_id": 3029618,
    "start_x": -121.75625000000014,
    "start_y": 63.21027777777789,
    "islake": 0,
    "lakeId": 0,
    "RATEACV": 0.0,
    "RATEBCV": 0.0,
    "lake_Vol": 0.0
  }
}