{
  "data": {
    "BotElev": 457.0,
    "Length": 15108.211009808236,
    "OBJECTID": null,
    "PFAF": "3189521",
    "PFAF_CODE": 318952100000.0,
    "PF_TYPE": 5,
    "Shape_Leng": 0.15835873606,
    "Slope": 0.005758458095636,
    "TopElev": 544.0,
    "Tosegment": 3043806,
    "end_x": -137.0447916666668,
    "end_y": 62.60923611111116,
    "flow_acc": 1875.87,
    "seg_id": 3029503,
    "start_x": -136.99479166666674,
    "start_y": 62.50715277777783,
    "islake": 0,
    "lakeId": 0,
    "RATEACV": 0.0,
    "RATEBCV": 0.0,
    "lake_Vol": 0.0
  }
}