{
  "data": {
    "BotElev": 119.0,
    "Length": 22051.36696539403,
    "OBJECTID": null,
    "PFAF": "332297",
    "PFAF_CODE": 332297000000.0,
    "PF_TYPE": 3,
    "Shape_Leng": 0.24032362344,
    "Slope": 0.000952321914236,
    "TopElev": 140.0,
    "Tosegment": 3033630,
    "end_x": -129.4968749998813,
    "end_y": 67.69048611134502,
    "flow_acc": 1858.2,
    "seg_id": 3029429,
    "start_x": -129.5614583332354,
    "start_y": 67.49256944432454,
    "islake": 0,
    "lakeId": 0,
    "RATEACV": 0.0,
    "RATEBCV": 0.0,
    "lake_Vol": 0.0
  }
}