{
  "data": {
    "BotElev": 720.0,
    "Length": 28616.222540373223,
    "OBJECTID": null,
    "PFAF": "380861",
    "PFAF_CODE": 380861000000.0,
    "PF_TYPE": 4,
    "Shape_Leng": 0.34060239286,
    "Slope": 0.000314506919538,
    "TopElev": 729.0,
    "Tosegment": 3035878,
    "end_x": -106.6837499999977,
    "end_y": 49.66208333333128,
    "flow_acc": 1885.38,
    "seg_id": 3029557,
    "start_x": -106.99541666666431,
    "start_y": 49.631249999997976,
    "islake": 0,
    "lakeId": 0,
    "RATEACV": 0.0,
    "RATEBCV": 0.0,
    "lake_Vol": 0.0
  }
}