{
  "data": {
    "BotElev": 436.0,
    "Length": 48539.599817201546,
    "OBJECTID": null,
    "PFAF": "3276993",
    "PFAF_CODE": 327699300000.0,
    "PF_TYPE": 3,
    "Shape_Leng": 0.48745355297,
    "Slope": 0.000226619091246,
    "TopElev": 447.0,
    "Tosegment": 3034826,
    "end_x": -106.40937500000013,
    "end_y": 60.732152777777856,
    "flow_acc": 1974.91,
    "seg_id": 3029942,
    "start_x": -106.54479166666675,
    "start_y": 60.4196527777778,
    "islake": 0,
    "lakeId": 0,
    "RATEACV": 0.0,
    "RATEBCV": 0.0,
    "lake_Vol": 0.0
  }
}