{
  "data": {
    "BotElev": 156.0,
    "Length": 7443.788770850654,
    "OBJECTID": null,
    "PFAF": "3274321",
    "PFAF_CODE": 327432100000.0,
    "PF_TYPE": 5,
    "Shape_Leng": 0.07946278255,
    "Slope": 0.000134340190296,
    "TopElev": 157.0,
    "Tosegment": 3043153,
    "end_x": -115.73229166666675,
    "end_y": 60.85923611111116,
    "flow_acc": 1958.26,
    "seg_id": 3029869,
    "start_x": -115.66145833333348,
    "start_y": 60.838402777777844,
    "islake": 0,
    "lakeId": 0,
    "RATEACV": 0.0,
    "RATEBCV": 0.0,
    "lake_Vol": 0.0
  }
}