{
  "data": {
    "BotElev": 307.0,
    "Length": 12369.10075436555,
    "OBJECTID": null,
    "PFAF": "3293261",
    "PFAF_CODE": 329326100000.0,
    "PF_TYPE": 5,
    "Shape_Leng": 0.16797378541,
    "Slope": 0.000485079725612,
    "TopElev": 313.0,
    "Tosegment": 3035565,
    "end_x": -116.90729166666677,
    "end_y": 58.388402777777856,
    "flow_acc": 2222.92,
    "seg_id": 3030834,
    "start_x": -117.06145833333346,
    "start_y": 58.3592361111111,
    "islake": 0,
    "lakeId": 0,
    "RATEACV": 0.0,
    "RATEBCV": 0.0,
    "lake_Vol": 0.0
  }
}