{
  "data": {
    "BotElev": 525.0,
    "Length": 14239.313641472027,
    "OBJECTID": null,
    "PFAF": "3424523",
    "PFAF_CODE": 342452300000.0,
    "PF_TYPE": 5,
    "Shape_Leng": 0.11369883348,
    "Slope": 0.0,
    "TopElev": 525.0,
    "Tosegment": 3033886,
    "end_x": -108.36958333333706,
    "end_y": 53.042916666667224,
    "flow_acc": 2096.11,
    "seg_id": 3030433,
    "start_x": -108.30125000000368,
    "start_y": 53.045416666667165,
    "islake": 0,
    "lakeId": 0,
    "RATEACV": 0.0,
    "RATEBCV": 0.0,
    "lake_Vol": 0.0
  }
}