{
  "data": {
    "BotElev": 1376.0,
    "Length": 96785.16807070284,
    "OBJECTID": null,
    "PFAF": "3428991",
    "PFAF_CODE": 342899100000.0,
    "PF_TYPE": 3,
    "Shape_Leng": 0.78479112507,
    "Slope": 0.001653145860977,
    "TopElev": 1536.0,
    "Tosegment": 3032924,
    "end_x": -115.55791666666858,
    "end_y": 51.16625000000096,
    "flow_acc": 2229.5,
    "seg_id": 3030854,
    "start_x": -116.1804166666684,
    "start_y": 51.42458333333417,
    "islake": 0,
    "lakeId": 0,
    "RATEACV": 0.0,
    "RATEBCV": 0.0,
    "lake_Vol": 0.0
  }
}