{
  "data": {
    "BotElev": 415.0,
    "Length": 23892.9286136291,
    "OBJECTID": null,
    "PFAF": "338663",
    "PFAF_CODE": 338663000000.0,
    "PF_TYPE": 4,
    "Shape_Leng": 0.25978938176,
    "Slope": 0.0,
    "TopElev": 415.0,
    "Tosegment": 3032043,
    "end_x": -108.51124999968772,
    "end_y": 55.782916666471124,
    "flow_acc": 2082.26,
    "seg_id": 3030378,
    "start_x": -108.65291666637097,
    "start_y": 55.64958333370396,
    "islake": 0,
    "lakeId": 0,
    "RATEACV": 0.0,
    "RATEBCV": 0.0,
    "lake_Vol": 0.0
  }
}