{
  "data": {
    "BotElev": 717.0,
    "Length": 13051.152594902582,
    "OBJECTID": null,
    "PFAF": "3296991",
    "PFAF_CODE": 329699100000.0,
    "PF_TYPE": 3,
    "Shape_Leng": 0.13722928684,
    "Slope": 0.003141484991602,
    "TopElev": 758.0,
    "Tosegment": 3032409,
    "end_x": -121.65729166666671,
    "end_y": 57.29048611111119,
    "flow_acc": 2016.59,
    "seg_id": 3030117,
    "start_x": -121.74479166666669,
    "start_y": 57.24256944444454,
    "islake": 0,
    "lakeId": 0,
    "RATEACV": 0.0,
    "RATEBCV": 0.0,
    "lake_Vol": 0.0
  }
}