{
  "data": {
    "BotElev": 644.0,
    "Length": 165650.16257292803,
    "OBJECTID": null,
    "PFAF": "324249",
    "PFAF_CODE": 324249000000.0,
    "PF_TYPE": 4,
    "Shape_Leng": 1.62927789707,
    "Slope": 0.00246302203187,
    "TopElev": 1052.0,
    "Tosegment": 3033420,
    "end_x": -126.77187500000008,
    "end_y": 61.390486111111215,
    "flow_acc": 2141.18,
    "seg_id": 3030597,
    "start_x": -128.13541666666674,
    "start_y": 61.919652777777856,
    "islake": 0,
    "lakeId": 0,
    "RATEACV": 0.0,
    "RATEBCV": 0.0,
    "lake_Vol": 0.0
  }
}