{
  "data": {
    "BotElev": 791.0,
    "Length": 41430.76477042409,
    "OBJECTID": null,
    "PFAF": "3299275",
    "PFAF_CODE": 329927500000.0,
    "PF_TYPE": 4,
    "Shape_Leng": 0.34954530402,
    "Slope": 0.001448199190444,
    "TopElev": 851.0,
    "Tosegment": 3032162,
    "end_x": -125.51562500000011,
    "end_y": 55.78006944444445,
    "flow_acc": 2190.22,
    "seg_id": 3030740,
    "start_x": -125.77604166666674,
    "start_y": 55.91131944444436,
    "islake": 0,
    "lakeId": 0,
    "RATEACV": 0.0,
    "RATEBCV": 0.0,
    "lake_Vol": 0.0
  }
}