{
  "data": {
    "BotElev": 15.0,
    "Length": 19123.585709919873,
    "OBJECTID": null,
    "PFAF": "315363",
    "PFAF_CODE": 315363000000.0,
    "PF_TYPE": 4,
    "Shape_Leng": 0.23207702004,
    "Slope": 0.003294361264442,
    "TopElev": 78.0,
    "Tosegment": 3031536,
    "end_x": -130.971249999998,
    "end_y": 56.13374999999979,
    "flow_acc": 2150.6,
    "seg_id": 3030620,
    "start_x": -130.8329166666647,
    "start_y": 56.253749999999684,
    "islake": 0,
    "lakeId": 0,
    "RATEACV": 0.0,
    "RATEBCV": 0.0,
    "lake_Vol": 0.0
  }
}