{
  "data": {
    "BotElev": 496.0,
    "Length": 65994.61546610987,
    "OBJECTID": null,
    "PFAF": "3294721",
    "PFAF_CODE": 329472100000.0,
    "PF_TYPE": 5,
    "Shape_Leng": 0.59239643422,
    "Slope": 0.002515356727629,
    "TopElev": 662.0,
    "Tosegment": 3040004,
    "end_x": -118.46979166666677,
    "end_y": 55.10298611111119,
    "flow_acc": 2052.6,
    "seg_id": 3030250,
    "start_x": -118.9010416666668,
    "start_y": 55.25090277777781,
    "islake": 0,
    "lakeId": 0,
    "RATEACV": 0.0,
    "RATEBCV": 0.0,
    "lake_Vol": 0.0
  }
}