{
  "data": {
    "BotElev": 192.0,
    "Length": 29547.949390706497,
    "OBJECTID": null,
    "PFAF": "3333675",
    "PFAF_CODE": 333367500000.0,
    "PF_TYPE": 4,
    "Shape_Leng": 0.42561763314,
    "Slope": 0.002098284357408,
    "TopElev": 254.0,
    "Tosegment": 3032350,
    "end_x": -118.52187500023098,
    "end_y": 68.01340277811585,
    "flow_acc": 2014.72,
    "seg_id": 3030111,
    "start_x": -118.7989583331605,
    "start_y": 67.87173611143243,
    "islake": 0,
    "lakeId": 0,
    "RATEACV": 0.0,
    "RATEBCV": 0.0,
    "lake_Vol": 0.0
  }
}