{
  "data": {
    "BotElev": 387.0,
    "Length": 33300.792723968836,
    "OBJECTID": null,
    "PFAF": "3188161",
    "PFAF_CODE": 318816100000.0,
    "PF_TYPE": 5,
    "Shape_Leng": 0.38443106653,
    "Slope": 0.002252198637482,
    "TopElev": 462.0,
    "Tosegment": 3042703,
    "end_x": -138.11979166666669,
    "end_y": 63.46340277777796,
    "flow_acc": 2127.04,
    "seg_id": 3030557,
    "start_x": -137.75520833333343,
    "start_y": 63.415486111111306,
    "islake": 0,
    "lakeId": 0,
    "RATEACV": 0.0,
    "RATEBCV": 0.0,
    "lake_Vol": 0.0
  }
}