{
  "data": {
    "BotElev": 413.0,
    "Length": 63831.76215882093,
    "OBJECTID": null,
    "PFAF": "344895",
    "PFAF_CODE": 344895000000.0,
    "PF_TYPE": 3,
    "Shape_Leng": 0.43265488185,
    "Slope": 0.000563982550105,
    "TopElev": 449.0,
    "Tosegment": 3031283,
    "end_x": -101.98958333333871,
    "end_y": 51.93791666666749,
    "flow_acc": 2018.73,
    "seg_id": 3030128,
    "start_x": -102.18291666667199,
    "start_y": 52.26458333333403,
    "islake": 0,
    "lakeId": 0,
    "RATEACV": 0.0,
    "RATEBCV": 0.0,
    "lake_Vol": 0.0
  }
}