{
  "data": {
    "BotElev": 69.0,
    "Length": 36723.45451449513,
    "OBJECTID": null,
    "PFAF": "3217223",
    "PFAF_CODE": 321722300000.0,
    "PF_TYPE": 5,
    "Shape_Leng": 0.45356391275,
    "Slope": 0.000245074983249,
    "TopElev": 78.0,
    "Tosegment": 3031873,
    "end_x": -129.95937500000014,
    "end_y": 66.1675694444445,
    "flow_acc": 2145.61,
    "seg_id": 3030608,
    "start_x": -130.3447916666667,
    "start_y": 66.23423611111104,
    "islake": 0,
    "lakeId": 0,
    "RATEACV": 0.0,
    "RATEBCV": 0.0,
    "lake_Vol": 0.0
  }
}