{
  "data": {
    "BotElev": 790.0,
    "Length": 34916.287602079574,
    "OBJECTID": null,
    "PFAF": "3189463",
    "PFAF_CODE": 318946300000.0,
    "PF_TYPE": 5,
    "Shape_Leng": 0.4245199013,
    "Slope": 0.000658718368405,
    "TopElev": 813.0,
    "Tosegment": 3034043,
    "end_x": -133.24062499999997,
    "end_y": 62.644652777777765,
    "flow_acc": 2052.44,
    "seg_id": 3030248,
    "start_x": -132.84479166666665,
    "start_y": 62.63006944444447,
    "islake": 0,
    "lakeId": 0,
    "RATEACV": 0.0,
    "RATEBCV": 0.0,
    "lake_Vol": 0.0
  }
}