{
  "data": {
    "BotElev": 720.0,
    "Length": 19290.85060491947,
    "OBJECTID": null,
    "PFAF": "3152491",
    "PFAF_CODE": 315249100000.0,
    "PF_TYPE": 4,
    "Shape_Leng": 0.23167261889,
    "Slope": 0.00207352183785,
    "TopElev": 760.0,
    "Tosegment": 3035072,
    "end_x": -127.32958333333221,
    "end_y": 54.20208333333346,
    "flow_acc": 2037.44,
    "seg_id": 3030190,
    "start_x": -127.47041666666553,
    "start_y": 54.09791666666689,
    "islake": 0,
    "lakeId": 0,
    "RATEACV": 0.0,
    "RATEBCV": 0.0,
    "lake_Vol": 0.0
  }
}