{
  "data": {
    "BotElev": 1.0,
    "Length": 16199.982645354692,
    "OBJECTID": null,
    "PFAF": "3151961",
    "PFAF_CODE": 315196100000.0,
    "PF_TYPE": 5,
    "Shape_Leng": 0.16755501432,
    "Slope": 0.001234569223797,
    "TopElev": 21.0,
    "Tosegment": -9999,
    "end_x": -128.66041666666524,
    "end_y": 54.00541666666703,
    "flow_acc": 2027.81,
    "seg_id": 3030157,
    "start_x": -128.64541666666526,
    "start_y": 54.09291666666712,
    "islake": 0,
    "lakeId": 0,
    "RATEACV": 0.0,
    "RATEBCV": 0.0,
    "lake_Vol": 0.0
  }
}