{
  "data": {
    "BotElev": 545.0,
    "Length": 38638.334640396235,
    "OBJECTID": null,
    "PFAF": "328763",
    "PFAF_CODE": 328763000000.0,
    "PF_TYPE": 4,
    "Shape_Leng": 0.34883041704,
    "Slope": 0.000388215489606,
    "TopElev": 560.0,
    "Tosegment": 3032562,
    "end_x": -112.81145833333346,
    "end_y": 55.725902777777776,
    "flow_acc": 2007.65,
    "seg_id": 3030084,
    "start_x": -113.10104166666679,
    "start_y": 55.832152777777765,
    "islake": 0,
    "lakeId": 0,
    "RATEACV": 0.0,
    "RATEBCV": 0.0,
    "lake_Vol": 0.0
  }
}