{
  "data": {
    "BotElev": 679.0,
    "Length": 55225.9469476167,
    "OBJECTID": null,
    "PFAF": "3299241",
    "PFAF_CODE": 329924100000.0,
    "PF_TYPE": 5,
    "Shape_Leng": 0.5404357561,
    "Slope": 0.00240828826577,
    "TopElev": 812.0,
    "Tosegment": 3037819,
    "end_x": -124.53854166666679,
    "end_y": 56.084236111111125,
    "flow_acc": 2117.62,
    "seg_id": 3030520,
    "start_x": -125.01562500000006,
    "start_y": 56.1384027777778,
    "islake": 0,
    "lakeId": 0,
    "RATEACV": 0.0,
    "RATEBCV": 0.0,
    "lake_Vol": 0.0
  }
}