{
  "data": {
    "BotElev": 910.0,
    "Length": 50726.09084282084,
    "OBJECTID": null,
    "PFAF": "342927",
    "PFAF_CODE": 342927000000.0,
    "PF_TYPE": 4,
    "Shape_Leng": 0.42804912191,
    "Slope": 0.000768835117235,
    "TopElev": 949.0,
    "Tosegment": 3032720,
    "end_x": -113.17958333333587,
    "end_y": 50.12958333333455,
    "flow_acc": 2267.91,
    "seg_id": 3030965,
    "start_x": -113.42458333333576,
    "start_y": 50.245416666667836,
    "islake": 0,
    "lakeId": 0,
    "RATEACV": 0.0,
    "RATEBCV": 0.0,
    "lake_Vol": 0.0
  }
}