{
  "data": {
    "BotElev": 441.0,
    "Length": 89550.50285032386,
    "OBJECTID": null,
    "PFAF": "338525",
    "PFAF_CODE": 338525000000.0,
    "PF_TYPE": 4,
    "Shape_Leng": 0.88903312925,
    "Slope": 0.000725847403768,
    "TopElev": 506.0,
    "Tosegment": 3033590,
    "end_x": -105.82875000001246,
    "end_y": 56.00124999978772,
    "flow_acc": 2573.74,
    "seg_id": 3031891,
    "start_x": -105.39375000016236,
    "start_y": 56.55458333315437,
    "islake": 0,
    "lakeId": 0,
    "RATEACV": 0.0,
    "RATEBCV": 0.0,
    "lake_Vol": 0.0
  }
}