{
  "data": {
    "BotElev": 367.0,
    "Length": 88235.48774657617,
    "OBJECTID": null,
    "PFAF": "336497",
    "PFAF_CODE": 336497000000.0,
    "PF_TYPE": 3,
    "Shape_Leng": 1.16580808012,
    "Slope": 0.000691331816232,
    "TopElev": 428.0,
    "Tosegment": 3034029,
    "end_x": -104.605208333198,
    "end_y": 60.99048611124522,
    "flow_acc": 2302.17,
    "seg_id": 3031070,
    "start_x": -105.49895833366008,
    "start_y": 60.617569444574315,
    "islake": 0,
    "lakeId": 0,
    "RATEACV": 0.0,
    "RATEBCV": 0.0,
    "lake_Vol": 0.0
  }
}