{
  "data": {
    "BotElev": 668.0,
    "Length": 3135.5920106949757,
    "OBJECTID": null,
    "PFAF": "3189685",
    "PFAF_CODE": 318968500000.0,
    "PF_TYPE": 5,
    "Shape_Leng": 0.02357022604,
    "Slope": -0.000318919041951,
    "TopElev": 667.0,
    "Tosegment": 3032791,
    "end_x": -133.81770833333337,
    "end_y": 59.68840277777787,
    "flow_acc": 2305.04,
    "seg_id": 3031078,
    "start_x": -133.83437500000014,
    "start_y": 59.705069444444746,
    "islake": 0,
    "lakeId": 0,
    "RATEACV": 0.0,
    "RATEBCV": 0.0,
    "lake_Vol": 0.0
  }
}