{
  "data": {
    "BotElev": 158.0,
    "Length": 17122.39072284844,
    "OBJECTID": null,
    "PFAF": "326121",
    "PFAF_CODE": 326121000000.0,
    "PF_TYPE": 4,
    "Shape_Leng": 0.25446278255,
    "Slope": -5.8403059257e-05,
    "TopElev": 157.0,
    "Tosegment": 3044382,
    "end_x": -116.92812500000008,
    "end_y": 61.19256944444453,
    "flow_acc": 2413.23,
    "seg_id": 3031434,
    "start_x": -116.68229166666674,
    "start_y": 61.213402777777844,
    "islake": 0,
    "lakeId": 0,
    "RATEACV": 0.0,
    "RATEBCV": 0.0,
    "lake_Vol": 0.0
  }
}