{
  "data": {
    "BotElev": 675.0,
    "Length": 39888.79619851077,
    "OBJECTID": null,
    "PFAF": "329985",
    "PFAF_CODE": 329985000000.0,
    "PF_TYPE": 4,
    "Shape_Leng": 0.27269675896,
    "Slope": 0.000175487872965,
    "TopElev": 682.0,
    "Tosegment": 3032214,
    "end_x": -123.02187500000014,
    "end_y": 54.96548611111109,
    "flow_acc": 2391.97,
    "seg_id": 3031359,
    "start_x": -122.83437500000014,
    "start_y": 54.79465277777774,
    "islake": 0,
    "lakeId": 0,
    "RATEACV": 0.0,
    "RATEBCV": 0.0,
    "lake_Vol": 0.0
  }
}