{
  "data": {
    "BotElev": 293.0,
    "Length": 44391.61201800198,
    "OBJECTID": null,
    "PFAF": "334941",
    "PFAF_CODE": 334941000000.0,
    "PF_TYPE": 4,
    "Shape_Leng": 0.5694543647,
    "Slope": 0.000698330125687,
    "TopElev": 324.0,
    "Tosegment": 3040142,
    "end_x": -107.45520833289822,
    "end_y": 65.03215277732892,
    "flow_acc": 2561.66,
    "seg_id": 3031851,
    "start_x": -107.95520833369761,
    "start_y": 65.16548611099529,
    "islake": 0,
    "lakeId": 0,
    "RATEACV": 0.0,
    "RATEBCV": 0.0,
    "lake_Vol": 0.0
  }
}