{
  "data": {
    "BotElev": 331.0,
    "Length": 70771.68751359898,
    "OBJECTID": null,
    "PFAF": "3293621",
    "PFAF_CODE": 329362100000.0,
    "PF_TYPE": 5,
    "Shape_Leng": 0.68968494424,
    "Slope": 0.003603135787189,
    "TopElev": 586.0,
    "Tosegment": 3038370,
    "end_x": -117.37604166666677,
    "end_y": 57.16340277777789,
    "flow_acc": 2582.86,
    "seg_id": 3031916,
    "start_x": -117.86770833333344,
    "start_y": 57.26965277777788,
    "islake": 0,
    "lakeId": 0,
    "RATEACV": 0.0,
    "RATEBCV": 0.0,
    "lake_Vol": 0.0
  }
}