{
  "data": {
    "BotElev": 313.0,
    "Length": 15034.103197599006,
    "OBJECTID": null,
    "PFAF": "326681",
    "PFAF_CODE": 326681000000.0,
    "PF_TYPE": 4,
    "Shape_Leng": 0.19701779686,
    "Slope": -0.000598638966469,
    "TopElev": 304.0,
    "Tosegment": 3036630,
    "end_x": -108.40104166666674,
    "end_y": 62.53423611111117,
    "flow_acc": 2492.57,
    "seg_id": 3031653,
    "start_x": -108.2447916666668,
    "start_y": 62.611319444444575,
    "islake": 0,
    "lakeId": 0,
    "RATEACV": 0.0,
    "RATEBCV": 0.0,
    "lake_Vol": 0.0
  }
}