{
  "data": {
    "BotElev": 961.0,
    "Length": 216901.51246315285,
    "OBJECTID": null,
    "PFAF": "34249431",
    "PFAF_CODE": 342494310000.0,
    "PF_TYPE": 5,
    "Shape_Leng": 2.16146512627,
    "Slope": 0.004135517497382,
    "TopElev": 1858.0,
    "Tosegment": 3033439,
    "end_x": -114.92041666666876,
    "end_y": 52.335416666667356,
    "flow_acc": 2360.4,
    "seg_id": 3031262,
    "start_x": -116.09416666666846,
    "start_y": 51.804583333334165,
    "islake": 0,
    "lakeId": 0,
    "RATEACV": 0.0,
    "RATEBCV": 0.0,
    "lake_Vol": 0.0
  }
}