{
  "data": {
    "BotElev": 752.0,
    "Length": 33844.524779985164,
    "OBJECTID": null,
    "PFAF": "329861",
    "PFAF_CODE": 329861000000.0,
    "PF_TYPE": 4,
    "Shape_Leng": 0.36255080545,
    "Slope": 0.001359156327324,
    "TopElev": 798.0,
    "Tosegment": 3039789,
    "end_x": -125.60729166666681,
    "end_y": 57.41548611111125,
    "flow_acc": 2564.48,
    "seg_id": 3031857,
    "start_x": -125.46770833333346,
    "start_y": 57.60090277777783,
    "islake": 0,
    "lakeId": 0,
    "RATEACV": 0.0,
    "RATEBCV": 0.0,
    "lake_Vol": 0.0
  }
}