{
  "data": {
    "BotElev": 851.0,
    "Length": 143563.3521887258,
    "OBJECTID": null,
    "PFAF": "3899447",
    "PFAF_CODE": 389944700000.0,
    "PF_TYPE": 5,
    "Shape_Leng": 1.33328950135,
    "Slope": 0.000738349992418,
    "TopElev": 957.0,
    "Tosegment": 3033963,
    "end_x": -108.21541666666428,
    "end_y": 49.418749999997885,
    "flow_acc": 2597.7,
    "seg_id": 3031955,
    "start_x": -109.21291666666411,
    "start_y": 49.50041666666459,
    "islake": 0,
    "lakeId": 0,
    "RATEACV": 0.0,
    "RATEBCV": 0.0,
    "lake_Vol": 0.0
  }
}