{
  "data": {
    "BotElev": 370.0,
    "Length": 20069.63165757845,
    "OBJECTID": null,
    "PFAF": "3385161",
    "PFAF_CODE": 338516100000.0,
    "PF_TYPE": 5,
    "Shape_Leng": 0.20958718154,
    "Slope": 9.9653049649e-05,
    "TopElev": 372.0,
    "Tosegment": 3044034,
    "end_x": -105.20208333357891,
    "end_y": 55.66874999991262,
    "flow_acc": 2281.82,
    "seg_id": 3031010,
    "start_x": -105.11791666642097,
    "start_y": 55.80125000018734,
    "islake": 0,
    "lakeId": 0,
    "RATEACV": 0.0,
    "RATEBCV": 0.0,
    "lake_Vol": 0.0
  }
}