{
  "data": {
    "BotElev": 647.0,
    "Length": 32350.186431826784,
    "OBJECTID": null,
    "PFAF": "3212881",
    "PFAF_CODE": 321288100000.0,
    "PF_TYPE": 5,
    "Shape_Leng": 0.43067264881,
    "Slope": 0.003802141921476,
    "TopElev": 770.0,
    "Tosegment": 3036341,
    "end_x": -137.01354166666675,
    "end_y": 64.8884027777778,
    "flow_acc": 2477.06,
    "seg_id": 3031616,
    "start_x": -137.1677083333334,
    "start_y": 64.61131944444452,
    "islake": 0,
    "lakeId": 0,
    "RATEACV": 0.0,
    "RATEBCV": 0.0,
    "lake_Vol": 0.0
  }
}