{
  "data": {
    "BotElev": 36.0,
    "Length": 29866.095557867746,
    "OBJECTID": null,
    "PFAF": "321543",
    "PFAF_CODE": 321543000000.0,
    "PF_TYPE": 4,
    "Shape_Leng": 0.39731391275,
    "Slope": 0.003147381612634,
    "TopElev": 130.0,
    "Tosegment": 3032240,
    "end_x": -131.54479166666675,
    "end_y": 67.47173611111111,
    "flow_acc": 2310.43,
    "seg_id": 3031096,
    "start_x": -131.80104166666672,
    "start_y": 67.58215277777788,
    "islake": 0,
    "lakeId": 0,
    "RATEACV": 0.0,
    "RATEBCV": 0.0,
    "lake_Vol": 0.0
  }
}