{
  "data": {
    "BotElev": 685.0,
    "Length": 62353.957585329015,
    "OBJECTID": null,
    "PFAF": "324881",
    "PFAF_CODE": 324881000000.0,
    "PF_TYPE": 4,
    "Shape_Leng": 0.52653138487,
    "Slope": 0.002100909149523,
    "TopElev": 816.0,
    "Tosegment": 3035639,
    "end_x": -126.86770833333333,
    "end_y": 58.50298611111111,
    "flow_acc": 2278.84,
    "seg_id": 3031004,
    "start_x": -126.53854166666673,
    "start_y": 58.24048611111107,
    "islake": 0,
    "lakeId": 0,
    "RATEACV": 0.0,
    "RATEBCV": 0.0,
    "lake_Vol": 0.0
  }
}