{
  "data": {
    "BotElev": 1.0,
    "Length": 32056.689708268517,
    "OBJECTID": null,
    "PFAF": "3199941",
    "PFAF_CODE": 319994100000.0,
    "PF_TYPE": 5,
    "Shape_Leng": 0.43125744029,
    "Slope": 0.00152854210606,
    "TopElev": 50.0,
    "Tosegment": -9999,
    "end_x": -138.27916666666675,
    "end_y": 69.1665277777779,
    "flow_acc": 2493.86,
    "seg_id": 3031654,
    "start_x": -138.20104166666664,
    "start_y": 68.98423611111122,
    "islake": 0,
    "lakeId": 0,
    "RATEACV": 0.0,
    "RATEBCV": 0.0,
    "lake_Vol": 0.0
  }
}