{
  "data": {
    "BotElev": 268.0,
    "Length": 105101.31680588535,
    "OBJECTID": null,
    "PFAF": "3293221",
    "PFAF_CODE": 329322100000.0,
    "PF_TYPE": 5,
    "Shape_Leng": 1.06214691493,
    "Slope": 0.004595565637794,
    "TopElev": 751.0,
    "Tosegment": 3038737,
    "end_x": -116.18229166666674,
    "end_y": 58.4509027777778,
    "flow_acc": 2589.46,
    "seg_id": 3031935,
    "start_x": -116.01145833333345,
    "start_y": 58.94256944444447,
    "islake": 0,
    "lakeId": 0,
    "RATEACV": 0.0,
    "RATEBCV": 0.0,
    "lake_Vol": 0.0
  }
}