{
  "data": {
    "BotElev": 581.0,
    "Length": 12981.098200877092,
    "OBJECTID": null,
    "PFAF": "3152461",
    "PFAF_CODE": 315246100000.0,
    "PF_TYPE": 5,
    "Shape_Leng": 0.11731812161,
    "Slope": 0.001155526271189,
    "TopElev": 596.0,
    "Tosegment": 3037648,
    "end_x": -126.74624999999907,
    "end_y": 54.41291666666689,
    "flow_acc": 2438.28,
    "seg_id": 3031514,
    "start_x": -126.65458333333237,
    "start_y": 54.40375000000029,
    "islake": 0,
    "lakeId": 0,
    "RATEACV": 0.0,
    "RATEBCV": 0.0,
    "lake_Vol": 0.0
  }
}