{
  "data": {
    "BotElev": 598.0,
    "Length": 8106.463313529706,
    "OBJECTID": null,
    "PFAF": "342465",
    "PFAF_CODE": 342465000000.0,
    "PF_TYPE": 4,
    "Shape_Leng": 0.10559223177,
    "Slope": 0.001356941933191,
    "TopElev": 609.0,
    "Tosegment": 3033462,
    "end_x": -111.8670833333361,
    "end_y": 53.684583333333705,
    "flow_acc": 2512.79,
    "seg_id": 3031707,
    "start_x": -111.95541666666952,
    "start_y": 53.64458333333363,
    "islake": 0,
    "lakeId": 0,
    "RATEACV": 0.0,
    "RATEBCV": 0.0,
    "lake_Vol": 0.0
  }
}