{
  "data": {
    "BotElev": 791.0,
    "Length": 120112.0095854746,
    "OBJECTID": null,
    "PFAF": "324789",
    "PFAF_CODE": 324789000000.0,
    "PF_TYPE": 4,
    "Shape_Leng": 1.26940265671,
    "Slope": 0.002897295625983,
    "TopElev": 1139.0,
    "Tosegment": 3034273,
    "end_x": -127.68020833333338,
    "end_y": 60.74465277777773,
    "flow_acc": 2292.56,
    "seg_id": 3031043,
    "start_x": -127.51041666666674,
    "start_y": 61.43423611111109,
    "islake": 0,
    "lakeId": 0,
    "RATEACV": 0.0,
    "RATEBCV": 0.0,
    "lake_Vol": 0.0
  }
}