{
  "data": {
    "BotElev": 313.0,
    "Length": 42928.30770530155,
    "OBJECTID": null,
    "PFAF": "3293941",
    "PFAF_CODE": 329394100000.0,
    "PF_TYPE": 5,
    "Shape_Leng": 0.35487103149,
    "Slope": 0.005777073759872,
    "TopElev": 561.0,
    "Tosegment": 3044418,
    "end_x": -117.29479166666675,
    "end_y": 56.22798611111125,
    "flow_acc": 2301.6,
    "seg_id": 3031067,
    "start_x": -117.1197916666668,
    "start_y": 56.042569444444496,
    "islake": 0,
    "lakeId": 0,
    "RATEACV": 0.0,
    "RATEBCV": 0.0,
    "lake_Vol": 0.0
  }
}