{
  "data": {
    "BotElev": 518.0,
    "Length": 77262.12002657217,
    "OBJECTID": null,
    "PFAF": "3492921",
    "PFAF_CODE": 349292100000.0,
    "PF_TYPE": 5,
    "Shape_Leng": 0.70909060804,
    "Slope": 0.000906006720705,
    "TopElev": 588.0,
    "Tosegment": 3040233,
    "end_x": -102.23791666667194,
    "end_y": 49.17291666666807,
    "flow_acc": 2605.14,
    "seg_id": 3031977,
    "start_x": -102.68208333333843,
    "start_y": 49.39708333333476,
    "islake": 0,
    "lakeId": 0,
    "RATEACV": 0.0,
    "RATEBCV": 0.0,
    "lake_Vol": 0.0
  }
}