{
  "data": {
    "BotElev": 542.0,
    "Length": 46976.46649034153,
    "OBJECTID": null,
    "PFAF": "3212277",
    "PFAF_CODE": 321227700000.0,
    "PF_TYPE": 4,
    "Shape_Leng": 0.48412442849,
    "Slope": 0.002980215636882,
    "TopElev": 682.0,
    "Tosegment": 3034084,
    "end_x": -133.39062500000006,
    "end_y": 65.35090277777789,
    "flow_acc": 2962.98,
    "seg_id": 3032831,
    "start_x": -133.10312500000003,
    "start_y": 65.09048611111109,
    "islake": 0,
    "lakeId": 0,
    "RATEACV": 0.0,
    "RATEBCV": 0.0,
    "lake_Vol": 0.0
  }
}