{
  "data": {
    "BotElev": 512.0,
    "Length": 41314.10938463064,
    "OBJECTID": null,
    "PFAF": "315583",
    "PFAF_CODE": 315583000000.0,
    "PF_TYPE": 4,
    "Shape_Leng": 0.40394675896,
    "Slope": 0.019509073582979,
    "TopElev": 1318.0,
    "Tosegment": 3033764,
    "end_x": -139.30312500000014,
    "end_y": 60.05506944444443,
    "flow_acc": 2776.56,
    "seg_id": 3032416,
    "start_x": -139.43229166666674,
    "start_y": 60.34465277777781,
    "islake": 0,
    "lakeId": 0,
    "RATEACV": 0.0,
    "RATEBCV": 0.0,
    "lake_Vol": 0.0
  }
}