{
  "data": {
    "BotElev": 361.0,
    "Length": 9935.022686619843,
    "OBJECTID": null,
    "PFAF": "324687",
    "PFAF_CODE": 324687000000.0,
    "PF_TYPE": 4,
    "Shape_Leng": 0.10949239414,
    "Slope": 0.00171111838757,
    "TopElev": 378.0,
    "Tosegment": 3034072,
    "end_x": -120.90104166666674,
    "end_y": 58.36548611111118,
    "flow_acc": 2625.6,
    "seg_id": 3032037,
    "start_x": -120.8072916666668,
    "start_y": 58.36965277777779,
    "islake": 0,
    "lakeId": 0,
    "RATEACV": 0.0,
    "RATEBCV": 0.0,
    "lake_Vol": 0.0
  }
}