{
  "data": {
    "BotElev": 7.0,
    "Length": 3317.6178287767375,
    "OBJECTID": null,
    "PFAF": "3155923",
    "PFAF_CODE": 315592300000.0,
    "PF_TYPE": 5,
    "Shape_Leng": 0.02982022604,
    "Slope": -0.001205684381517,
    "TopElev": 3.0,
    "Tosegment": 3033343,
    "end_x": -139.996875,
    "end_y": 59.81131944444451,
    "flow_acc": 2754.83,
    "seg_id": 3032371,
    "start_x": -140.01979166666672,
    "start_y": 59.82381944444438,
    "islake": 0,
    "lakeId": 0,
    "RATEACV": 0.0,
    "RATEBCV": 0.0,
    "lake_Vol": 0.0
  }
}