{
  "data": {
    "BotElev": 30.0,
    "Length": 53462.520754138204,
    "OBJECTID": null,
    "PFAF": "3333323",
    "PFAF_CODE": 333332300000.0,
    "PF_TYPE": 5,
    "Shape_Leng": 0.77400387823,
    "Slope": 0.004750991842829,
    "TopElev": 284.0,
    "Tosegment": 3033356,
    "end_x": -123.14270833302305,
    "end_y": 69.4113194445369,
    "flow_acc": 2648.99,
    "seg_id": 3032100,
    "start_x": -122.58437500020597,
    "start_y": 69.34048611074559,
    "islake": 0,
    "lakeId": 0,
    "RATEACV": 0.0,
    "RATEBCV": 0.0,
    "lake_Vol": 0.0
  }
}