{
  "data": {
    "BotElev": 614.0,
    "Length": 78907.40961788126,
    "OBJECTID": null,
    "PFAF": "31894261",
    "PFAF_CODE": 318942610000.0,
    "PF_TYPE": 6,
    "Shape_Leng": 1.01093704867,
    "Slope": 0.001736212108133,
    "TopElev": 751.0,
    "Tosegment": 3038101,
    "end_x": -133.3760416666667,
    "end_y": 63.042569444444496,
    "flow_acc": 2928.48,
    "seg_id": 3032741,
    "start_x": -132.45729166666666,
    "start_y": 63.09673611111117,
    "islake": 0,
    "lakeId": 0,
    "RATEACV": 0.0,
    "RATEBCV": 0.0,
    "lake_Vol": 0.0
  }
}