{
  "data": {
    "BotElev": 598.0,
    "Length": 25845.753566020936,
    "OBJECTID": null,
    "PFAF": "3189563",
    "PFAF_CODE": 318956300000.0,
    "PF_TYPE": 5,
    "Shape_Leng": 0.32386634192,
    "Slope": -0.001005967960407,
    "TopElev": 572.0,
    "Tosegment": 3034162,
    "end_x": -135.07812500000006,
    "end_y": 62.16756944444438,
    "flow_acc": 2885.22,
    "seg_id": 3032661,
    "start_x": -134.76979166666678,
    "start_y": 62.188402777777696,
    "islake": 0,
    "lakeId": 0,
    "RATEACV": 0.0,
    "RATEBCV": 0.0,
    "lake_Vol": 0.0
  }
}