{
  "data": {
    "BotElev": 20.0,
    "Length": 22342.959091230252,
    "OBJECTID": null,
    "PFAF": "3199963",
    "PFAF_CODE": 319996300000.0,
    "PF_TYPE": 5,
    "Shape_Leng": 0.37734352434,
    "Slope": 0.00170075950302,
    "TopElev": 58.0,
    "Tosegment": 3034408,
    "end_x": -137.11354166666678,
    "end_y": 68.84465277777787,
    "flow_acc": 2767.38,
    "seg_id": 3032396,
    "start_x": -137.4343750000001,
    "start_y": 68.73006944444467,
    "islake": 0,
    "lakeId": 0,
    "RATEACV": 0.0,
    "RATEBCV": 0.0,
    "lake_Vol": 0.0
  }
}