{
  "data": {
    "BotElev": 506.0,
    "Length": 102858.23927471714,
    "OBJECTID": null,
    "PFAF": "349923",
    "PFAF_CODE": 349923000000.0,
    "PF_TYPE": 4,
    "Shape_Leng": 0.85471332308,
    "Slope": 0.000651381945408,
    "TopElev": 573.0,
    "Tosegment": 3034313,
    "end_x": -104.9037500000046,
    "end_y": 50.59958333333452,
    "flow_acc": 2707.37,
    "seg_id": 3032236,
    "start_x": -104.3137500000048,
    "start_y": 50.24708333333456,
    "islake": 0,
    "lakeId": 0,
    "RATEACV": 0.0,
    "RATEBCV": 0.0,
    "lake_Vol": 0.0
  }
}