{
  "data": {
    "BotElev": 466.0,
    "Length": 24329.431049632498,
    "OBJECTID": null,
    "PFAF": "3424165",
    "PFAF_CODE": 342416500000.0,
    "PF_TYPE": 5,
    "Shape_Leng": 0.2969095116,
    "Slope": 0.000493229783118,
    "TopElev": 478.0,
    "Tosegment": 3033691,
    "end_x": -106.25958333333762,
    "end_y": 53.335416666667015,
    "flow_acc": 2987.45,
    "seg_id": 3032887,
    "start_x": -106.51458333333755,
    "start_y": 53.26875000000041,
    "islake": 0,
    "lakeId": 0,
    "RATEACV": 0.0,
    "RATEBCV": 0.0,
    "lake_Vol": 0.0
  }
}