{
  "data": {
    "BotElev": 720.0,
    "Length": 13486.913795087034,
    "OBJECTID": null,
    "PFAF": "38087",
    "PFAF_CODE": 380870000000.0,
    "PF_TYPE": 3,
    "Shape_Leng": 0.10530627697,
    "Slope": 7.4145947338e-05,
    "TopElev": 721.0,
    "Tosegment": 3035878,
    "end_x": -106.6837499999977,
    "end_y": 49.66208333333128,
    "flow_acc": 2856.43,
    "seg_id": 3032593,
    "start_x": -106.63124999999764,
    "start_y": 49.60958333333133,
    "islake": 0,
    "lakeId": 0,
    "RATEACV": 0.0,
    "RATEBCV": 0.0,
    "lake_Vol": 0.0
  }
}