{
  "data": {
    "BotElev": 227.0,
    "Length": 7660.525452937492,
    "OBJECTID": null,
    "PFAF": "3285781",
    "PFAF_CODE": 328578100000.0,
    "PF_TYPE": 5,
    "Shape_Leng": 0.06681472461,
    "Slope": 0.003524562403176,
    "TopElev": 254.0,
    "Tosegment": 3044207,
    "end_x": -111.66979166666681,
    "end_y": 57.33423611111118,
    "flow_acc": 2741.14,
    "seg_id": 3032329,
    "start_x": -111.69479166666673,
    "start_y": 57.29048611111119,
    "islake": 0,
    "lakeId": 0,
    "RATEACV": 0.0,
    "RATEBCV": 0.0,
    "lake_Vol": 0.0
  }
}