{
  "data": {
    "BotElev": 562.0,
    "Length": 44365.51135986724,
    "OBJECTID": null,
    "PFAF": "3492995",
    "PFAF_CODE": 349299500000.0,
    "PF_TYPE": 3,
    "Shape_Leng": 0.32730970389,
    "Slope": 0.000112700154844,
    "TopElev": 567.0,
    "Tosegment": 3034667,
    "end_x": -103.87541666667147,
    "end_y": 49.671250000001294,
    "flow_acc": 2799.4,
    "seg_id": 3032460,
    "start_x": -104.11958333333808,
    "start_y": 49.84625000000119,
    "islake": 0,
    "lakeId": 0,
    "RATEACV": 0.0,
    "RATEBCV": 0.0,
    "lake_Vol": 0.0
  }
}