{
  "data": {
    "BotElev": 568.0,
    "Length": 57936.81292281886,
    "OBJECTID": null,
    "PFAF": "3389853",
    "PFAF_CODE": 338985300000.0,
    "PF_TYPE": 4,
    "Shape_Leng": 0.52643746736,
    "Slope": 0.00084574897251,
    "TopElev": 617.0,
    "Tosegment": 3033481,
    "end_x": -111.14208333357885,
    "end_y": 54.75458333315447,
    "flow_acc": 2993.19,
    "seg_id": 3032899,
    "start_x": -111.05624999963771,
    "start_y": 55.09791666622118,
    "islake": 0,
    "lakeId": 0,
    "RATEACV": 0.0,
    "RATEBCV": 0.0,
    "lake_Vol": 0.0
  }
}