{
  "data": {
    "BotElev": 668.0,
    "Length": 29696.64350692864,
    "OBJECTID": null,
    "PFAF": "342625",
    "PFAF_CODE": 342625000000.0,
    "PF_TYPE": 4,
    "Shape_Leng": 0.26792051446,
    "Slope": 0.000875519820748,
    "TopElev": 694.0,
    "Tosegment": 3032701,
    "end_x": -111.60458333333617,
    "end_y": 50.9220833333344,
    "flow_acc": 2624.38,
    "seg_id": 3032033,
    "start_x": -111.75041666666948,
    "start_y": 50.97625000000107,
    "islake": 0,
    "lakeId": 0,
    "RATEACV": 0.0,
    "RATEBCV": 0.0,
    "lake_Vol": 0.0
  }
}