{
  "data": {
    "BotElev": 2.0,
    "Length": 23981.106337638186,
    "OBJECTID": null,
    "PFAF": "3339981",
    "PFAF_CODE": 333998100000.0,
    "PF_TYPE": 5,
    "Shape_Leng": 0.42053195425,
    "Slope": 0.002460270146394,
    "TopElev": 61.0,
    "Tosegment": -9999,
    "end_x": -113.3604166664959,
    "end_y": 69.16965277805338,
    "flow_acc": 2971.59,
    "seg_id": 3032845,
    "start_x": -113.00937499955654,
    "start_y": 69.20298611102027,
    "islake": 0,
    "lakeId": 0,
    "RATEACV": 0.0,
    "RATEBCV": 0.0,
    "lake_Vol": 0.0
  }
}