{
  "data": {
    "BotElev": 512.0,
    "Length": 80253.17747679155,
    "OBJECTID": null,
    "PFAF": "3389253",
    "PFAF_CODE": 338925300000.0,
    "PF_TYPE": 4,
    "Shape_Leng": 0.80113714775,
    "Slope": 0.00061056772505,
    "TopElev": 561.0,
    "Tosegment": 3033511,
    "end_x": -107.00958333320415,
    "end_y": 53.66458333335419,
    "flow_acc": 2653.78,
    "seg_id": 3032113,
    "start_x": -107.54874999981263,
    "start_y": 53.55458333375395,
    "islake": 0,
    "lakeId": 0,
    "RATEACV": 0.0,
    "RATEBCV": 0.0,
    "lake_Vol": 0.0
  }
}