{
  "data": {
    "BotElev": 682.0,
    "Length": 5406.580488899112,
    "OBJECTID": null,
    "PFAF": "329983",
    "PFAF_CODE": 329983000000.0,
    "PF_TYPE": 4,
    "Shape_Leng": 0.03607022604,
    "Slope": -0.001294718540559,
    "TopElev": 675.0,
    "Tosegment": 3034876,
    "end_x": -123.03854166666673,
    "end_y": 54.994652777777844,
    "flow_acc": 2700.55,
    "seg_id": 3032214,
    "start_x": -123.02187500000014,
    "start_y": 54.96548611111109,
    "islake": 0,
    "lakeId": 0,
    "RATEACV": 0.0,
    "RATEBCV": 0.0,
    "lake_Vol": 0.0
  }
}