{
  "data": {
    "BotElev": 420.0,
    "Length": 17430.65599128607,
    "OBJECTID": null,
    "PFAF": "3155291",
    "PFAF_CODE": 315529100000.0,
    "PF_TYPE": 4,
    "Shape_Leng": 0.1871853053,
    "Slope": 0.006884422483009,
    "TopElev": 540.0,
    "Tosegment": 3034624,
    "end_x": -131.98458333333105,
    "end_y": 58.790416666665635,
    "flow_acc": 2936.28,
    "seg_id": 3032764,
    "start_x": -131.94291666666442,
    "start_y": 58.90624999999892,
    "islake": 0,
    "lakeId": 0,
    "RATEACV": 0.0,
    "RATEBCV": 0.0,
    "lake_Vol": 0.0
  }
}