{
  "data": {
    "BotElev": 569.0,
    "Length": 7392.835081389692,
    "OBJECTID": null,
    "PFAF": "329661",
    "PFAF_CODE": 329661000000.0,
    "PF_TYPE": 4,
    "Shape_Leng": 0.07996828398,
    "Slope": 0.002840588186914,
    "TopElev": 590.0,
    "Tosegment": 3038896,
    "end_x": -120.82604166666681,
    "end_y": 56.74256944444443,
    "flow_acc": 3022.29,
    "seg_id": 3032956,
    "start_x": -120.88645833333345,
    "start_y": 56.74881944444445,
    "islake": 0,
    "lakeId": 0,
    "RATEACV": 0.0,
    "RATEBCV": 0.0,
    "lake_Vol": 0.0
  }
}