{
  "data": {
    "BotElev": 1.0,
    "Length": 19879.6563574527,
    "OBJECTID": null,
    "PFAF": "33121",
    "PFAF_CODE": 331210000000.0,
    "PF_TYPE": 3,
    "Shape_Leng": 0.33856706936,
    "Slope": -5.0302680389e-05,
    "TopElev": 0.0,
    "Tosegment": -9999,
    "end_x": -133.89687500008108,
    "end_y": 69.32277777797208,
    "flow_acc": 3192.14,
    "seg_id": 3033304,
    "start_x": -134.19895833296067,
    "start_y": 69.25090277744141,
    "islake": 0,
    "lakeId": 0,
    "RATEACV": 0.0,
    "RATEBCV": 0.0,
    "lake_Vol": 0.0
  }
}