{
  "data": {
    "BotElev": 459.0,
    "Length": 19889.07126685937,
    "OBJECTID": null,
    "PFAF": "338943",
    "PFAF_CODE": 338943000000.0,
    "PF_TYPE": 4,
    "Shape_Leng": 0.20333928432,
    "Slope": 0.000653625291275,
    "TopElev": 472.0,
    "Tosegment": 3035318,
    "end_x": -108.36041666659582,
    "end_y": 54.236250000437224,
    "flow_acc": 3481.54,
    "seg_id": 3033822,
    "start_x": -108.39541666634602,
    "start_y": 54.127916666720864,
    "islake": 0,
    "lakeId": 0,
    "RATEACV": 0.0,
    "RATEBCV": 0.0,
    "lake_Vol": 0.0
  }
}