{
  "data": {
    "BotElev": 10.0,
    "Length": 32607.890462270105,
    "OBJECTID": null,
    "PFAF": "315543",
    "PFAF_CODE": 315543000000.0,
    "PF_TYPE": 4,
    "Shape_Leng": 0.28639682519,
    "Slope": 0.001012024989417,
    "TopElev": 43.0,
    "Tosegment": 3034662,
    "end_x": -135.6654166666633,
    "end_y": 59.27541666666559,
    "flow_acc": 3543.61,
    "seg_id": 3033949,
    "start_x": -135.88708333332994,
    "start_y": 59.397916666665765,
    "islake": 0,
    "lakeId": 0,
    "RATEACV": 0.0,
    "RATEBCV": 0.0,
    "lake_Vol": 0.0
  }
}