{
  "data": {
    "BotElev": 541.0,
    "Length": 25994.89922212563,
    "OBJECTID": null,
    "PFAF": "3286271",
    "PFAF_CODE": 328627100000.0,
    "PF_TYPE": 4,
    "Shape_Leng": 0.29249368671,
    "Slope": 0.000961727136788,
    "TopElev": 566.0,
    "Tosegment": 3035852,
    "end_x": -111.10312500000015,
    "end_y": 55.70506944444446,
    "flow_acc": 3452.91,
    "seg_id": 3033769,
    "start_x": -111.35937500000011,
    "start_y": 55.700902777777856,
    "islake": 0,
    "lakeId": 0,
    "RATEACV": 0.0,
    "RATEBCV": 0.0,
    "lake_Vol": 0.0
  }
}