{
  "data": {
    "BotElev": 313.0,
    "Length": 43757.37900518719,
    "OBJECTID": null,
    "PFAF": "326691",
    "PFAF_CODE": 326691000000.0,
    "PF_TYPE": 3,
    "Shape_Leng": 0.51391925181,
    "Slope": 0.001028397975909,
    "TopElev": 358.0,
    "Tosegment": 3036630,
    "end_x": -108.40104166666674,
    "end_y": 62.53423611111117,
    "flow_acc": 3327.12,
    "seg_id": 3033565,
    "start_x": -107.95729166666683,
    "start_y": 62.41340277777789,
    "islake": 0,
    "lakeId": 0,
    "RATEACV": 0.0,
    "RATEBCV": 0.0,
    "lake_Vol": 0.0
  }
}