{
  "data": {
    "BotElev": 173.0,
    "Length": 71898.9651601211,
    "OBJECTID": null,
    "PFAF": "327873",
    "PFAF_CODE": 327873000000.0,
    "PF_TYPE": 3,
    "Shape_Leng": 0.78366973252,
    "Slope": 0.001154397699816,
    "TopElev": 256.0,
    "Tosegment": 3034565,
    "end_x": -112.57187500000015,
    "end_y": 60.07590277777774,
    "flow_acc": 3478.61,
    "seg_id": 3033812,
    "start_x": -112.79270833333345,
    "start_y": 59.76131944444444,
    "islake": 0,
    "lakeId": 0,
    "RATEACV": 0.0,
    "RATEBCV": 0.0,
    "lake_Vol": 0.0
  }
}