{
  "data": {
    "BotElev": 583.0,
    "Length": 106848.86653197792,
    "OBJECTID": null,
    "PFAF": "329447",
    "PFAF_CODE": 329447000000.0,
    "PF_TYPE": 4,
    "Shape_Leng": 0.9741414135,
    "Slope": 0.001488083169815,
    "TopElev": 742.0,
    "Tosegment": 3035114,
    "end_x": -118.00312500000013,
    "end_y": 54.955069444444405,
    "flow_acc": 3156.02,
    "seg_id": 3033233,
    "start_x": -117.73645833333342,
    "start_y": 54.555069444444484,
    "islake": 0,
    "lakeId": 0,
    "RATEACV": 0.0,
    "RATEBCV": 0.0,
    "lake_Vol": 0.0
  }
}