{
  "data": {
    "BotElev": 1090.0,
    "Length": 5705.745639101057,
    "OBJECTID": null,
    "PFAF": "3426953",
    "PFAF_CODE": 342695300000.0,
    "PF_TYPE": 3,
    "Shape_Leng": 0.05251016109,
    "Slope": 0.002628928968934,
    "TopElev": 1105.0,
    "Tosegment": 3034137,
    "end_x": -114.63625000000218,
    "end_y": 51.79541666666739,
    "flow_acc": 3226.39,
    "seg_id": 3033384,
    "start_x": -114.6537500000021,
    "start_y": 51.75458333333415,
    "islake": 0,
    "lakeId": 0,
    "RATEACV": 0.0,
    "RATEBCV": 0.0,
    "lake_Vol": 0.0
  }
}