{
  "data": {
    "BotElev": 4.0,
    "Length": 4604.687105676847,
    "OBJECTID": null,
    "PFAF": "3155921",
    "PFAF_CODE": 315592100000.0,
    "PF_TYPE": 5,
    "Shape_Leng": 0.04666561445,
    "Slope": 0.000651510065972,
    "TopElev": 7.0,
    "Tosegment": -9999,
    "end_x": -139.98645833333342,
    "end_y": 59.779027777777856,
    "flow_acc": 3208.24,
    "seg_id": 3033343,
    "start_x": -139.996875,
    "start_y": 59.81131944444451,
    "islake": 0,
    "lakeId": 0,
    "RATEACV": 0.0,
    "RATEBCV": 0.0,
    "lake_Vol": 0.0
  }
}