{
  "data": {
    "BotElev": 157.0,
    "Length": 16848.06351465892,
    "OBJECTID": null,
    "PFAF": "3269211",
    "PFAF_CODE": 326921100000.0,
    "PF_TYPE": 4,
    "Shape_Leng": 0.3,
    "Slope": 5.9354002264e-05,
    "TopElev": 158.0,
    "Tosegment": 3042004,
    "end_x": -109.55520833333344,
    "end_y": 62.74881944444451,
    "flow_acc": 3490.0,
    "seg_id": 3033839,
    "start_x": -109.25520833333343,
    "start_y": 62.74881944444451,
    "islake": 0,
    "lakeId": 0,
    "RATEACV": 0.0,
    "RATEBCV": 0.0,
    "lake_Vol": 0.0
  }
}