{
  "data": {
    "BotElev": 656.0,
    "Length": 85782.75906961707,
    "OBJECTID": null,
    "PFAF": "3299221",
    "PFAF_CODE": 329922100000.0,
    "PF_TYPE": 5,
    "Shape_Leng": 0.70233300218,
    "Slope": 0.001818547242965,
    "TopElev": 812.0,
    "Tosegment": 3039163,
    "end_x": -124.44479166666679,
    "end_y": 56.117569444444484,
    "flow_acc": 3332.17,
    "seg_id": 3033575,
    "start_x": -124.95104166666681,
    "start_y": 56.427986111111125,
    "islake": 0,
    "lakeId": 0,
    "RATEACV": 0.0,
    "RATEBCV": 0.0,
    "lake_Vol": 0.0
  }
}