{
  "data": {
    "BotElev": 725.0,
    "Length": 11109.904458054187,
    "OBJECTID": null,
    "PFAF": "3146251",
    "PFAF_CODE": 314625100000.0,
    "PF_TYPE": 4,
    "Shape_Leng": 0.09305753963,
    "Slope": 0.000450048874757,
    "TopElev": 730.0,
    "Tosegment": 3034127,
    "end_x": -122.98791666666665,
    "end_y": 54.18541666666698,
    "flow_acc": 3136.4,
    "seg_id": 3033198,
    "start_x": -123.05875000000009,
    "start_y": 54.21875000000017,
    "islake": 0,
    "lakeId": 0,
    "RATEACV": 0.0,
    "RATEBCV": 0.0,
    "lake_Vol": 0.0
  }
}