{
  "data": {
    "BotElev": 495.0,
    "Length": 3888.5613258142826,
    "OBJECTID": null,
    "PFAF": "325493",
    "PFAF_CODE": 325493000000.0,
    "PF_TYPE": 3,
    "Shape_Leng": 0.06187184335,
    "Slope": 0.0,
    "TopElev": 495.0,
    "Tosegment": 3034397,
    "end_x": -121.19062500000007,
    "end_y": 60.55506944444454,
    "flow_acc": 3196.88,
    "seg_id": 3033313,
    "start_x": -121.23437500000011,
    "start_y": 60.511319444444496,
    "islake": 0,
    "lakeId": 0,
    "RATEACV": 0.0,
    "RATEBCV": 0.0,
    "lake_Vol": 0.0
  }
}