{
  "data": {
    "BotElev": 782.0,
    "Length": 60175.16196082963,
    "OBJECTID": null,
    "PFAF": "31892991",
    "PFAF_CODE": 318929910000.0,
    "PF_TYPE": 4,
    "Shape_Leng": 0.54766083408,
    "Slope": -0.001346070328032,
    "TopElev": 701.0,
    "Tosegment": 3034451,
    "end_x": -138.940625,
    "end_y": 61.342569444444564,
    "flow_acc": 3080.47,
    "seg_id": 3033080,
    "start_x": -138.49479166666663,
    "start_y": 61.09673611111123,
    "islake": 0,
    "lakeId": 0,
    "RATEACV": 0.0,
    "RATEBCV": 0.0,
    "lake_Vol": 0.0
  }
}