{
  "data": {
    "BotElev": 314.0,
    "Length": 21564.927539367178,
    "OBJECTID": null,
    "PFAF": "333565",
    "PFAF_CODE": 333565000000.0,
    "PF_TYPE": 4,
    "Shape_Leng": 0.28117815004,
    "Slope": 0.000185486364037,
    "TopElev": 318.0,
    "Tosegment": 3035285,
    "end_x": -112.3531250004184,
    "end_y": 67.20090277794094,
    "flow_acc": 3040.94,
    "seg_id": 3033001,
    "start_x": -112.55312500001872,
    "start_y": 67.01965277785354,
    "islake": 0,
    "lakeId": 0,
    "RATEACV": 0.0,
    "RATEBCV": 0.0,
    "lake_Vol": 0.0
  }
}