{
  "data": {
    "BotElev": 825.0,
    "Length": 48484.365990127924,
    "OBJECTID": null,
    "PFAF": "3145843",
    "PFAF_CODE": 314584300000.0,
    "PF_TYPE": 5,
    "Shape_Leng": 0.38146620946,
    "Slope": 0.000763132594279,
    "TopElev": 862.0,
    "Tosegment": 3034805,
    "end_x": -123.57291666666652,
    "end_y": 53.0554166666671,
    "flow_acc": 3403.23,
    "seg_id": 3033689,
    "start_x": -123.5404166666666,
    "start_y": 52.805416666667156,
    "islake": 0,
    "lakeId": 0,
    "RATEACV": 0.0,
    "RATEBCV": 0.0,
    "lake_Vol": 0.0
  }
}