{
  "data": {
    "BotElev": 513.0,
    "Length": 4645.224274930539,
    "OBJECTID": null,
    "PFAF": "344999025",
    "PFAF_CODE": 344999025000.0,
    "PF_TYPE": 7,
    "Shape_Leng": 0.0648570226,
    "Slope": 0.0,
    "TopElev": 513.0,
    "Tosegment": 3035068,
    "end_x": -104.12291666667136,
    "end_y": 51.90625000000085,
    "flow_acc": 3061.73,
    "seg_id": 3033043,
    "start_x": -104.0587500000047,
    "start_y": 51.90458333333413,
    "islake": 0,
    "lakeId": 0,
    "RATEACV": 0.0,
    "RATEBCV": 0.0,
    "lake_Vol": 0.0
  }
}