{
  "data": {
    "BotElev": 1057.0,
    "Length": 28436.538282219874,
    "OBJECTID": null,
    "PFAF": "3289973",
    "PFAF_CODE": 328997300000.0,
    "PF_TYPE": 2,
    "Shape_Leng": 0.20032151861,
    "Slope": 0.001828633270475,
    "TopElev": 1109.0,
    "Tosegment": 3034575,
    "end_x": -118.07395833333345,
    "end_y": 52.85715277777791,
    "flow_acc": 3162.1,
    "seg_id": 3033250,
    "start_x": -117.953125,
    "start_y": 52.7342361111111,
    "islake": 0,
    "lakeId": 0,
    "RATEACV": 0.0,
    "RATEBCV": 0.0,
    "lake_Vol": 0.0
  }
}