{
  "data": {
    "BotElev": 156.0,
    "Length": 71227.93434580286,
    "OBJECTID": null,
    "PFAF": "322643",
    "PFAF_CODE": 322643000000.0,
    "PF_TYPE": 4,
    "Shape_Leng": 1.15192475324,
    "Slope": -1.403943564e-05,
    "TopElev": 155.0,
    "Tosegment": 3034524,
    "end_x": -124.39479166666672,
    "end_y": 66.29673611111122,
    "flow_acc": 3102.04,
    "seg_id": 3033124,
    "start_x": -123.31979166666673,
    "start_y": 66.45298611111122,
    "islake": 0,
    "lakeId": 0,
    "RATEACV": 0.0,
    "RATEBCV": 0.0,
    "lake_Vol": 0.0
  }
}