{
  "data": {
    "BotElev": 509.0,
    "Length": 100194.97940382415,
    "OBJECTID": null,
    "PFAF": "349941",
    "PFAF_CODE": 349941000000.0,
    "PF_TYPE": 4,
    "Shape_Leng": 0.85734613939,
    "Slope": 9.9805400026e-05,
    "TopElev": 519.0,
    "Tosegment": 3039501,
    "end_x": -105.28791666667121,
    "end_y": 50.567083333334494,
    "flow_acc": 3517.34,
    "seg_id": 3033894,
    "start_x": -106.01375000000422,
    "start_y": 50.8812500000011,
    "islake": 0,
    "lakeId": 0,
    "RATEACV": 0.0,
    "RATEBCV": 0.0,
    "lake_Vol": 0.0
  }
}