{
  "data": {
    "BotElev": 364.0,
    "Length": 15164.224119742374,
    "OBJECTID": null,
    "PFAF": "3284167",
    "PFAF_CODE": 328416700000.0,
    "PF_TYPE": 5,
    "Shape_Leng": 0.17121617955,
    "Slope": 0.000923225605837,
    "TopElev": 378.0,
    "Tosegment": 3035468,
    "end_x": -108.72187500000007,
    "end_y": 58.623819444444564,
    "flow_acc": 3309.28,
    "seg_id": 3033534,
    "start_x": -108.8072916666668,
    "start_y": 58.54673611111116,
    "islake": 0,
    "lakeId": 0,
    "RATEACV": 0.0,
    "RATEBCV": 0.0,
    "lake_Vol": 0.0
  }
}