{
  "data": {
    "BotElev": 487.0,
    "Length": 54658.01412512611,
    "OBJECTID": null,
    "PFAF": "3293653",
    "PFAF_CODE": 329365300000.0,
    "PF_TYPE": 4,
    "Shape_Leng": 0.55840954151,
    "Slope": 0.002030809237707,
    "TopElev": 598.0,
    "Tosegment": 3035908,
    "end_x": -117.75937500000003,
    "end_y": 56.890486111111215,
    "flow_acc": 4255.54,
    "seg_id": 3034940,
    "start_x": -118.17812500000008,
    "start_y": 56.907152777777924,
    "islake": 0,
    "lakeId": 0,
    "RATEACV": 0.0,
    "RATEBCV": 0.0,
    "lake_Vol": 0.0
  }
}