{
  "data": {
    "BotElev": 435.0,
    "Length": 2121.808583047722,
    "OBJECTID": null,
    "PFAF": "338583",
    "PFAF_CODE": 338583000000.0,
    "PF_TYPE": 4,
    "Shape_Leng": 0.01388071131,
    "Slope": 0.0,
    "TopElev": 435.0,
    "Tosegment": 3036678,
    "end_x": -107.49041666689561,
    "end_y": 56.4704166668958,
    "flow_acc": 4304.29,
    "seg_id": 3034992,
    "start_x": -107.4937499995628,
    "start_y": 56.48291666687078,
    "islake": 0,
    "lakeId": 0,
    "RATEACV": 0.0,
    "RATEBCV": 0.0,
    "lake_Vol": 0.0
  }
}