{
  "data": {
    "BotElev": 1015.0,
    "Length": 10021.05065603824,
    "OBJECTID": null,
    "PFAF": "3289971",
    "PFAF_CODE": 328997100000.0,
    "PF_TYPE": 2,
    "Shape_Leng": 0.09850889843,
    "Slope": 0.004191177296833,
    "TopElev": 1057.0,
    "Tosegment": 3035731,
    "end_x": -118.03854166666673,
    "end_y": 52.92381944444452,
    "flow_acc": 3946.0,
    "seg_id": 3034575,
    "start_x": -118.07395833333345,
    "start_y": 52.85715277777791,
    "islake": 0,
    "lakeId": 0,
    "RATEACV": 0.0,
    "RATEBCV": 0.0,
    "lake_Vol": 0.0
  }
}