{
  "data": {
    "BotElev": 454.0,
    "Length": 14568.21212614689,
    "OBJECTID": null,
    "PFAF": "338293",
    "PFAF_CODE": 338293000000.0,
    "PF_TYPE": 3,
    "Shape_Leng": 0.16027158489,
    "Slope": 0.0,
    "TopElev": 454.0,
    "Tosegment": 3035740,
    "end_x": -104.52458333295442,
    "end_y": 57.572083333279295,
    "flow_acc": 3634.47,
    "seg_id": 3034105,
    "start_x": -104.61958333330415,
    "start_y": 57.62374999996257,
    "islake": 0,
    "lakeId": 0,
    "RATEACV": 0.0,
    "RATEBCV": 0.0,
    "lake_Vol": 0.0
  }
}