{
  "data": {
    "BotElev": 570.0,
    "Length": 12601.860412432288,
    "OBJECTID": null,
    "PFAF": "3155661",
    "PFAF_CODE": 315566100000.0,
    "PF_TYPE": 5,
    "Shape_Leng": 0.12508673033,
    "Slope": 0.001110947077797,
    "TopElev": 584.0,
    "Tosegment": 3039095,
    "end_x": -137.8218750000001,
    "end_y": 60.63631944444455,
    "flow_acc": 4208.98,
    "seg_id": 3034888,
    "start_x": -137.93229166666669,
    "start_y": 60.66340277777789,
    "islake": 0,
    "lakeId": 0,
    "RATEACV": 0.0,
    "RATEBCV": 0.0,
    "lake_Vol": 0.0
  }
}