{
  "data": {
    "BotElev": 586.0,
    "Length": 7102.733252356716,
    "OBJECTID": null,
    "PFAF": "32464255",
    "PFAF_CODE": 324642550000.0,
    "PF_TYPE": 5,
    "Shape_Leng": 0.08133673033,
    "Slope": 0.003801353512895,
    "TopElev": 613.0,
    "Tosegment": 3035569,
    "end_x": -122.97395833333348,
    "end_y": 57.92173611111116,
    "flow_acc": 4179.21,
    "seg_id": 3034854,
    "start_x": -123.01145833333345,
    "start_y": 57.86131944444446,
    "islake": 0,
    "lakeId": 0,
    "RATEACV": 0.0,
    "RATEBCV": 0.0,
    "lake_Vol": 0.0
  }
}