{
  "data": {
    "BotElev": 486.0,
    "Length": 24417.727863256856,
    "OBJECTID": null,
    "PFAF": "33847",
    "PFAF_CODE": 338470000000.0,
    "PF_TYPE": 3,
    "Shape_Leng": 0.26555928298,
    "Slope": 0.0,
    "TopElev": 486.0,
    "Tosegment": 3035573,
    "end_x": -105.59458333315428,
    "end_y": 54.4329166664711,
    "flow_acc": 4094.67,
    "seg_id": 3034759,
    "start_x": -105.76291666657079,
    "start_y": 54.237083332929444,
    "islake": 0,
    "lakeId": 0,
    "RATEACV": 0.0,
    "RATEBCV": 0.0,
    "lake_Vol": 0.0
  }
}