{
  "data": {
    "BotElev": 328.0,
    "Length": 3494.42903959202,
    "OBJECTID": null,
    "PFAF": "3274761",
    "PFAF_CODE": 327476100000.0,
    "PF_TYPE": 5,
    "Shape_Leng": 0.05303300859,
    "Slope": 0.000572339566018,
    "TopElev": 330.0,
    "Tosegment": 3040437,
    "end_x": -118.60937500000011,
    "end_y": 58.79881944444446,
    "flow_acc": 4187.64,
    "seg_id": 3034864,
    "start_x": -118.64687500000014,
    "start_y": 58.761319444444496,
    "islake": 0,
    "lakeId": 0,
    "RATEACV": 0.0,
    "RATEBCV": 0.0,
    "lake_Vol": 0.0
  }
}