{
  "data": {
    "BotElev": 482.0,
    "Length": 8759.830694673956,
    "OBJECTID": null,
    "PFAF": "32846955",
    "PFAF_CODE": 328469550000.0,
    "PF_TYPE": 4,
    "Shape_Leng": 0.10886423749,
    "Slope": 0.0,
    "TopElev": 482.0,
    "Tosegment": 3034744,
    "end_x": -106.31354166666682,
    "end_y": 57.69048611111111,
    "flow_acc": 3606.17,
    "seg_id": 3034061,
    "start_x": -106.39479166666683,
    "start_y": 57.623819444444564,
    "islake": 0,
    "lakeId": 0,
    "RATEACV": 0.0,
    "RATEBCV": 0.0,
    "lake_Vol": 0.0
  }
}