{
  "data": {
    "BotElev": 549.0,
    "Length": 107927.64655300748,
    "OBJECTID": null,
    "PFAF": "342425",
    "PFAF_CODE": 342425000000.0,
    "PF_TYPE": 4,
    "Shape_Leng": 1.07049759433,
    "Slope": 0.000398415062066,
    "TopElev": 592.0,
    "Tosegment": 3035139,
    "end_x": -107.66791666667058,
    "end_y": 51.74375000000077,
    "flow_acc": 3695.66,
    "seg_id": 3034204,
    "start_x": -108.53375000000369,
    "start_y": 51.761250000000814,
    "islake": 0,
    "lakeId": 0,
    "RATEACV": 0.0,
    "RATEBCV": 0.0,
    "lake_Vol": 0.0
  }
}