{
  "data": {
    "BotElev": 996.0,
    "Length": 34535.110432293484,
    "OBJECTID": null,
    "PFAF": "3298973",
    "PFAF_CODE": 329897300000.0,
    "PF_TYPE": 3,
    "Shape_Leng": 0.4451079242,
    "Slope": 0.001853186487574,
    "TopElev": 1060.0,
    "Tosegment": 3035131,
    "end_x": -126.57604166666681,
    "end_y": 57.29048611111119,
    "flow_acc": 3936.57,
    "seg_id": 3034558,
    "start_x": -126.92187500000011,
    "start_y": 57.13006944444453,
    "islake": 0,
    "lakeId": 0,
    "RATEACV": 0.0,
    "RATEBCV": 0.0,
    "lake_Vol": 0.0
  }
}