{
  "data": {
    "BotElev": 810.0,
    "Length": 12411.961494214502,
    "OBJECTID": null,
    "PFAF": "3145841",
    "PFAF_CODE": 314584100000.0,
    "PF_TYPE": 5,
    "Shape_Leng": 0.09650931932,
    "Slope": 0.001208511644754,
    "TopElev": 825.0,
    "Tosegment": 3038547,
    "end_x": -123.57458333333324,
    "end_y": 53.127916666667204,
    "flow_acc": 4129.74,
    "seg_id": 3034805,
    "start_x": -123.57291666666652,
    "start_y": 53.0554166666671,
    "islake": 0,
    "lakeId": 0,
    "RATEACV": 0.0,
    "RATEBCV": 0.0,
    "lake_Vol": 0.0
  }
}