{
  "data": {
    "BotElev": 497.0,
    "Length": 7571.983620842333,
    "OBJECTID": null,
    "PFAF": "349921",
    "PFAF_CODE": 349921000000.0,
    "PF_TYPE": 4,
    "Shape_Leng": 0.05273689271,
    "Slope": 0.001188592111481,
    "TopElev": 506.0,
    "Tosegment": 3040399,
    "end_x": -104.90291666667122,
    "end_y": 50.644583333334424,
    "flow_acc": 3775.22,
    "seg_id": 3034313,
    "start_x": -104.9037500000046,
    "start_y": 50.59958333333452,
    "islake": 0,
    "lakeId": 0,
    "RATEACV": 0.0,
    "RATEBCV": 0.0,
    "lake_Vol": 0.0
  }
}