{
  "data": {
    "BotElev": 675.0,
    "Length": 24684.84871356187,
    "OBJECTID": null,
    "PFAF": "324845",
    "PFAF_CODE": 324845000000.0,
    "PF_TYPE": 4,
    "Shape_Leng": 0.32490274751,
    "Slope": 0.002025533985652,
    "TopElev": 725.0,
    "Tosegment": 3036390,
    "end_x": -127.83437500000002,
    "end_y": 58.7654861111111,
    "flow_acc": 3985.25,
    "seg_id": 3034621,
    "start_x": -128.0947916666667,
    "start_y": 58.65298611111109,
    "islake": 0,
    "lakeId": 0,
    "RATEACV": 0.0,
    "RATEBCV": 0.0,
    "lake_Vol": 0.0
  }
}