{
  "data": {
    "BotElev": 399.0,
    "Length": 7211.551642487458,
    "OBJECTID": null,
    "PFAF": "32764657",
    "PFAF_CODE": 327646570000.0,
    "PF_TYPE": 5,
    "Shape_Leng": 0.07112944922,
    "Slope": 0.0,
    "TopElev": 399.0,
    "Tosegment": 3034967,
    "end_x": -108.20729166666678,
    "end_y": 60.78631944444436,
    "flow_acc": 3591.88,
    "seg_id": 3034032,
    "start_x": -108.19062500000013,
    "start_y": 60.82381944444455,
    "islake": 0,
    "lakeId": 0,
    "RATEACV": 0.0,
    "RATEBCV": 0.0,
    "lake_Vol": 0.0
  }
}