{
  "data": {
    "BotElev": 655.0,
    "Length": 50200.242981899406,
    "OBJECTID": null,
    "PFAF": "329765",
    "PFAF_CODE": 329765000000.0,
    "PF_TYPE": 4,
    "Shape_Leng": 0.41457281118,
    "Slope": 0.001992022230571,
    "TopElev": 755.0,
    "Tosegment": 3036964,
    "end_x": -122.23229166666681,
    "end_y": 56.50298611111117,
    "flow_acc": 3842.3,
    "seg_id": 3034428,
    "start_x": -122.5281250000001,
    "start_y": 56.69048611111117,
    "islake": 0,
    "lakeId": 0,
    "RATEACV": 0.0,
    "RATEBCV": 0.0,
    "lake_Vol": 0.0
  }
}