{
  "data": {
    "BotElev": 1.0,
    "Length": 33133.27584768499,
    "OBJECTID": null,
    "PFAF": "315161",
    "PFAF_CODE": 315161000000.0,
    "PF_TYPE": 4,
    "Shape_Leng": 0.33236297483,
    "Slope": 0.002927570471628,
    "TopElev": 98.0,
    "Tosegment": -9999,
    "end_x": -126.7779166666657,
    "end_y": 52.38125000000082,
    "flow_acc": 5140.36,
    "seg_id": 3035928,
    "start_x": -126.49041666666585,
    "start_y": 52.41041666666757,
    "islake": 0,
    "lakeId": 0,
    "RATEACV": 0.0,
    "RATEBCV": 0.0,
    "lake_Vol": 0.0
  }
}