{
  "data": {
    "BotElev": 689.0,
    "Length": 75979.72433634412,
    "OBJECTID": null,
    "PFAF": "380841",
    "PFAF_CODE": 380841000000.0,
    "PF_TYPE": 4,
    "Shape_Leng": 0.78912530018,
    "Slope": 0.000329035150079,
    "TopElev": 714.0,
    "Tosegment": 3038790,
    "end_x": -106.48208333333099,
    "end_y": 49.93208333333121,
    "flow_acc": 4459.17,
    "seg_id": 3035193,
    "start_x": -107.14791666666429,
    "start_y": 49.9062499999979,
    "islake": 0,
    "lakeId": 0,
    "RATEACV": 0.0,
    "RATEBCV": 0.0,
    "lake_Vol": 0.0
  }
}