{
  "data": {
    "BotElev": 157.0,
    "Length": 462.12433398748834,
    "OBJECTID": null,
    "PFAF": "326853",
    "PFAF_CODE": 326853000000.0,
    "PF_TYPE": 3,
    "Shape_Leng": 0.00589255651,
    "Slope": 0.004327839615678,
    "TopElev": 159.0,
    "Tosegment": 3035638,
    "end_x": -110.58229166666683,
    "end_y": 62.9321527777779,
    "flow_acc": 4331.62,
    "seg_id": 3035026,
    "start_x": -110.57812500000011,
    "start_y": 62.93631944444451,
    "islake": 0,
    "lakeId": 0,
    "RATEACV": 0.0,
    "RATEBCV": 0.0,
    "lake_Vol": 0.0
  }
}