{
  "data": {
    "BotElev": 901.0,
    "Length": 24645.316865317112,
    "OBJECTID": null,
    "PFAF": "3289673",
    "PFAF_CODE": 328967300000.0,
    "PF_TYPE": 4,
    "Shape_Leng": 0.23056051575,
    "Slope": 0.001501299423424,
    "TopElev": 938.0,
    "Tosegment": 3036246,
    "end_x": -116.56562500000013,
    "end_y": 53.54881944444446,
    "flow_acc": 4783.0,
    "seg_id": 3035571,
    "start_x": -116.61354166666678,
    "start_y": 53.45923611111118,
    "islake": 0,
    "lakeId": 0,
    "RATEACV": 0.0,
    "RATEBCV": 0.0,
    "lake_Vol": 0.0
  }
}