{
  "data": {
    "BotElev": 105.0,
    "Length": 20940.29222416079,
    "OBJECTID": null,
    "PFAF": "322123",
    "PFAF_CODE": 322123000000.0,
    "PF_TYPE": 4,
    "Shape_Leng": 0.17913074179,
    "Slope": 4.7754825448e-05,
    "TopElev": 106.0,
    "Tosegment": 3036268,
    "end_x": -125.39062500000006,
    "end_y": 65.18215277777779,
    "flow_acc": 4622.79,
    "seg_id": 3035394,
    "start_x": -125.4947916666668,
    "start_y": 65.30715277777784,
    "islake": 0,
    "lakeId": 0,
    "RATEACV": 0.0,
    "RATEBCV": 0.0,
    "lake_Vol": 0.0
  }
}