{
  "data": {
    "BotElev": 592.0,
    "Length": 44594.56660944174,
    "OBJECTID": null,
    "PFAF": "315291",
    "PFAF_CODE": 315291000000.0,
    "PF_TYPE": 3,
    "Shape_Leng": 0.38876400889,
    "Slope": 0.001681819237237,
    "TopElev": 667.0,
    "Tosegment": 3037903,
    "end_x": -127.37208333333228,
    "end_y": 56.31791666666635,
    "flow_acc": 4581.67,
    "seg_id": 3035345,
    "start_x": -127.55791666666539,
    "start_y": 56.51541666666634,
    "islake": 0,
    "lakeId": 0,
    "RATEACV": 0.0,
    "RATEBCV": 0.0,
    "lake_Vol": 0.0
  }
}