{
  "data": {
    "BotElev": 438.0,
    "Length": 26571.944149860283,
    "OBJECTID": null,
    "PFAF": "323441",
    "PFAF_CODE": 323441000000.0,
    "PF_TYPE": 4,
    "Shape_Leng": 0.27582702004,
    "Slope": 0.004817110832316,
    "TopElev": 566.0,
    "Tosegment": 3039987,
    "end_x": -125.8239583333334,
    "end_y": 63.51131944444444,
    "flow_acc": 4905.34,
    "seg_id": 3035698,
    "start_x": -125.98854166666678,
    "start_y": 63.63215277777789,
    "islake": 0,
    "lakeId": 0,
    "RATEACV": 0.0,
    "RATEBCV": 0.0,
    "lake_Vol": 0.0
  }
}