{
  "data": {
    "BotElev": 449.0,
    "Length": 24498.77719952785,
    "OBJECTID": null,
    "PFAF": "3449791",
    "PFAF_CODE": 344979100000.0,
    "PF_TYPE": 2,
    "Shape_Leng": 0.24856601718,
    "Slope": 0.001061277458391,
    "TopElev": 475.0,
    "Tosegment": 3036066,
    "end_x": -103.2479166666717,
    "end_y": 52.72458333333384,
    "flow_acc": 4351.9,
    "seg_id": 3035051,
    "start_x": -103.3845833333383,
    "start_y": 52.64708333333391,
    "islake": 0,
    "lakeId": 0,
    "RATEACV": 0.0,
    "RATEBCV": 0.0,
    "lake_Vol": 0.0
  }
}