{
  "data": {
    "BotElev": 306.0,
    "Length": 6798.1244648737975,
    "OBJECTID": null,
    "PFAF": "329325",
    "PFAF_CODE": 329325000000.0,
    "PF_TYPE": 4,
    "Shape_Leng": 0.08306262018,
    "Slope": 0.000147099395601,
    "TopElev": 307.0,
    "Tosegment": 3037490,
    "end_x": -116.84895833333343,
    "end_y": 58.42381944444446,
    "flow_acc": 4777.44,
    "seg_id": 3035565,
    "start_x": -116.90729166666677,
    "start_y": 58.388402777777856,
    "islake": 0,
    "lakeId": 0,
    "RATEACV": 0.0,
    "RATEBCV": 0.0,
    "lake_Vol": 0.0
  }
}