{
  "data": {
    "BotElev": 362.0,
    "Length": 37229.44922524275,
    "OBJECTID": null,
    "PFAF": "3364671",
    "PFAF_CODE": 336467100000.0,
    "PF_TYPE": 4,
    "Shape_Leng": 0.53555420333,
    "Slope": 2.6860456461e-05,
    "TopElev": 363.0,
    "Tosegment": 3036754,
    "end_x": -104.23229166652709,
    "end_y": 61.40506944479904,
    "flow_acc": 4731.05,
    "seg_id": 3035516,
    "start_x": -104.69062500044339,
    "start_y": 61.23631944468667,
    "islake": 0,
    "lakeId": 0,
    "RATEACV": 0.0,
    "RATEBCV": 0.0,
    "lake_Vol": 0.0
  }
}