{
  "data": {
    "BotElev": 354.0,
    "Length": 102574.9575306461,
    "OBJECTID": null,
    "PFAF": "327481",
    "PFAF_CODE": 327481000000.0,
    "PF_TYPE": 4,
    "Shape_Leng": 1.14750225399,
    "Slope": 0.000750670552089,
    "TopElev": 431.0,
    "Tosegment": 3039094,
    "end_x": -120.16354166666679,
    "end_y": 58.73423611111116,
    "flow_acc": 4384.68,
    "seg_id": 3035099,
    "start_x": -120.03854166666679,
    "start_y": 58.37590277777781,
    "islake": 0,
    "lakeId": 0,
    "RATEACV": 0.0,
    "RATEBCV": 0.0,
    "lake_Vol": 0.0
  }
}