{
  "data": {
    "BotElev": 480.0,
    "Length": 51655.644194408815,
    "OBJECTID": null,
    "PFAF": "324697",
    "PFAF_CODE": 324697000000.0,
    "PF_TYPE": 3,
    "Shape_Leng": 0.45668365167,
    "Slope": 0.002419871089586,
    "TopElev": 605.0,
    "Tosegment": 3036714,
    "end_x": -122.19062500000007,
    "end_y": 57.77590277777779,
    "flow_acc": 4755.99,
    "seg_id": 3035541,
    "start_x": -122.1197916666668,
    "start_y": 57.4821527777778,
    "islake": 0,
    "lakeId": 0,
    "RATEACV": 0.0,
    "RATEBCV": 0.0,
    "lake_Vol": 0.0
  }
}