{
  "data": {
    "BotElev": 893.0,
    "Length": 5567.671197171944,
    "OBJECTID": null,
    "PFAF": "329467",
    "PFAF_CODE": 329467000000.0,
    "PF_TYPE": 4,
    "Shape_Leng": 0.073003397,
    "Slope": 0.002873732918734,
    "TopElev": 909.0,
    "Tosegment": 3037224,
    "end_x": -119.00520833333343,
    "end_y": 54.06131944444445,
    "flow_acc": 4966.86,
    "seg_id": 3035758,
    "start_x": -119.0572916666668,
    "start_y": 54.01965277777782,
    "islake": 0,
    "lakeId": 0,
    "RATEACV": 0.0,
    "RATEBCV": 0.0,
    "lake_Vol": 0.0
  }
}