{
  "data": {
    "BotElev": 886.0,
    "Length": 33207.37275600585,
    "OBJECTID": null,
    "PFAF": "38994935",
    "PFAF_CODE": 389949350000.0,
    "PF_TYPE": 4,
    "Shape_Leng": 0.35221999744,
    "Slope": 0.000692617274152,
    "TopElev": 909.0,
    "Tosegment": 3037464,
    "end_x": -111.3787499999973,
    "end_y": 49.120416666664596,
    "flow_acc": 4999.5,
    "seg_id": 3035792,
    "start_x": -111.64791666666395,
    "start_y": 49.077083333331245,
    "islake": 0,
    "lakeId": 0,
    "RATEACV": 0.0,
    "RATEBCV": 0.0,
    "lake_Vol": 0.0
  }
}