{
  "data": {
    "BotElev": 979.0,
    "Length": 15314.299274077925,
    "OBJECTID": null,
    "PFAF": "3298971",
    "PFAF_CODE": 329897100000.0,
    "PF_TYPE": 3,
    "Shape_Leng": 0.14535323463,
    "Slope": 0.001110073643969,
    "TopElev": 996.0,
    "Tosegment": 3036708,
    "end_x": -126.54895833333342,
    "end_y": 57.39881944444454,
    "flow_acc": 4412.09,
    "seg_id": 3035131,
    "start_x": -126.57604166666681,
    "start_y": 57.29048611111119,
    "islake": 0,
    "lakeId": 0,
    "RATEACV": 0.0,
    "RATEBCV": 0.0,
    "lake_Vol": 0.0
  }
}