{
  "data": {
    "BotElev": 546.0,
    "Length": 38380.826748641004,
    "OBJECTID": null,
    "PFAF": "3287831",
    "PFAF_CODE": 328783100000.0,
    "PF_TYPE": 4,
    "Shape_Leng": 0.44802879973,
    "Slope": 0.0,
    "TopElev": 546.0,
    "Tosegment": 3037193,
    "end_x": -112.67812500000014,
    "end_y": 54.97173611111111,
    "flow_acc": 5198.02,
    "seg_id": 3035984,
    "start_x": -112.28645833333343,
    "start_y": 54.98840277777782,
    "islake": 0,
    "lakeId": 0,
    "RATEACV": 0.0,
    "RATEBCV": 0.0,
    "lake_Vol": 0.0
  }
}