{
  "data": {
    "BotElev": 661.0,
    "Length": 33489.24882735293,
    "OBJECTID": null,
    "PFAF": "329693",
    "PFAF_CODE": 329693000000.0,
    "PF_TYPE": 3,
    "Shape_Leng": 0.29594546639,
    "Slope": 0.000746508233997,
    "TopElev": 686.0,
    "Tosegment": 3035981,
    "end_x": -120.93854166666665,
    "end_y": 57.03215277777781,
    "flow_acc": 4338.48,
    "seg_id": 3035037,
    "start_x": -121.17187500000011,
    "start_y": 57.134236111111136,
    "islake": 0,
    "lakeId": 0,
    "RATEACV": 0.0,
    "RATEBCV": 0.0,
    "lake_Vol": 0.0
  }
}