{
  "data": {
    "BotElev": 757.0,
    "Length": 72521.67308165845,
    "OBJECTID": null,
    "PFAF": "3299271",
    "PFAF_CODE": 329927100000.0,
    "PF_TYPE": 4,
    "Shape_Leng": 0.78388964022,
    "Slope": 0.000234412683514,
    "TopElev": 774.0,
    "Tosegment": 3036554,
    "end_x": -124.68020833333344,
    "end_y": 55.78631944444447,
    "flow_acc": 4542.57,
    "seg_id": 3035302,
    "start_x": -125.39687500000008,
    "start_y": 55.75298611111111,
    "islake": 0,
    "lakeId": 0,
    "RATEACV": 0.0,
    "RATEBCV": 0.0,
    "lake_Vol": 0.0
  }
}