{
  "data": {
    "BotElev": 625.0,
    "Length": 91946.44640276674,
    "OBJECTID": null,
    "PFAF": "3188661",
    "PFAF_CODE": 318866100000.0,
    "PF_TYPE": 5,
    "Shape_Leng": 1.03331228903,
    "Slope": 0.00071780914415,
    "TopElev": 691.0,
    "Tosegment": 3038605,
    "end_x": -133.88645833333334,
    "end_y": 63.952986111111386,
    "flow_acc": 4898.82,
    "seg_id": 3035690,
    "start_x": -134.6427083333333,
    "start_y": 64.25506944444442,
    "islake": 0,
    "lakeId": 0,
    "RATEACV": 0.0,
    "RATEBCV": 0.0,
    "lake_Vol": 0.0
  }
}