{
  "data": {
    "BotElev": 411.0,
    "Length": 142292.7702537286,
    "OBJECTID": null,
    "PFAF": "314283",
    "PFAF_CODE": 314283000000.0,
    "PF_TYPE": 4,
    "Shape_Leng": 1.31319558604,
    "Slope": 0.001925607320115,
    "TopElev": 685.0,
    "Tosegment": 3036222,
    "end_x": -119.96791666666746,
    "end_y": 51.626250000000994,
    "flow_acc": 4613.87,
    "seg_id": 3035381,
    "start_x": -119.29708333333423,
    "start_y": 52.10875000000101,
    "islake": 0,
    "lakeId": 0,
    "RATEACV": 0.0,
    "RATEBCV": 0.0,
    "lake_Vol": 0.0
  }
}