{
  "data": {
    "BotElev": 364.0,
    "Length": 23150.887135095996,
    "OBJECTID": null,
    "PFAF": "333327",
    "PFAF_CODE": 333327000000.0,
    "PF_TYPE": 4,
    "Shape_Leng": 0.37064935071,
    "Slope": 0.001166262002939,
    "TopElev": 391.0,
    "Tosegment": 3037915,
    "end_x": -121.99687499958151,
    "end_y": 68.3300694444493,
    "flow_acc": 4656.06,
    "seg_id": 3035440,
    "start_x": -121.65729166677693,
    "start_y": 68.35090277744138,
    "islake": 0,
    "lakeId": 0,
    "RATEACV": 0.0,
    "RATEBCV": 0.0,
    "lake_Vol": 0.0
  }
}