{
  "data": {
    "BotElev": 121.0,
    "Length": 20164.544054311955,
    "OBJECTID": null,
    "PFAF": "32521",
    "PFAF_CODE": 325210000000.0,
    "PF_TYPE": 3,
    "Shape_Leng": 0.22761423749,
    "Slope": 0.001983679863639,
    "TopElev": 161.0,
    "Tosegment": 3045245,
    "end_x": -120.72812500000009,
    "end_y": 61.78215277777775,
    "flow_acc": 4453.58,
    "seg_id": 3035186,
    "start_x": -120.54479166666681,
    "start_y": 61.76965277777788,
    "islake": 0,
    "lakeId": 0,
    "RATEACV": 0.0,
    "RATEBCV": 0.0,
    "lake_Vol": 0.0
  }
}