{
  "data": {
    "BotElev": 537.0,
    "Length": 37490.8323284004,
    "OBJECTID": null,
    "PFAF": "349971",
    "PFAF_CODE": 349971000000.0,
    "PF_TYPE": 1,
    "Shape_Leng": 0.30887229415,
    "Slope": 0.000533463749879,
    "TopElev": 557.0,
    "Tosegment": 3038321,
    "end_x": -105.52125000000439,
    "end_y": 50.389583333334485,
    "flow_acc": 5215.71,
    "seg_id": 3035999,
    "start_x": -105.38291666667118,
    "start_y": 50.24708333333456,
    "islake": 0,
    "lakeId": 0,
    "RATEACV": 0.0,
    "RATEBCV": 0.0,
    "lake_Vol": 0.0
  }
}