{
  "data": {
    "BotElev": 260.0,
    "Length": 20527.63815910596,
    "OBJECTID": null,
    "PFAF": "31556233",
    "PFAF_CODE": 315562330000.0,
    "PF_TYPE": 5,
    "Shape_Leng": 0.27302879973,
    "Slope": 0.002776744190355,
    "TopElev": 317.0,
    "Tosegment": 3036444,
    "end_x": -137.40312500000005,
    "end_y": 59.49673611111103,
    "flow_acc": 5054.87,
    "seg_id": 3035843,
    "start_x": -137.20729166666678,
    "start_y": 59.617569444444484,
    "islake": 0,
    "lakeId": 0,
    "RATEACV": 0.0,
    "RATEBCV": 0.0,
    "lake_Vol": 0.0
  }
}