{
  "data": {
    "BotElev": 792.0,
    "Length": 34663.37490274463,
    "OBJECTID": null,
    "PFAF": "3249873",
    "PFAF_CODE": 324987300000.0,
    "PF_TYPE": 4,
    "Shape_Leng": 0.34005290988,
    "Slope": 0.000576977863699,
    "TopElev": 812.0,
    "Tosegment": 3035958,
    "end_x": -130.25729166666673,
    "end_y": 60.73631944444452,
    "flow_acc": 4751.38,
    "seg_id": 3035529,
    "start_x": -130.55937500000005,
    "start_y": 60.827986111111215,
    "islake": 0,
    "lakeId": 0,
    "RATEACV": 0.0,
    "RATEBCV": 0.0,
    "lake_Vol": 0.0
  }
}