{
  "data": {
    "BotElev": 581.0,
    "Length": 21653.986936815178,
    "OBJECTID": null,
    "PFAF": "31259473",
    "PFAF_CODE": 312594730000.0,
    "PF_TYPE": 5,
    "Shape_Leng": 0.17459138999,
    "Slope": 0.000877436568861,
    "TopElev": 600.0,
    "Tosegment": 3035910,
    "end_x": -118.85708333333446,
    "end_y": 49.01791666666827,
    "flow_acc": 4762.27,
    "seg_id": 3035549,
    "start_x": -118.99875000000094,
    "start_y": 49.05875000000174,
    "islake": 0,
    "lakeId": 0,
    "RATEACV": 0.0,
    "RATEBCV": 0.0,
    "lake_Vol": 0.0
  }
}