{
  "data": {
    "BotElev": 156.0,
    "Length": 28688.856219831985,
    "OBJECTID": null,
    "PFAF": "3262621",
    "PFAF_CODE": 326262100000.0,
    "PF_TYPE": 5,
    "Shape_Leng": 0.38713203436,
    "Slope": 0.000522851098875,
    "TopElev": 171.0,
    "Tosegment": 3041367,
    "end_x": -115.76979166666683,
    "end_y": 63.017569444444575,
    "flow_acc": 5159.63,
    "seg_id": 3035947,
    "start_x": -115.44479166666679,
    "start_y": 63.10506944444444,
    "islake": 0,
    "lakeId": 0,
    "RATEACV": 0.0,
    "RATEBCV": 0.0,
    "lake_Vol": 0.0
  }
}