{
  "data": {
    "BotElev": 329.0,
    "Length": 19244.30765641019,
    "OBJECTID": null,
    "PFAF": "3262975",
    "PFAF_CODE": 326297500000.0,
    "PF_TYPE": 3,
    "Shape_Leng": 0.22451990129,
    "Slope": 0.0,
    "TopElev": 329.0,
    "Tosegment": 3036149,
    "end_x": -118.73020833333345,
    "end_y": 63.944652777777776,
    "flow_acc": 4933.83,
    "seg_id": 3035724,
    "start_x": -118.93229166666674,
    "start_y": 63.99881944444445,
    "islake": 0,
    "lakeId": 0,
    "RATEACV": 0.0,
    "RATEBCV": 0.0,
    "lake_Vol": 0.0
  }
}