{
  "data": {
    "BotElev": 692.0,
    "Length": 39896.60037522204,
    "OBJECTID": null,
    "PFAF": "3299933",
    "PFAF_CODE": 329993300000.0,
    "PF_TYPE": 1,
    "Shape_Leng": 0.30243025467,
    "Slope": 0.000501295845057,
    "TopElev": 712.0,
    "Tosegment": 3035757,
    "end_x": -122.89687500000014,
    "end_y": 55.07173611111125,
    "flow_acc": 4671.08,
    "seg_id": 3035458,
    "start_x": -122.68854166666677,
    "start_y": 54.91548611111119,
    "islake": 0,
    "lakeId": 0,
    "RATEACV": 0.0,
    "RATEBCV": 0.0,
    "lake_Vol": 0.0
  }
}