{
  "data": {
    "BotElev": 139.0,
    "Length": 10358.212222270198,
    "OBJECTID": null,
    "PFAF": "3219453",
    "PFAF_CODE": 321945300000.0,
    "PF_TYPE": 4,
    "Shape_Leng": 0.1026755651,
    "Slope": 0.001641209856992,
    "TopElev": 156.0,
    "Tosegment": 3036461,
    "end_x": -127.39895833333344,
    "end_y": 65.08423611111107,
    "flow_acc": 5276.83,
    "seg_id": 3036051,
    "start_x": -127.31770833333343,
    "start_y": 65.03840277777783,
    "islake": 0,
    "lakeId": 0,
    "RATEACV": 0.0,
    "RATEBCV": 0.0,
    "lake_Vol": 0.0
  }
}