{
  "data": {
    "BotElev": 659.0,
    "Length": 28479.062611891437,
    "OBJECTID": null,
    "PFAF": "329991",
    "PFAF_CODE": 329991000000.0,
    "PF_TYPE": 1,
    "Shape_Leng": 0.26059012733,
    "Slope": 0.000912951397113,
    "TopElev": 685.0,
    "Tosegment": 3038592,
    "end_x": -123.13854166666675,
    "end_y": 55.18006944444443,
    "flow_acc": 5673.39,
    "seg_id": 3036385,
    "start_x": -122.95729166666678,
    "start_y": 55.10090277777783,
    "islake": 0,
    "lakeId": 0,
    "RATEACV": 0.0,
    "RATEBCV": 0.0,
    "lake_Vol": 0.0
  }
}