{
  "data": {
    "BotElev": 689.0,
    "Length": 18404.150925514983,
    "OBJECTID": null,
    "PFAF": "380851",
    "PFAF_CODE": 380851000000.0,
    "PF_TYPE": 3,
    "Shape_Leng": 0.15654401145,
    "Slope": 0.000434684546567,
    "TopElev": 697.0,
    "Tosegment": 3038790,
    "end_x": -106.48208333333099,
    "end_y": 49.93208333333121,
    "flow_acc": 5841.88,
    "seg_id": 3036518,
    "start_x": -106.50541666666436,
    "start_y": 49.84624999999801,
    "islake": 0,
    "lakeId": 0,
    "RATEACV": 0.0,
    "RATEBCV": 0.0,
    "lake_Vol": 0.0
  }
}