{
  "data": {
    "BotElev": 362.0,
    "Length": 6413.559427421581,
    "OBJECTID": null,
    "PFAF": "3364911",
    "PFAF_CODE": 336491100000.0,
    "PF_TYPE": 3,
    "Shape_Leng": 0.11666666673,
    "Slope": -0.000155919659172,
    "TopElev": 361.0,
    "Tosegment": 3038515,
    "end_x": -104.14270833322297,
    "end_y": 60.70715277787849,
    "flow_acc": 5658.39,
    "seg_id": 3036373,
    "start_x": -104.25937499995626,
    "start_y": 60.70715277787849,
    "islake": 0,
    "lakeId": 0,
    "RATEACV": 0.0,
    "RATEBCV": 0.0,
    "lake_Vol": 0.0
  }
}