{
  "data": {
    "BotElev": 817.0,
    "Length": 17505.381996780965,
    "OBJECTID": null,
    "PFAF": "31892657",
    "PFAF_CODE": 318926570000.0,
    "PF_TYPE": 5,
    "Shape_Leng": 0.19892766953,
    "Slope": 0.001485257505651,
    "TopElev": 843.0,
    "Tosegment": 3036925,
    "end_x": -138.0135416666668,
    "end_y": 61.9092361111114,
    "flow_acc": 5783.1,
    "seg_id": 3036472,
    "start_x": -137.8197916666668,
    "start_y": 61.90090277777796,
    "islake": 0,
    "lakeId": 0,
    "RATEACV": 0.0,
    "RATEBCV": 0.0,
    "lake_Vol": 0.0
  }
}