{
  "data": {
    "BotElev": 444.0,
    "Length": 15150.322782720743,
    "OBJECTID": null,
    "PFAF": "3292413",
    "PFAF_CODE": 329241300000.0,
    "PF_TYPE": 4,
    "Shape_Leng": 0.1557699013,
    "Slope": 0.001782140247916,
    "TopElev": 471.0,
    "Tosegment": 3037182,
    "end_x": -115.08229166666683,
    "end_y": 57.063402777777924,
    "flow_acc": 6079.64,
    "seg_id": 3036698,
    "start_x": -115.14895833333333,
    "start_y": 56.99256944444437,
    "islake": 0,
    "lakeId": 0,
    "RATEACV": 0.0,
    "RATEBCV": 0.0,
    "lake_Vol": 0.0
  }
}