{
  "data": {
    "BotElev": 219.0,
    "Length": 51842.9305286318,
    "OBJECTID": null,
    "PFAF": "328561",
    "PFAF_CODE": 328561000000.0,
    "PF_TYPE": 4,
    "Shape_Leng": 0.45480970389,
    "Slope": 0.000694405189539,
    "TopElev": 255.0,
    "Tosegment": 3044261,
    "end_x": -111.36562500000008,
    "end_y": 57.79048611111125,
    "flow_acc": 6355.17,
    "seg_id": 3036900,
    "start_x": -111.0885416666668,
    "start_y": 57.58423611111118,
    "islake": 0,
    "lakeId": 0,
    "RATEACV": 0.0,
    "RATEBCV": 0.0,
    "lake_Vol": 0.0
  }
}