{
  "data": {
    "BotElev": 394.0,
    "Length": 60096.4705598874,
    "OBJECTID": null,
    "PFAF": "32464251",
    "PFAF_CODE": 324642510000.0,
    "PF_TYPE": 5,
    "Shape_Leng": 0.5185300923,
    "Slope": 0.001813750441324,
    "TopElev": 503.0,
    "Tosegment": 3037521,
    "end_x": -122.90937500000013,
    "end_y": 58.33631944444443,
    "flow_acc": 6110.87,
    "seg_id": 3036721,
    "start_x": -122.74479166666674,
    "start_y": 58.04256944444444,
    "islake": 0,
    "lakeId": 0,
    "RATEACV": 0.0,
    "RATEBCV": 0.0,
    "lake_Vol": 0.0
  }
}