{
  "data": {
    "BotElev": 0.0,
    "Length": 44998.61344417214,
    "OBJECTID": null,
    "PFAF": "33143",
    "PFAF_CODE": 331430000000.0,
    "PF_TYPE": 3,
    "Shape_Leng": 0.71680420151,
    "Slope": 0.00020000616266,
    "TopElev": 9.0,
    "Tosegment": 3037658,
    "end_x": -132.87604166638977,
    "end_y": 69.0404861113451,
    "flow_acc": 5960.46,
    "seg_id": 3036610,
    "start_x": -133.405208333198,
    "start_y": 68.85298611082055,
    "islake": 0,
    "lakeId": 0,
    "RATEACV": 0.0,
    "RATEBCV": 0.0,
    "lake_Vol": 0.0
  }
}