{
  "data": {
    "BotElev": 210.0,
    "Length": 27627.196402734615,
    "OBJECTID": null,
    "PFAF": "32841613",
    "PFAF_CODE": 328416130000.0,
    "PF_TYPE": 5,
    "Shape_Leng": 0.23258252147,
    "Slope": 0.001701222205643,
    "TopElev": 257.0,
    "Tosegment": 3037235,
    "end_x": -109.29062500000009,
    "end_y": 59.12798611111123,
    "flow_acc": 6477.35,
    "seg_id": 3036978,
    "start_x": -109.16354166666673,
    "start_y": 58.99673611111115,
    "islake": 0,
    "lakeId": 0,
    "RATEACV": 0.0,
    "RATEBCV": 0.0,
    "lake_Vol": 0.0
  }
}