{
  "data": {
    "BotElev": 110.0,
    "Length": 1888.201665812986,
    "OBJECTID": null,
    "PFAF": "336583",
    "PFAF_CODE": 336583000000.0,
    "PF_TYPE": 4,
    "Shape_Leng": 0.01249999998,
    "Slope": 0.0,
    "TopElev": 110.0,
    "Tosegment": 3037098,
    "end_x": -102.55729166627737,
    "end_y": 64.13215277732888,
    "flow_acc": 6177.96,
    "seg_id": 3036772,
    "start_x": -102.55729166627737,
    "start_y": 64.11965277735385,
    "islake": 0,
    "lakeId": 0,
    "RATEACV": 0.0,
    "RATEBCV": 0.0,
    "lake_Vol": 0.0
  }
}