{
  "data": {
    "BotElev": 1.0,
    "Length": 22090.235607388124,
    "OBJECTID": null,
    "PFAF": "33181",
    "PFAF_CODE": 331810000000.0,
    "PF_TYPE": 3,
    "Shape_Leng": 0.28204635474,
    "Slope": 0.000633764177477,
    "TopElev": 15.0,
    "Tosegment": -9999,
    "end_x": -130.95416666685816,
    "end_y": 69.11756944467425,
    "flow_acc": 5837.05,
    "seg_id": 3036512,
    "start_x": -130.93020833364767,
    "start_y": 68.96340277801596,
    "islake": 0,
    "lakeId": 0,
    "RATEACV": 0.0,
    "RATEBCV": 0.0,
    "lake_Vol": 0.0
  }
}