{
  "data": {
    "BotElev": 401.0,
    "Length": 13875.844725133473,
    "OBJECTID": null,
    "PFAF": "314281",
    "PFAF_CODE": 314281000000.0,
    "PF_TYPE": 4,
    "Shape_Leng": 0.12990187583,
    "Slope": 0.000720676845128,
    "TopElev": 411.0,
    "Tosegment": 3040189,
    "end_x": -120.07875000000064,
    "end_y": 51.63375000000087,
    "flow_acc": 5465.73,
    "seg_id": 3036222,
    "start_x": -119.96791666666746,
    "start_y": 51.626250000000994,
    "islake": 0,
    "lakeId": 0,
    "RATEACV": 0.0,
    "RATEBCV": 0.0,
    "lake_Vol": 0.0
  }
}