{
  "data": {
    "BotElev": 513.0,
    "Length": 68810.25057538679,
    "OBJECTID": null,
    "PFAF": "3212473",
    "PFAF_CODE": 321247300000.0,
    "PF_TYPE": 4,
    "Shape_Leng": 0.75706649789,
    "Slope": 0.001337010099959,
    "TopElev": 605.0,
    "Tosegment": 3036809,
    "end_x": -134.31562500000007,
    "end_y": 65.13423611111114,
    "flow_acc": 5951.14,
    "seg_id": 3036603,
    "start_x": -133.73645833333342,
    "start_y": 64.86131944444446,
    "islake": 0,
    "lakeId": 0,
    "RATEACV": 0.0,
    "RATEBCV": 0.0,
    "lake_Vol": 0.0
  }
}