{
  "data": {
    "BotElev": 303.0,
    "Length": 12564.855714129792,
    "OBJECTID": null,
    "PFAF": "326679",
    "PFAF_CODE": 326679000000.0,
    "PF_TYPE": 3,
    "Shape_Leng": 0.19139595351,
    "Slope": 0.000795870659203,
    "TopElev": 313.0,
    "Tosegment": 3037061,
    "end_x": -108.57604166666675,
    "end_y": 62.50715277777783,
    "flow_acc": 5990.57,
    "seg_id": 3036630,
    "start_x": -108.40104166666674,
    "start_y": 62.53423611111117,
    "islake": 0,
    "lakeId": 0,
    "RATEACV": 0.0,
    "RATEBCV": 0.0,
    "lake_Vol": 0.0
  }
}