{
  "data": {
    "BotElev": 330.0,
    "Length": 62216.20265412489,
    "OBJECTID": null,
    "PFAF": "3186963",
    "PFAF_CODE": 318696300000.0,
    "PF_TYPE": 5,
    "Shape_Leng": 0.69105339059,
    "Slope": 0.000980451994782,
    "TopElev": 391.0,
    "Tosegment": 3037265,
    "end_x": -138.39062500000006,
    "end_y": 66.39673611111112,
    "flow_acc": 5583.84,
    "seg_id": 3036308,
    "start_x": -137.94479166666667,
    "start_y": 66.07173611111119,
    "islake": 0,
    "lakeId": 0,
    "RATEACV": 0.0,
    "RATEBCV": 0.0,
    "lake_Vol": 0.0
  }
}