{
  "data": {
    "BotElev": 397.0,
    "Length": 5230.481408914749,
    "OBJECTID": null,
    "PFAF": "3334931",
    "PFAF_CODE": 333493100000.0,
    "PF_TYPE": 3,
    "Shape_Leng": 0.09095177912,
    "Slope": 0.000191186990608,
    "TopElev": 398.0,
    "Tosegment": 3037032,
    "end_x": -111.94270833292313,
    "end_y": 64.6154861111952,
    "flow_acc": 5406.94,
    "seg_id": 3036165,
    "start_x": -111.85520833309806,
    "start_y": 64.62381944421207,
    "islake": 0,
    "lakeId": 0,
    "RATEACV": 0.0,
    "RATEBCV": 0.0,
    "lake_Vol": 0.0
  }
}