{
  "data": {
    "BotElev": 303.0,
    "Length": 135413.88380870468,
    "OBJECTID": null,
    "PFAF": "336651",
    "PFAF_CODE": 336651000000.0,
    "PF_TYPE": 3,
    "Shape_Leng": 1.67981405804,
    "Slope": 0.000450470795788,
    "TopElev": 364.0,
    "Tosegment": 3037808,
    "end_x": -105.15104166693936,
    "end_y": 63.66965277735386,
    "flow_acc": 6158.67,
    "seg_id": 3036756,
    "start_x": -106.47187500003122,
    "start_y": 63.74256944462422,
    "islake": 0,
    "lakeId": 0,
    "RATEACV": 0.0,
    "RATEBCV": 0.0,
    "lake_Vol": 0.0
  }
}