{
  "data": {
    "BotElev": 232.0,
    "Length": 23743.487639341143,
    "OBJECTID": null,
    "PFAF": "328581",
    "PFAF_CODE": 328581000000.0,
    "PF_TYPE": 4,
    "Shape_Leng": 0.21109562877,
    "Slope": 0.001726789283141,
    "TopElev": 273.0,
    "Tosegment": 3044187,
    "end_x": -111.62604166666677,
    "end_y": 57.18840277777781,
    "flow_acc": 5708.11,
    "seg_id": 3036406,
    "start_x": -111.74895833333335,
    "start_y": 57.17173611111116,
    "islake": 0,
    "lakeId": 0,
    "RATEACV": 0.0,
    "RATEBCV": 0.0,
    "lake_Vol": 0.0
  }
}