{
  "data": {
    "BotElev": 700.0,
    "Length": 36711.27541094861,
    "OBJECTID": null,
    "PFAF": "3189851",
    "PFAF_CODE": 318985100000.0,
    "PF_TYPE": 4,
    "Shape_Leng": 0.4029357561,
    "Slope": 0.001552656489374,
    "TopElev": 757.0,
    "Tosegment": 3037283,
    "end_x": -132.9677083333334,
    "end_y": 60.75923611111102,
    "flow_acc": 5612.62,
    "seg_id": 3036338,
    "start_x": -132.93229166666663,
    "start_y": 61.05090277777799,
    "islake": 0,
    "lakeId": 0,
    "RATEACV": 0.0,
    "RATEBCV": 0.0,
    "lake_Vol": 0.0
  }
}