{
  "data": {
    "BotElev": 375.0,
    "Length": 17533.323283882746,
    "OBJECTID": null,
    "PFAF": "3276971",
    "PFAF_CODE": 327697100000.0,
    "PF_TYPE": 3,
    "Shape_Leng": 0.26353640559,
    "Slope": 0.000228137012889,
    "TopElev": 379.0,
    "Tosegment": 3039070,
    "end_x": -106.71354166666674,
    "end_y": 61.555069444444484,
    "flow_acc": 8189.75,
    "seg_id": 3037884,
    "start_x": -106.48020833333351,
    "start_y": 61.62798611111111,
    "islake": 0,
    "lakeId": 0,
    "RATEACV": 0.0,
    "RATEBCV": 0.0,
    "lake_Vol": 0.0
  }
}