{
  "data": {
    "BotElev": 0.0,
    "Length": 27974.96412674887,
    "OBJECTID": null,
    "PFAF": "3151811",
    "PFAF_CODE": 315181100000.0,
    "PF_TYPE": 4,
    "Shape_Leng": 0.28224452848,
    "Slope": 0.003824848515094,
    "TopElev": 107.0,
    "Tosegment": -9999,
    "end_x": -126.9654166666657,
    "end_y": 52.80125000000055,
    "flow_acc": 7897.71,
    "seg_id": 3037754,
    "start_x": -126.74374999999907,
    "start_y": 52.857916666667336,
    "islake": 0,
    "lakeId": 0,
    "RATEACV": 0.0,
    "RATEBCV": 0.0,
    "lake_Vol": 0.0
  }
}