{
  "data": {
    "BotElev": 587.0,
    "Length": 28196.77106881499,
    "OBJECTID": null,
    "PFAF": "3248411",
    "PFAF_CODE": 324841100000.0,
    "PF_TYPE": 4,
    "Shape_Leng": 0.33273057941,
    "Slope": 0.001489532255218,
    "TopElev": 629.0,
    "Tosegment": 3040716,
    "end_x": -127.59687500000013,
    "end_y": 59.15506944444439,
    "flow_acc": 7252.31,
    "seg_id": 3037416,
    "start_x": -127.84062500000005,
    "start_y": 59.0759027777778,
    "islake": 0,
    "lakeId": 0,
    "RATEACV": 0.0,
    "RATEBCV": 0.0,
    "lake_Vol": 0.0
  }
}