{
  "data": {
    "BotElev": 379.0,
    "Length": 27445.53426224855,
    "OBJECTID": null,
    "PFAF": "3276973",
    "PFAF_CODE": 327697300000.0,
    "PF_TYPE": 3,
    "Shape_Leng": 0.38249579114,
    "Slope": 7.2871600199e-05,
    "TopElev": 381.0,
    "Tosegment": 3037884,
    "end_x": -106.48020833333351,
    "end_y": 61.62798611111111,
    "flow_acc": 7835.79,
    "seg_id": 3037724,
    "start_x": -106.12187500000016,
    "start_y": 61.58215277777782,
    "islake": 0,
    "lakeId": 0,
    "RATEACV": 0.0,
    "RATEBCV": 0.0,
    "lake_Vol": 0.0
  }
}