{
  "data": {
    "BotElev": 681.0,
    "Length": 10969.360309518775,
    "OBJECTID": null,
    "PFAF": "314871",
    "PFAF_CODE": 314871000000.0,
    "PF_TYPE": 3,
    "Shape_Leng": 0.08762860744,
    "Slope": 0.000638141131523,
    "TopElev": 688.0,
    "Tosegment": 3038126,
    "end_x": -125.09624999999943,
    "end_y": 54.85291666666694,
    "flow_acc": 7204.01,
    "seg_id": 3037383,
    "start_x": -125.16874999999953,
    "start_y": 54.88541666666674,
    "islake": 0,
    "lakeId": 0,
    "RATEACV": 0.0,
    "RATEBCV": 0.0,
    "lake_Vol": 0.0
  }
}