{
  "data": {
    "BotElev": 627.0,
    "Length": 21756.032320215803,
    "OBJECTID": null,
    "PFAF": "3289271",
    "PFAF_CODE": 328927100000.0,
    "PF_TYPE": 4,
    "Shape_Leng": 0.20987524035,
    "Slope": 0.000413678370556,
    "TopElev": 636.0,
    "Tosegment": 3038930,
    "end_x": -114.25312500000001,
    "end_y": 54.10298611111125,
    "flow_acc": 7957.59,
    "seg_id": 3037781,
    "start_x": -114.33020833333342,
    "start_y": 53.99881944444451,
    "islake": 0,
    "lakeId": 0,
    "RATEACV": 0.0,
    "RATEBCV": 0.0,
    "lake_Vol": 0.0
  }
}