{
  "data": {
    "BotElev": 310.0,
    "Length": 15791.820830301533,
    "OBJECTID": null,
    "PFAF": "3274431",
    "PFAF_CODE": 327443100000.0,
    "PF_TYPE": 4,
    "Shape_Leng": 0.20017346067,
    "Slope": 0.000696563120758,
    "TopElev": 321.0,
    "Tosegment": 3037429,
    "end_x": -117.32187500000009,
    "end_y": 59.5467361111111,
    "flow_acc": 6660.77,
    "seg_id": 3037093,
    "start_x": -117.47604166666673,
    "start_y": 59.47173611111111,
    "islake": 0,
    "lakeId": 0,
    "RATEACV": 0.0,
    "RATEBCV": 0.0,
    "lake_Vol": 0.0
  }
}