{
  "data": {
    "BotElev": 157.0,
    "Length": 12777.186308852146,
    "OBJECTID": null,
    "PFAF": "322853",
    "PFAF_CODE": 322853000000.0,
    "PF_TYPE": 3,
    "Shape_Leng": 0.210503397,
    "Slope": -0.000156528984681,
    "TopElev": 155.0,
    "Tosegment": 3037525,
    "end_x": -118.51354166666681,
    "end_y": 66.35298611111108,
    "flow_acc": 6594.68,
    "seg_id": 3037063,
    "start_x": -118.32187500000009,
    "start_y": 66.39256944444452,
    "islake": 0,
    "lakeId": 0,
    "RATEACV": 0.0,
    "RATEBCV": 0.0,
    "lake_Vol": 0.0
  }
}