{
  "data": {
    "BotElev": 1036.0,
    "Length": 68673.76784957017,
    "OBJECTID": null,
    "PFAF": "3428911",
    "PFAF_CODE": 342891100000.0,
    "PF_TYPE": 3,
    "Shape_Leng": 0.59539177456,
    "Slope": 0.001281420879553,
    "TopElev": 1124.0,
    "Tosegment": 3038322,
    "end_x": -114.04041666666893,
    "end_y": 51.046250000001066,
    "flow_acc": 7985.35,
    "seg_id": 3037796,
    "start_x": -114.49791666666886,
    "start_y": 51.18958333333421,
    "islake": 0,
    "lakeId": 0,
    "RATEACV": 0.0,
    "RATEBCV": 0.0,
    "lake_Vol": 0.0
  }
}