{
  "data": {
    "BotElev": 361.0,
    "Length": 385.2726350510126,
    "OBJECTID": null,
    "PFAF": "334973",
    "PFAF_CODE": 334973000000.0,
    "PF_TYPE": 2,
    "Shape_Leng": 0.00294627846,
    "Slope": 0.0,
    "TopElev": 361.0,
    "Tosegment": 3037993,
    "end_x": -108.34687499988132,
    "end_y": 64.92381944451193,
    "flow_acc": 7001.7,
    "seg_id": 3037275,
    "start_x": -108.34895833336037,
    "start_y": 64.92590277799098,
    "islake": 0,
    "lakeId": 0,
    "RATEACV": 0.0,
    "RATEBCV": 0.0,
    "lake_Vol": 0.0
  }
}