{
  "data": {
    "BotElev": 694.0,
    "Length": 49601.75691389693,
    "OBJECTID": null,
    "PFAF": "3189833",
    "PFAF_CODE": 318983300000.0,
    "PF_TYPE": 4,
    "Shape_Leng": 0.41251488057,
    "Slope": 0.00012096345721,
    "TopElev": 700.0,
    "Tosegment": 3037802,
    "end_x": -132.68229166666657,
    "end_y": 60.511319444444496,
    "flow_acc": 7013.1,
    "seg_id": 3037283,
    "start_x": -132.9677083333334,
    "start_y": 60.75923611111102,
    "islake": 0,
    "lakeId": 0,
    "RATEACV": 0.0,
    "RATEBCV": 0.0,
    "lake_Vol": 0.0
  }
}