{
  "data": {
    "BotElev": 361.0,
    "Length": 26755.722493674475,
    "OBJECTID": null,
    "PFAF": "3333253",
    "PFAF_CODE": 333325300000.0,
    "PF_TYPE": 4,
    "Shape_Leng": 0.33761213582,
    "Slope": 0.000112125546253,
    "TopElev": 364.0,
    "Tosegment": 3038210,
    "end_x": -122.25937499995626,
    "end_y": 68.4238194447118,
    "flow_acc": 8238.38,
    "seg_id": 3037915,
    "start_x": -121.99687499958151,
    "start_y": 68.3300694444493,
    "islake": 0,
    "lakeId": 0,
    "RATEACV": 0.0,
    "RATEBCV": 0.0,
    "lake_Vol": 0.0
  }
}