{
  "data": {
    "BotElev": 790.0,
    "Length": 25569.83667008481,
    "OBJECTID": null,
    "PFAF": "3289613",
    "PFAF_CODE": 328961300000.0,
    "PF_TYPE": 4,
    "Shape_Leng": 0.25585663163,
    "Slope": 0.00129058313613,
    "TopElev": 823.0,
    "Tosegment": 3038503,
    "end_x": -115.95937500000014,
    "end_y": 53.71340277777773,
    "flow_acc": 7944.95,
    "seg_id": 3037775,
    "start_x": -116.16145833333343,
    "start_y": 53.69465277777783,
    "islake": 0,
    "lakeId": 0,
    "RATEACV": 0.0,
    "RATEBCV": 0.0,
    "lake_Vol": 0.0
  }
}