{
  "data": {
    "BotElev": 519.0,
    "Length": 14188.604460994049,
    "OBJECTID": null,
    "PFAF": "3297631",
    "PFAF_CODE": 329763100000.0,
    "PF_TYPE": 4,
    "Shape_Leng": 0.13306262018,
    "Slope": 0.001480060992449,
    "TopElev": 540.0,
    "Tosegment": 3038439,
    "end_x": -121.67187500000006,
    "end_y": 56.386319444444496,
    "flow_acc": 7283.08,
    "seg_id": 3037443,
    "start_x": -121.78437500000007,
    "start_y": 56.41340277777783,
    "islake": 0,
    "lakeId": 0,
    "RATEACV": 0.0,
    "RATEBCV": 0.0,
    "lake_Vol": 0.0
  }
}