{
  "data": {
    "BotElev": 683.0,
    "Length": 40901.81611570934,
    "OBJECTID": null,
    "PFAF": "318967",
    "PFAF_CODE": 318967000000.0,
    "PF_TYPE": 4,
    "Shape_Leng": 0.43967006367,
    "Slope": -4.8897584262e-05,
    "TopElev": 681.0,
    "Tosegment": 3038596,
    "end_x": -134.24270833333344,
    "end_y": 59.62173611111109,
    "flow_acc": 7607.76,
    "seg_id": 3037612,
    "start_x": -133.8260416666668,
    "start_y": 59.59881944444459,
    "islake": 0,
    "lakeId": 0,
    "RATEACV": 0.0,
    "RATEBCV": 0.0,
    "lake_Vol": 0.0
  }
}