{
  "data": {
    "BotElev": 318.0,
    "Length": 25653.489647178183,
    "OBJECTID": null,
    "PFAF": "336463",
    "PFAF_CODE": 336463000000.0,
    "PF_TYPE": 4,
    "Shape_Leng": 0.32180840963,
    "Slope": 0.000740639977692,
    "TopElev": 337.0,
    "Tosegment": 3038084,
    "end_x": -103.43020833374749,
    "end_y": 61.4759027776912,
    "flow_acc": 7965.57,
    "seg_id": 3037783,
    "start_x": -103.7031249997188,
    "start_y": 61.469652778153375,
    "islake": 0,
    "lakeId": 0,
    "RATEACV": 0.0,
    "RATEBCV": 0.0,
    "lake_Vol": 0.0
  }
}