{
  "data": {
    "BotElev": 537.0,
    "Length": 58464.59493150893,
    "OBJECTID": null,
    "PFAF": "349297",
    "PFAF_CODE": 349297000000.0,
    "PF_TYPE": 3,
    "Shape_Leng": 0.52561850618,
    "Slope": 0.000136834951296,
    "TopElev": 545.0,
    "Tosegment": 3039083,
    "end_x": -102.99625000000503,
    "end_y": 49.12708333333484,
    "flow_acc": 7115.35,
    "seg_id": 3037344,
    "start_x": -103.45041666667169,
    "start_y": 49.29958333333468,
    "islake": 0,
    "lakeId": 0,
    "RATEACV": 0.0,
    "RATEBCV": 0.0,
    "lake_Vol": 0.0
  }
}