{
  "data": {
    "BotElev": 661.0,
    "Length": 24454.780736845973,
    "OBJECTID": null,
    "PFAF": "3189625",
    "PFAF_CODE": 318962500000.0,
    "PF_TYPE": 5,
    "Shape_Leng": 0.31225468957,
    "Slope": 0.00036802619892,
    "TopElev": 670.0,
    "Tosegment": 3037723,
    "end_x": -135.7968750000001,
    "end_y": 60.83423611111141,
    "flow_acc": 6918.52,
    "seg_id": 3037226,
    "start_x": -136.0385416666668,
    "start_y": 60.755069444444416,
    "islake": 0,
    "lakeId": 0,
    "RATEACV": 0.0,
    "RATEBCV": 0.0,
    "lake_Vol": 0.0
  }
}