{
  "data": {
    "BotElev": 157.0,
    "Length": 35793.78349094646,
    "OBJECTID": null,
    "PFAF": "322851",
    "PFAF_CODE": 322851000000.0,
    "PF_TYPE": 3,
    "Shape_Leng": 0.61187184335,
    "Slope": 0.0,
    "TopElev": 157.0,
    "Tosegment": 3037992,
    "end_x": -119.09895833333343,
    "end_y": 66.30506944444443,
    "flow_acc": 7431.89,
    "seg_id": 3037525,
    "start_x": -118.51354166666681,
    "start_y": 66.35298611111108,
    "islake": 0,
    "lakeId": 0,
    "RATEACV": 0.0,
    "RATEBCV": 0.0,
    "lake_Vol": 0.0
  }
}