{
  "data": {
    "BotElev": 706.0,
    "Length": 2285.936394924539,
    "OBJECTID": null,
    "PFAF": "3152631",
    "PFAF_CODE": 315263100000.0,
    "PF_TYPE": 4,
    "Shape_Leng": 0.01942809042,
    "Slope": 0.004374574910397,
    "TopElev": 716.0,
    "Tosegment": 3038106,
    "end_x": -126.69624999999917,
    "end_y": 55.44874999999996,
    "flow_acc": 7197.79,
    "seg_id": 3037381,
    "start_x": -126.69624999999917,
    "start_y": 55.43208333333348,
    "islake": 0,
    "lakeId": 0,
    "RATEACV": 0.0,
    "RATEBCV": 0.0,
    "lake_Vol": 0.0
  }
}