{
  "data": {
    "BotElev": 540.0,
    "Length": 37240.91124097563,
    "OBJECTID": null,
    "PFAF": "3297633",
    "PFAF_CODE": 329763300000.0,
    "PF_TYPE": 4,
    "Shape_Leng": 0.34680841132,
    "Slope": 0.001852801064762,
    "TopElev": 609.0,
    "Tosegment": 3037443,
    "end_x": -121.78437500000007,
    "end_y": 56.41340277777783,
    "flow_acc": 6924.25,
    "seg_id": 3037232,
    "start_x": -122.05729166666674,
    "start_y": 56.47798611111119,
    "islake": 0,
    "lakeId": 0,
    "RATEACV": 0.0,
    "RATEBCV": 0.0,
    "lake_Vol": 0.0
  }
}