{
  "data": {
    "BotElev": 846.0,
    "Length": 5992.257663343699,
    "OBJECTID": null,
    "PFAF": "323279",
    "PFAF_CODE": 323279000000.0,
    "PF_TYPE": 3,
    "Shape_Leng": 0.07127750716,
    "Slope": 0.002670112151197,
    "TopElev": 862.0,
    "Tosegment": 3037753,
    "end_x": -128.06354166666677,
    "end_y": 63.621736111111204,
    "flow_acc": 7128.58,
    "seg_id": 3037349,
    "start_x": -128.08854166666669,
    "start_y": 63.56965277777772,
    "islake": 0,
    "lakeId": 0,
    "RATEACV": 0.0,
    "RATEBCV": 0.0,
    "lake_Vol": 0.0
  }
}