{
  "data": {
    "BotElev": 762.0,
    "Length": 18528.60761609802,
    "OBJECTID": null,
    "PFAF": "31447",
    "PFAF_CODE": 314470000000.0,
    "PF_TYPE": 3,
    "Shape_Leng": 0.21669714994,
    "Slope": 0.003238235772658,
    "TopElev": 822.0,
    "Tosegment": 3039666,
    "end_x": -123.50624999999985,
    "end_y": 52.08458333333425,
    "flow_acc": 6771.42,
    "seg_id": 3037148,
    "start_x": -123.67708333333326,
    "start_y": 52.00791666666771,
    "islake": 0,
    "lakeId": 0,
    "RATEACV": 0.0,
    "RATEBCV": 0.0,
    "lake_Vol": 0.0
  }
}