{
  "data": {
    "BotElev": 345.0,
    "Length": 165951.05431321712,
    "OBJECTID": null,
    "PFAF": "3274615",
    "PFAF_CODE": 327461500000.0,
    "PF_TYPE": 4,
    "Shape_Leng": 1.54858946503,
    "Slope": 0.000397707626945,
    "TopElev": 411.0,
    "Tosegment": 3038961,
    "end_x": -118.38229166666679,
    "end_y": 58.671736111111215,
    "flow_acc": 10539.8,
    "seg_id": 3038818,
    "start_x": -117.94062500000013,
    "start_y": 57.940486111111056,
    "islake": 0,
    "lakeId": 0,
    "RATEACV": 0.0,
    "RATEBCV": 0.0,
    "lake_Vol": 0.0
  }
}