{
  "data": {
    "BotElev": 1036.0,
    "Length": 2349.341512033088,
    "OBJECTID": null,
    "PFAF": "342877",
    "PFAF_CODE": 342877000000.0,
    "PF_TYPE": 3,
    "Shape_Leng": 0.02339255651,
    "Slope": 0.0,
    "TopElev": 1036.0,
    "Tosegment": 3038730,
    "end_x": -114.01875000000229,
    "end_y": 51.04375000000101,
    "flow_acc": 9205.95,
    "seg_id": 3038322,
    "start_x": -114.04041666666893,
    "start_y": 51.046250000001066,
    "islake": 0,
    "lakeId": 0,
    "RATEACV": 0.0,
    "RATEBCV": 0.0,
    "lake_Vol": 0.0
  }
}