{
  "data": {
    "BotElev": 214.0,
    "Length": 34256.44160729956,
    "OBJECTID": null,
    "PFAF": "322473",
    "PFAF_CODE": 322473000000.0,
    "PF_TYPE": 3,
    "Shape_Leng": 0.49651229543,
    "Slope": 0.000408682260711,
    "TopElev": 228.0,
    "Tosegment": 3038433,
    "end_x": -117.20520833333347,
    "end_y": 64.56131944444445,
    "flow_acc": 8697.8,
    "seg_id": 3038125,
    "start_x": -116.7447916666668,
    "start_y": 64.55506944444443,
    "islake": 0,
    "lakeId": 0,
    "RATEACV": 0.0,
    "RATEBCV": 0.0,
    "lake_Vol": 0.0
  }
}