{
  "data": {
    "BotElev": 462.0,
    "Length": 86574.71649126979,
    "OBJECTID": null,
    "PFAF": "3212831",
    "PFAF_CODE": 321283100000.0,
    "PF_TYPE": 4,
    "Shape_Leng": 1.15104076401,
    "Slope": 0.001940520359855,
    "TopElev": 630.0,
    "Tosegment": 3039351,
    "end_x": -136.92395833333336,
    "end_y": 65.50715277777778,
    "flow_acc": 10296.5,
    "seg_id": 3038738,
    "start_x": -137.1552083333334,
    "start_y": 64.98423611111116,
    "islake": 0,
    "lakeId": 0,
    "RATEACV": 0.0,
    "RATEBCV": 0.0,
    "lake_Vol": 0.0
  }
}