{
  "data": {
    "BotElev": 653.0,
    "Length": 5532.132543633447,
    "OBJECTID": null,
    "PFAF": "3249833",
    "PFAF_CODE": 324983300000.0,
    "PF_TYPE": 4,
    "Shape_Leng": 0.04368867239,
    "Slope": 0.000903810593937,
    "TopElev": 658.0,
    "Tosegment": 3038464,
    "end_x": -129.5281250000001,
    "end_y": 60.38423611111119,
    "flow_acc": 9211.51,
    "seg_id": 3038324,
    "start_x": -129.5593750000001,
    "start_y": 60.41131944444453,
    "islake": 0,
    "lakeId": 0,
    "RATEACV": 0.0,
    "RATEBCV": 0.0,
    "lake_Vol": 0.0
  }
}