{
  "data": {
    "BotElev": 649.0,
    "Length": 7451.701066566474,
    "OBJECTID": null,
    "PFAF": "3249831",
    "PFAF_CODE": 324983100000.0,
    "PF_TYPE": 4,
    "Shape_Leng": 0.05842006367,
    "Slope": 0.000536790185794,
    "TopElev": 653.0,
    "Tosegment": 3039292,
    "end_x": -129.48437500000006,
    "end_y": 60.348819444444416,
    "flow_acc": 9560.81,
    "seg_id": 3038464,
    "start_x": -129.5281250000001,
    "start_y": 60.38423611111119,
    "islake": 0,
    "lakeId": 0,
    "RATEACV": 0.0,
    "RATEBCV": 0.0,
    "lake_Vol": 0.0
  }
}