{
  "data": {
    "BotElev": 160.0,
    "Length": 30694.912985602794,
    "OBJECTID": null,
    "PFAF": "33241",
    "PFAF_CODE": 332410000000.0,
    "PF_TYPE": 3,
    "Shape_Leng": 0.41269886463,
    "Slope": 0.001368304905106,
    "TopElev": 202.0,
    "Tosegment": 3041718,
    "end_x": -125.95937499975639,
    "end_y": 68.20090277774108,
    "flow_acc": 10470.2,
    "seg_id": 3038792,
    "start_x": -126.1052083333978,
    "start_y": 68.03215277762871,
    "islake": 0,
    "lakeId": 0,
    "RATEACV": 0.0,
    "RATEBCV": 0.0,
    "lake_Vol": 0.0
  }
}