{
  "data": {
    "BotElev": 294.0,
    "Length": 53742.43917125243,
    "OBJECTID": null,
    "PFAF": "3423431",
    "PFAF_CODE": 342343100000.0,
    "PF_TYPE": 4,
    "Shape_Leng": 0.56085539888,
    "Slope": 0.000390752640257,
    "TopElev": 315.0,
    "Tosegment": 3039023,
    "end_x": -103.2979166666716,
    "end_y": 53.887916666666854,
    "flow_acc": 8823.78,
    "seg_id": 3038175,
    "start_x": -103.59375000000489,
    "start_y": 53.687083333333646,
    "islake": 0,
    "lakeId": 0,
    "RATEACV": 0.0,
    "RATEBCV": 0.0,
    "lake_Vol": 0.0
  }
}