{
  "data": {
    "BotElev": 348.0,
    "Length": 24814.025861193157,
    "OBJECTID": null,
    "PFAF": "3142653",
    "PFAF_CODE": 314265300000.0,
    "PF_TYPE": 4,
    "Shape_Leng": 0.20859054822,
    "Slope": 0.0,
    "TopElev": 348.0,
    "Tosegment": 3038472,
    "end_x": -119.00291666666783,
    "end_y": 50.994583333334276,
    "flow_acc": 9108.56,
    "seg_id": 3038286,
    "start_x": -119.05458333333445,
    "start_y": 50.82625000000104,
    "islake": 0,
    "lakeId": 0,
    "RATEACV": 0.0,
    "RATEBCV": 0.0,
    "lake_Vol": 0.0
  }
}