{
  "data": {
    "BotElev": 360.0,
    "Length": 66330.13016119557,
    "OBJECTID": null,
    "PFAF": "3152613",
    "PFAF_CODE": 315261300000.0,
    "PF_TYPE": 4,
    "Shape_Leng": 0.59527332821,
    "Slope": 0.002849383825129,
    "TopElev": 549.0,
    "Tosegment": 3038837,
    "end_x": -127.6087499999989,
    "end_y": 55.71208333333317,
    "flow_acc": 9865.64,
    "seg_id": 3038588,
    "start_x": -127.11708333333235,
    "start_y": 55.61958333333331,
    "islake": 0,
    "lakeId": 0,
    "RATEACV": 0.0,
    "RATEBCV": 0.0,
    "lake_Vol": 0.0
  }
}