{
  "data": {
    "BotElev": 386.0,
    "Length": 19767.667907760308,
    "OBJECTID": null,
    "PFAF": "333479",
    "PFAF_CODE": 333479000000.0,
    "PF_TYPE": 3,
    "Shape_Leng": 0.25576990098,
    "Slope": 0.000556464224881,
    "TopElev": 397.0,
    "Tosegment": 3038859,
    "end_x": -112.16979166685189,
    "end_y": 64.79256944432444,
    "flow_acc": 10016.5,
    "seg_id": 3038632,
    "start_x": -111.9364583333853,
    "start_y": 64.73840277746626,
    "islake": 0,
    "lakeId": 0,
    "RATEACV": 0.0,
    "RATEBCV": 0.0,
    "lake_Vol": 0.0
  }
}