{
  "data": {
    "BotElev": 319.0,
    "Length": 15703.414408055158,
    "OBJECTID": null,
    "PFAF": "318697",
    "PFAF_CODE": 318697000000.0,
    "PF_TYPE": 3,
    "Shape_Leng": 0.23579951288,
    "Slope": 0.001146247531414,
    "TopElev": 337.0,
    "Tosegment": 3040098,
    "end_x": -138.44270833333343,
    "end_y": 66.47381944444453,
    "flow_acc": 8530.93,
    "seg_id": 3038057,
    "start_x": -138.64479166666672,
    "start_y": 66.41965277777786,
    "islake": 0,
    "lakeId": 0,
    "RATEACV": 0.0,
    "RATEBCV": 0.0,
    "lake_Vol": 0.0
  }
}