{
  "data": {
    "BotElev": 466.0,
    "Length": 25745.29809954659,
    "OBJECTID": null,
    "PFAF": "349653",
    "PFAF_CODE": 349653000000.0,
    "PF_TYPE": 3,
    "Shape_Leng": 0.24450342691,
    "Slope": 0.000271894307572,
    "TopElev": 473.0,
    "Tosegment": 3038489,
    "end_x": -102.33708333333863,
    "end_y": 51.651250000000914,
    "flow_acc": 8848.71,
    "seg_id": 3038186,
    "start_x": -102.45375000000524,
    "start_y": 51.524583333334135,
    "islake": 0,
    "lakeId": 0,
    "RATEACV": 0.0,
    "RATEBCV": 0.0,
    "lake_Vol": 0.0
  }
}