{
  "data": {
    "BotElev": 196.0,
    "Length": 48690.266255236835,
    "OBJECTID": null,
    "PFAF": "322471",
    "PFAF_CODE": 322471000000.0,
    "PF_TYPE": 3,
    "Shape_Leng": 0.63805630689,
    "Slope": 0.000369683745528,
    "TopElev": 214.0,
    "Tosegment": 3040062,
    "end_x": -117.74895833333346,
    "end_y": 64.6092361111111,
    "flow_acc": 9485.29,
    "seg_id": 3038433,
    "start_x": -117.20520833333347,
    "start_y": 64.56131944444445,
    "islake": 0,
    "lakeId": 0,
    "RATEACV": 0.0,
    "RATEBCV": 0.0,
    "lake_Vol": 0.0
  }
}