{
  "data": {
    "BotElev": 802.0,
    "Length": 16294.210429807505,
    "OBJECTID": null,
    "PFAF": "314583",
    "PFAF_CODE": 314583000000.0,
    "PF_TYPE": 4,
    "Shape_Leng": 0.18880290988,
    "Slope": 0.000490971933526,
    "TopElev": 810.0,
    "Tosegment": 3039143,
    "end_x": -123.49708333333325,
    "end_y": 53.24625000000037,
    "flow_acc": 9768.56,
    "seg_id": 3038547,
    "start_x": -123.57458333333324,
    "start_y": 53.127916666667204,
    "islake": 0,
    "lakeId": 0,
    "RATEACV": 0.0,
    "RATEBCV": 0.0,
    "lake_Vol": 0.0
  }
}