{
  "data": {
    "BotElev": 541.0,
    "Length": 112283.89202874739,
    "OBJECTID": null,
    "PFAF": "31894251",
    "PFAF_CODE": 318942510000.0,
    "PF_TYPE": 5,
    "Shape_Leng": 1.41150387771,
    "Slope": 0.000561077807882,
    "TopElev": 604.0,
    "Tosegment": 3039319,
    "end_x": -134.70729166666666,
    "end_y": 63.002986111111284,
    "flow_acc": 10232.0,
    "seg_id": 3038712,
    "start_x": -133.38854166666675,
    "start_y": 63.03840277777806,
    "islake": 0,
    "lakeId": 0,
    "RATEACV": 0.0,
    "RATEBCV": 0.0,
    "lake_Vol": 0.0
  }
}