{
  "data": {
    "BotElev": 243.0,
    "Length": 30737.892717060848,
    "OBJECTID": null,
    "PFAF": "33271",
    "PFAF_CODE": 332710000000.0,
    "PF_TYPE": 2,
    "Shape_Leng": 0.31183591667,
    "Slope": 0.000195198807388,
    "TopElev": 249.0,
    "Tosegment": 3039518,
    "end_x": -124.31770833337282,
    "end_y": 67.5550694441996,
    "flow_acc": 11005.8,
    "seg_id": 3038956,
    "start_x": -124.24062500004368,
    "start_y": 67.34048611114531,
    "islake": 0,
    "lakeId": 0,
    "RATEACV": 0.0,
    "RATEBCV": 0.0,
    "lake_Vol": 0.0
  }
}