{
  "data": {
    "BotElev": 683.0,
    "Length": 117545.11350765829,
    "OBJECTID": null,
    "PFAF": "3289611",
    "PFAF_CODE": 328961100000.0,
    "PF_TYPE": 4,
    "Shape_Leng": 1.14255937273,
    "Slope": 0.000910288797271,
    "TopElev": 790.0,
    "Tosegment": 3041943,
    "end_x": -115.67187500000011,
    "end_y": 54.16131944444453,
    "flow_acc": 9666.07,
    "seg_id": 3038503,
    "start_x": -115.95937500000014,
    "start_y": 53.71340277777773,
    "islake": 0,
    "lakeId": 0,
    "RATEACV": 0.0,
    "RATEBCV": 0.0,
    "lake_Vol": 0.0
  }
}