{
  "data": {
    "BotElev": 357.0,
    "Length": 39521.464847719006,
    "OBJECTID": null,
    "PFAF": "3246913",
    "PFAF_CODE": 324691300000.0,
    "PF_TYPE": 3,
    "Shape_Leng": 0.39136002863,
    "Slope": 0.000430145999535,
    "TopElev": 374.0,
    "Tosegment": 3039015,
    "end_x": -121.65937500000013,
    "end_y": 58.186319444444564,
    "flow_acc": 10462.2,
    "seg_id": 3038787,
    "start_x": -121.51354166666681,
    "start_y": 58.03423611111117,
    "islake": 0,
    "lakeId": 0,
    "RATEACV": 0.0,
    "RATEBCV": 0.0,
    "lake_Vol": 0.0
  }
}