{
  "data": {
    "BotElev": 89.0,
    "Length": 6561.46115331684,
    "OBJECTID": null,
    "PFAF": "3235411",
    "PFAF_CODE": 323541100000.0,
    "PF_TYPE": 4,
    "Shape_Leng": 0.0984221681,
    "Slope": 0.000762025390865,
    "TopElev": 94.0,
    "Tosegment": 3045314,
    "end_x": -124.19479166666673,
    "end_y": 63.946736111111136,
    "flow_acc": 10958.7,
    "seg_id": 3038946,
    "start_x": -124.09895833333343,
    "start_y": 63.952986111111215,
    "islake": 0,
    "lakeId": 0,
    "RATEACV": 0.0,
    "RATEBCV": 0.0,
    "lake_Vol": 0.0
  }
}