{
  "data": {
    "BotElev": 607.0,
    "Length": 9008.085448886335,
    "OBJECTID": null,
    "PFAF": "324855",
    "PFAF_CODE": 324855000000.0,
    "PF_TYPE": 3,
    "Shape_Leng": 0.098003397,
    "Slope": 0.0,
    "TopElev": 607.0,
    "Tosegment": 3039105,
    "end_x": -127.33645833333344,
    "end_y": 58.97798611111125,
    "flow_acc": 10647.4,
    "seg_id": 3038848,
    "start_x": -127.33645833333344,
    "start_y": 58.94673611111125,
    "islake": 0,
    "lakeId": 0,
    "RATEACV": 0.0,
    "RATEBCV": 0.0,
    "lake_Vol": 0.0
  }
}