{
  "data": {
    "BotElev": 659.0,
    "Length": 913.2325200619964,
    "OBJECTID": null,
    "PFAF": "329975",
    "PFAF_CODE": 329975000000.0,
    "PF_TYPE": 1,
    "Shape_Leng": 0.00589255651,
    "Slope": 0.0,
    "TopElev": 659.0,
    "Tosegment": 3038876,
    "end_x": -123.1427083333333,
    "end_y": 55.18423611111109,
    "flow_acc": 9875.84,
    "seg_id": 3038592,
    "start_x": -123.13854166666675,
    "start_y": 55.18006944444443,
    "islake": 0,
    "lakeId": 0,
    "RATEACV": 0.0,
    "RATEBCV": 0.0,
    "lake_Vol": 0.0
  }
}