{
  "data": {
    "BotElev": 258.0,
    "Length": 44226.649219061816,
    "OBJECTID": null,
    "PFAF": "3332771",
    "PFAF_CODE": 333277100000.0,
    "PF_TYPE": 3,
    "Shape_Leng": 0.58799497869,
    "Slope": 0.000135664810831,
    "TopElev": 264.0,
    "Tosegment": 3038966,
    "end_x": -123.47604166628975,
    "end_y": 68.246736110683,
    "flow_acc": 9445.87,
    "seg_id": 3038417,
    "start_x": -123.45937500025605,
    "start_y": 68.07381944451186,
    "islake": 0,
    "lakeId": 0,
    "RATEACV": 0.0,
    "RATEBCV": 0.0,
    "lake_Vol": 0.0
  }
}