{
  "data": {
    "BotElev": 209.0,
    "Length": 29660.130626601458,
    "OBJECTID": null,
    "PFAF": "334833",
    "PFAF_CODE": 334833000000.0,
    "PF_TYPE": 3,
    "Shape_Leng": 0.34451569223,
    "Slope": 0.000674305863713,
    "TopElev": 229.0,
    "Tosegment": 3038919,
    "end_x": -105.25520833369757,
    "end_y": 64.86340277811576,
    "flow_acc": 10238.2,
    "seg_id": 3038717,
    "start_x": -105.53020833314804,
    "start_y": 64.9071527775788,
    "islake": 0,
    "lakeId": 0,
    "RATEACV": 0.0,
    "RATEBCV": 0.0,
    "lake_Vol": 0.0
  }
}