{
  "data": {
    "BotElev": 470.0,
    "Length": 62961.53952922327,
    "OBJECTID": null,
    "PFAF": "338817",
    "PFAF_CODE": 338817000000.0,
    "PF_TYPE": 3,
    "Shape_Leng": 0.68570226289,
    "Slope": 0.000444715936258,
    "TopElev": 498.0,
    "Tosegment": 3038343,
    "end_x": -108.72874999961277,
    "end_y": 54.39875000011256,
    "flow_acc": 8625.6,
    "seg_id": 3038095,
    "start_x": -109.32208333307932,
    "start_y": 54.44208333377895,
    "islake": 0,
    "lakeId": 0,
    "RATEACV": 0.0,
    "RATEBCV": 0.0,
    "lake_Vol": 0.0
  }
}