{
  "data": {
    "BotElev": 321.0,
    "Length": 127684.75505256825,
    "OBJECTID": null,
    "PFAF": "3276471",
    "PFAF_CODE": 327647100000.0,
    "PF_TYPE": 4,
    "Shape_Leng": 1.11616552365,
    "Slope": 0.000227121867353,
    "TopElev": 350.0,
    "Tosegment": 3041141,
    "end_x": -109.84270833333346,
    "end_y": 60.50715277777789,
    "flow_acc": 10994.0,
    "seg_id": 3038953,
    "start_x": -109.58229166666678,
    "start_y": 59.84048611111109,
    "islake": 0,
    "lakeId": 0,
    "RATEACV": 0.0,
    "RATEBCV": 0.0,
    "lake_Vol": 0.0
  }
}