{
  "data": {
    "BotElev": 162.0,
    "Length": 67224.39489626422,
    "OBJECTID": null,
    "PFAF": "326671",
    "PFAF_CODE": 326671000000.0,
    "PF_TYPE": 3,
    "Shape_Leng": 0.78477798787,
    "Slope": 0.001844568481298,
    "TopElev": 286.0,
    "Tosegment": 3038868,
    "end_x": -110.62812500000013,
    "end_y": 62.35506944444444,
    "flow_acc": 10132.7,
    "seg_id": 3038676,
    "start_x": -109.97812500000009,
    "start_y": 62.15506944444451,
    "islake": 0,
    "lakeId": 0,
    "RATEACV": 0.0,
    "RATEBCV": 0.0,
    "lake_Vol": 0.0
  }
}