{
  "data": {
    "BotElev": 160.0,
    "Length": 9024.299956511204,
    "OBJECTID": null,
    "PFAF": "32665",
    "PFAF_CODE": 326650000000.0,
    "PF_TYPE": 3,
    "Shape_Leng": 0.07996828398,
    "Slope": 0.000221623838928,
    "TopElev": 162.0,
    "Tosegment": 3039055,
    "end_x": -110.62604166666671,
    "end_y": 62.415486111111136,
    "flow_acc": 10696.8,
    "seg_id": 3038868,
    "start_x": -110.62812500000013,
    "start_y": 62.35506944444444,
    "islake": 0,
    "lakeId": 0,
    "RATEACV": 0.0,
    "RATEBCV": 0.0,
    "lake_Vol": 0.0
  }
}