{
  "data": {
    "BotElev": 197.0,
    "Length": 37169.52088213805,
    "OBJECTID": null,
    "PFAF": "325413",
    "PFAF_CODE": 325413000000.0,
    "PF_TYPE": 3,
    "Shape_Leng": 0.40573397641,
    "Slope": 0.002071589791113,
    "TopElev": 274.0,
    "Tosegment": 3038483,
    "end_x": -119.90937500000013,
    "end_y": 61.1821527777779,
    "flow_acc": 9220.68,
    "seg_id": 3038328,
    "start_x": -120.03645833333348,
    "start_y": 61.06756944444447,
    "islake": 0,
    "lakeId": 0,
    "RATEACV": 0.0,
    "RATEBCV": 0.0,
    "lake_Vol": 0.0
  }
}