{
  "data": {
    "BotElev": 267.0,
    "Length": 47515.79683445113,
    "OBJECTID": null,
    "PFAF": "333639",
    "PFAF_CODE": 333639000000.0,
    "PF_TYPE": 3,
    "Shape_Leng": 0.71112103011,
    "Slope": 0.001830970030938,
    "TopElev": 354.0,
    "Tosegment": 3038820,
    "end_x": -109.44270833342279,
    "end_y": 66.38215277732894,
    "flow_acc": 9556.5,
    "seg_id": 3038463,
    "start_x": -110.07604166698923,
    "start_y": 66.39465277820318,
    "islake": 0,
    "lakeId": 0,
    "RATEACV": 0.0,
    "RATEBCV": 0.0,
    "lake_Vol": 0.0
  }
}