{
  "data": {
    "BotElev": 644.0,
    "Length": 21787.988710450074,
    "OBJECTID": null,
    "PFAF": "324859",
    "PFAF_CODE": 324859000000.0,
    "PF_TYPE": 3,
    "Shape_Leng": 0.18803090416,
    "Slope": 0.000826143258986,
    "TopElev": 662.0,
    "Tosegment": 3038739,
    "end_x": -127.05937500000005,
    "end_y": 58.65923611111111,
    "flow_acc": 8848.34,
    "seg_id": 3038185,
    "start_x": -126.92395833333342,
    "start_y": 58.575902777777856,
    "islake": 0,
    "lakeId": 0,
    "RATEACV": 0.0,
    "RATEBCV": 0.0,
    "lake_Vol": 0.0
  }
}