{
  "data": {
    "BotElev": 727.0,
    "Length": 65409.734448565585,
    "OBJECTID": null,
    "PFAF": "312971",
    "PFAF_CODE": 312971000000.0,
    "PF_TYPE": 2,
    "Shape_Leng": 0.44478517284,
    "Slope": 0.000336341374651,
    "TopElev": 749.0,
    "Tosegment": 3040720,
    "end_x": -115.23625000000209,
    "end_y": 49.174583333334795,
    "flow_acc": 14676.4,
    "seg_id": 3039928,
    "start_x": -115.45458333333528,
    "start_y": 49.46375000000148,
    "islake": 0,
    "lakeId": 0,
    "RATEACV": 0.0,
    "RATEBCV": 0.0,
    "lake_Vol": 0.0
  }
}