{
  "data": {
    "BotElev": 713.0,
    "Length": 41350.009865452135,
    "OBJECTID": null,
    "PFAF": "3249915",
    "PFAF_CODE": 324991500000.0,
    "PF_TYPE": 2,
    "Shape_Leng": 0.39222297355,
    "Slope": 0.000435308239552,
    "TopElev": 731.0,
    "Tosegment": 3039397,
    "end_x": -129.10312500000003,
    "end_y": 60.7029861111111,
    "flow_acc": 11837.3,
    "seg_id": 3039218,
    "start_x": -129.18854166666677,
    "start_y": 60.93423611111115,
    "islake": 0,
    "lakeId": 0,
    "RATEACV": 0.0,
    "RATEBCV": 0.0,
    "lake_Vol": 0.0
  }
}