{
  "data": {
    "BotElev": 685.0,
    "Length": 18505.78348677482,
    "OBJECTID": null,
    "PFAF": "3189951",
    "PFAF_CODE": 318995100000.0,
    "PF_TYPE": 2,
    "Shape_Leng": 0.14041035337,
    "Slope": 0.0,
    "TopElev": 685.0,
    "Tosegment": 3039966,
    "end_x": -132.28854166666673,
    "end_y": 59.84881944444453,
    "flow_acc": 11988.3,
    "seg_id": 3039258,
    "start_x": -132.20104166666658,
    "start_y": 59.74465277777779,
    "islake": 0,
    "lakeId": 0,
    "RATEACV": 0.0,
    "RATEBCV": 0.0,
    "lake_Vol": 0.0
  }
}