{
  "data": {
    "BotElev": 430.0,
    "Length": 6197.183133967268,
    "OBJECTID": null,
    "PFAF": "349637",
    "PFAF_CODE": 349637000000.0,
    "PF_TYPE": 3,
    "Shape_Leng": 0.04667682776,
    "Slope": 0.0,
    "TopElev": 430.0,
    "Tosegment": 3039751,
    "end_x": -101.81041666667204,
    "end_y": 51.4879166666675,
    "flow_acc": 13454.5,
    "seg_id": 3039647,
    "start_x": -101.84541666667207,
    "start_y": 51.51375000000081,
    "islake": 0,
    "lakeId": 0,
    "RATEACV": 0.0,
    "RATEBCV": 0.0,
    "lake_Vol": 0.0
  }
}