{
  "data": {
    "BotElev": 343.0,
    "Length": 25051.107065181066,
    "OBJECTID": null,
    "PFAF": "3333217",
    "PFAF_CODE": 333321700000.0,
    "PF_TYPE": 4,
    "Shape_Leng": 0.31892346069,
    "Slope": 0.000199591977592,
    "TopElev": 348.0,
    "Tosegment": 3039867,
    "end_x": -122.69687499998116,
    "end_y": 68.90715277767873,
    "flow_acc": 12809.6,
    "seg_id": 3039484,
    "start_x": -122.46354166651469,
    "start_y": 68.80506944439952,
    "islake": 0,
    "lakeId": 0,
    "RATEACV": 0.0,
    "RATEBCV": 0.0,
    "lake_Vol": 0.0
  }
}