{
  "data": {
    "BotElev": 642.0,
    "Length": 7813.187652418144,
    "OBJECTID": null,
    "PFAF": "314451",
    "PFAF_CODE": 314451000000.0,
    "PF_TYPE": 3,
    "Shape_Leng": 0.05676058198,
    "Slope": 0.001535864813932,
    "TopElev": 654.0,
    "Tosegment": 3040181,
    "end_x": -123.15541666666661,
    "end_y": 51.961250000000916,
    "flow_acc": 15026.4,
    "seg_id": 3039994,
    "start_x": -123.1762500000001,
    "start_y": 52.001250000000994,
    "islake": 0,
    "lakeId": 0,
    "RATEACV": 0.0,
    "RATEBCV": 0.0,
    "lake_Vol": 0.0
  }
}