{
  "data": {
    "BotElev": 383.0,
    "Length": 18403.263942536505,
    "OBJECTID": null,
    "PFAF": "3294211",
    "PFAF_CODE": 329421100000.0,
    "PF_TYPE": 4,
    "Shape_Leng": 0.15038284622,
    "Slope": 0.001032425555561,
    "TopElev": 402.0,
    "Tosegment": 3042858,
    "end_x": -117.63229166666667,
    "end_y": 55.669652777777856,
    "flow_acc": 13400.2,
    "seg_id": 3039636,
    "start_x": -117.52395833333338,
    "start_y": 55.61548611111118,
    "islake": 0,
    "lakeId": 0,
    "RATEACV": 0.0,
    "RATEBCV": 0.0,
    "lake_Vol": 0.0
  }
}