{
  "data": {
    "BotElev": 212.0,
    "Length": 24258.420592672235,
    "OBJECTID": null,
    "PFAF": "332553",
    "PFAF_CODE": 332553000000.0,
    "PF_TYPE": 2,
    "Shape_Leng": 0.25701569256,
    "Slope": 0.000535896389064,
    "TopElev": 225.0,
    "Tosegment": 3040081,
    "end_x": -124.78645833288567,
    "end_y": 67.86340277751634,
    "flow_acc": 15026.4,
    "seg_id": 3039993,
    "start_x": -124.57604166678942,
    "start_y": 67.75090277774103,
    "islake": 0,
    "lakeId": 0,
    "RATEACV": 0.0,
    "RATEBCV": 0.0,
    "lake_Vol": 0.0
  }
}