{
  "data": {
    "BotElev": 164.0,
    "Length": 35346.48205432018,
    "OBJECTID": null,
    "PFAF": "3222373",
    "PFAF_CODE": 322237300000.0,
    "PF_TYPE": 3,
    "Shape_Leng": 0.46835663163,
    "Slope": 0.000452661738031,
    "TopElev": 180.0,
    "Tosegment": 3040200,
    "end_x": -121.57812500000006,
    "end_y": 64.57590277777774,
    "flow_acc": 15031.7,
    "seg_id": 3039997,
    "start_x": -121.95104166666675,
    "start_y": 64.52381944444448,
    "islake": 0,
    "lakeId": 0,
    "RATEACV": 0.0,
    "RATEBCV": 0.0,
    "lake_Vol": 0.0
  }
}