{
  "data": {
    "BotElev": 510.0,
    "Length": 35280.9010125666,
    "OBJECTID": null,
    "PFAF": "3145811",
    "PFAF_CODE": 314581100000.0,
    "PF_TYPE": 4,
    "Shape_Leng": 0.34739766697,
    "Slope": 0.004138216309952,
    "TopElev": 656.0,
    "Tosegment": 3043814,
    "end_x": -122.87291666666681,
    "end_y": 53.31291666666715,
    "flow_acc": 12467.5,
    "seg_id": 3039403,
    "start_x": -123.14041666666674,
    "start_y": 53.28875000000039,
    "islake": 0,
    "lakeId": 0,
    "RATEACV": 0.0,
    "RATEBCV": 0.0,
    "lake_Vol": 0.0
  }
}