{
  "data": {
    "BotElev": 317.0,
    "Length": 15627.684714219187,
    "OBJECTID": null,
    "PFAF": "328653",
    "PFAF_CODE": 328653000000.0,
    "PF_TYPE": 3,
    "Shape_Leng": 0.16969967525,
    "Slope": 0.002239615185489,
    "TopElev": 352.0,
    "Tosegment": 3040015,
    "end_x": -109.49062500000008,
    "end_y": 56.736319444444575,
    "flow_acc": 13260.4,
    "seg_id": 3039603,
    "start_x": -109.36354166666672,
    "start_y": 56.77590277777779,
    "islake": 0,
    "lakeId": 0,
    "RATEACV": 0.0,
    "RATEBCV": 0.0,
    "lake_Vol": 0.0
  }
}