{
  "data": {
    "BotElev": 380.0,
    "Length": 25189.592927574722,
    "OBJECTID": null,
    "PFAF": "324437",
    "PFAF_CODE": 324437000000.0,
    "PF_TYPE": 3,
    "Shape_Leng": 0.25032151861,
    "Slope": 0.000516086148648,
    "TopElev": 393.0,
    "Tosegment": 3039590,
    "end_x": -121.6218750000001,
    "end_y": 59.80090277777788,
    "flow_acc": 11965.8,
    "seg_id": 3039250,
    "start_x": -121.47187500000013,
    "start_y": 59.70298611111116,
    "islake": 0,
    "lakeId": 0,
    "RATEACV": 0.0,
    "RATEBCV": 0.0,
    "lake_Vol": 0.0
  }
}