{
  "data": {
    "BotElev": 551.0,
    "Length": 8101.380313715219,
    "OBJECTID": null,
    "PFAF": "318871",
    "PFAF_CODE": 318871000000.0,
    "PF_TYPE": 3,
    "Shape_Leng": 0.08916456224,
    "Slope": 0.000864050288832,
    "TopElev": 558.0,
    "Tosegment": 3041755,
    "end_x": -133.96979166666677,
    "end_y": 63.557152777777844,
    "flow_acc": 14430.0,
    "seg_id": 3039875,
    "start_x": -133.90729166666665,
    "start_y": 63.5259027777779,
    "islake": 0,
    "lakeId": 0,
    "RATEACV": 0.0,
    "RATEBCV": 0.0,
    "lake_Vol": 0.0
  }
}