{
  "data": {
    "BotElev": 157.0,
    "Length": 108525.58667885966,
    "OBJECTID": null,
    "PFAF": "32661",
    "PFAF_CODE": 326610000000.0,
    "PF_TYPE": 3,
    "Shape_Leng": 1.72209400504,
    "Slope": 3.6857667601e-05,
    "TopElev": 161.0,
    "Tosegment": 3043217,
    "end_x": -112.27604166666674,
    "end_y": 62.15923611111117,
    "flow_acc": 12818.2,
    "seg_id": 3039487,
    "start_x": -110.66354166666679,
    "start_y": 62.423819444444575,
    "islake": 0,
    "lakeId": 0,
    "RATEACV": 0.0,
    "RATEBCV": 0.0,
    "lake_Vol": 0.0
  }
}