{
  "data": {
    "BotElev": 425.0,
    "Length": 26251.95735882081,
    "OBJECTID": null,
    "PFAF": "349635",
    "PFAF_CODE": 349635000000.0,
    "PF_TYPE": 3,
    "Shape_Leng": 0.17669714994,
    "Slope": 0.000190461988478,
    "TopElev": 430.0,
    "Tosegment": 3039915,
    "end_x": -101.72875000000539,
    "end_y": 51.35541666666751,
    "flow_acc": 13882.0,
    "seg_id": 3039751,
    "start_x": -101.81041666667204,
    "start_y": 51.4879166666675,
    "islake": 0,
    "lakeId": 0,
    "RATEACV": 0.0,
    "RATEBCV": 0.0,
    "lake_Vol": 0.0
  }
}