{
  "data": {
    "BotElev": 214.0,
    "Length": 35260.58574604783,
    "OBJECTID": null,
    "PFAF": "3282533",
    "PFAF_CODE": 328253300000.0,
    "PF_TYPE": 3,
    "Shape_Leng": 0.40341585481,
    "Slope": 0.000255242498375,
    "TopElev": 223.0,
    "Tosegment": 3039483,
    "end_x": -112.41562500000009,
    "end_y": 58.44048611111117,
    "flow_acc": 12413.6,
    "seg_id": 3039381,
    "start_x": -112.72187500000007,
    "start_y": 58.363402777777765,
    "islake": 0,
    "lakeId": 0,
    "RATEACV": 0.0,
    "RATEBCV": 0.0,
    "lake_Vol": 0.0
  }
}