{
  "data": {
    "BotElev": 281.0,
    "Length": 8422.997900917853,
    "OBJECTID": null,
    "PFAF": "328491",
    "PFAF_CODE": 328491000000.0,
    "PF_TYPE": 3,
    "Shape_Leng": 0.13398689271,
    "Slope": 0.001305948324978,
    "TopElev": 292.0,
    "Tosegment": 3041486,
    "end_x": -104.80312500000008,
    "end_y": 59.18006944444454,
    "flow_acc": 13460.8,
    "seg_id": 3039649,
    "start_x": -104.67604166666672,
    "start_y": 59.19673611111119,
    "islake": 0,
    "lakeId": 0,
    "RATEACV": 0.0,
    "RATEBCV": 0.0,
    "lake_Vol": 0.0
  }
}