{
  "data": {
    "BotElev": 332.0,
    "Length": 77589.70030512601,
    "OBJECTID": null,
    "PFAF": "321281",
    "PFAF_CODE": 321281000000.0,
    "PF_TYPE": 4,
    "Shape_Leng": 1.05530468316,
    "Slope": 0.001675480115128,
    "TopElev": 462.0,
    "Tosegment": 3041387,
    "end_x": -136.3864583333334,
    "end_y": 65.83423611111112,
    "flow_acc": 12305.8,
    "seg_id": 3039351,
    "start_x": -136.92395833333336,
    "start_y": 65.50715277777778,
    "islake": 0,
    "lakeId": 0,
    "RATEACV": 0.0,
    "RATEBCV": 0.0,
    "lake_Vol": 0.0
  }
}