{
  "data": {
    "BotElev": 265.0,
    "Length": 11383.905725964049,
    "OBJECTID": null,
    "PFAF": "326293",
    "PFAF_CODE": 326293000000.0,
    "PF_TYPE": 3,
    "Shape_Leng": 0.08874579114,
    "Slope": 0.0,
    "TopElev": 265.0,
    "Tosegment": 3039652,
    "end_x": -117.38645833333345,
    "end_y": 63.213402777777844,
    "flow_acc": 12202.6,
    "seg_id": 3039328,
    "start_x": -117.4510416666667,
    "start_y": 63.271736111111125,
    "islake": 0,
    "lakeId": 0,
    "RATEACV": 0.0,
    "RATEBCV": 0.0,
    "lake_Vol": 0.0
  }
}