{
  "data": {
    "BotElev": 707.0,
    "Length": 5772.404177375619,
    "OBJECTID": null,
    "PFAF": "3154711",
    "PFAF_CODE": 315471100000.0,
    "PF_TYPE": 3,
    "Shape_Leng": 0.04710575995,
    "Slope": 0.003464760849281,
    "TopElev": 727.0,
    "Tosegment": 3040760,
    "end_x": -129.6612499999983,
    "end_y": 57.95708333333255,
    "flow_acc": 14759.7,
    "seg_id": 3039944,
    "start_x": -129.62458333333166,
    "start_y": 57.93541666666607,
    "islake": 0,
    "lakeId": 0,
    "RATEACV": 0.0,
    "RATEBCV": 0.0,
    "lake_Vol": 0.0
  }
}