{
  "data": {
    "BotElev": 242.0,
    "Length": 36810.16822732187,
    "OBJECTID": null,
    "PFAF": "327233",
    "PFAF_CODE": 327233000000.0,
    "PF_TYPE": 3,
    "Shape_Leng": 0.3392766953,
    "Slope": 0.000950824233778,
    "TopElev": 277.0,
    "Tosegment": 3039581,
    "end_x": -117.69895833333334,
    "end_y": 60.81548611111111,
    "flow_acc": 11753.9,
    "seg_id": 3039193,
    "start_x": -117.52187500000014,
    "start_y": 60.66340277777789,
    "islake": 0,
    "lakeId": 0,
    "RATEACV": 0.0,
    "RATEBCV": 0.0,
    "lake_Vol": 0.0
  }
}