{
  "data": {
    "BotElev": 60.0,
    "Length": 16883.085086667827,
    "OBJECTID": null,
    "PFAF": "3155217",
    "PFAF_CODE": 315521700000.0,
    "PF_TYPE": 4,
    "Shape_Leng": 0.22078006239,
    "Slope": 0.00272462051597,
    "TopElev": 106.0,
    "Tosegment": 3040100,
    "end_x": -133.28958333333048,
    "end_y": 58.80208333333235,
    "flow_acc": 14862.4,
    "seg_id": 3039959,
    "start_x": -133.14458333333073,
    "start_y": 58.902083333332314,
    "islake": 0,
    "lakeId": 0,
    "RATEACV": 0.0,
    "RATEBCV": 0.0,
    "lake_Vol": 0.0
  }
}