{
  "data": {
    "BotElev": 765.0,
    "Length": 72422.16513513938,
    "OBJECTID": null,
    "PFAF": "3426573",
    "PFAF_CODE": 342657300000.0,
    "PF_TYPE": 3,
    "Shape_Leng": 0.679104978,
    "Slope": 0.000814667717955,
    "TopElev": 824.0,
    "Tosegment": 3040051,
    "end_x": -113.25625000000252,
    "end_y": 52.3112500000006,
    "flow_acc": 14973.6,
    "seg_id": 3039977,
    "start_x": -113.75625000000235,
    "start_y": 52.35625000000067,
    "islake": 0,
    "lakeId": 0,
    "RATEACV": 0.0,
    "RATEBCV": 0.0,
    "lake_Vol": 0.0
  }
}