{
  "data": {
    "BotElev": 302.0,
    "Length": 53458.0936527725,
    "OBJECTID": null,
    "PFAF": "334953",
    "PFAF_CODE": 334953000000.0,
    "PF_TYPE": 2,
    "Shape_Leng": 0.71331649558,
    "Slope": 0.000261887378382,
    "TopElev": 316.0,
    "Tosegment": 3039373,
    "end_x": -107.52187499973144,
    "end_y": 65.0071527773789,
    "flow_acc": 11977.2,
    "seg_id": 3039253,
    "start_x": -108.00729166707669,
    "start_y": 64.72173611143245,
    "islake": 0,
    "lakeId": 0,
    "RATEACV": 0.0,
    "RATEBCV": 0.0,
    "lake_Vol": 0.0
  }
}