{
  "data": {
    "BotElev": 400.0,
    "Length": 115518.41686070313,
    "OBJECTID": null,
    "PFAF": "329721",
    "PFAF_CODE": 329721000000.0,
    "PF_TYPE": 4,
    "Shape_Leng": 1.15274125113,
    "Slope": 0.000995512257917,
    "TopElev": 515.0,
    "Tosegment": 3043886,
    "end_x": -120.70520833333347,
    "end_y": 56.140486111111215,
    "flow_acc": 13632.7,
    "seg_id": 3039690,
    "start_x": -121.21145833333338,
    "start_y": 55.71548611111109,
    "islake": 0,
    "lakeId": 0,
    "RATEACV": 0.0,
    "RATEBCV": 0.0,
    "lake_Vol": 0.0
  }
}