{
  "data": {
    "BotElev": 333.0,
    "Length": 35647.95699564461,
    "OBJECTID": null,
    "PFAF": "3286213",
    "PFAF_CODE": 328621300000.0,
    "PF_TYPE": 4,
    "Shape_Leng": 0.30787863735,
    "Slope": 0.002075855286996,
    "TopElev": 407.0,
    "Tosegment": 3039843,
    "end_x": -110.80937500000016,
    "end_y": 56.49048611111107,
    "flow_acc": 12886.0,
    "seg_id": 3039509,
    "start_x": -110.59687500000013,
    "start_y": 56.361319444444575,
    "islake": 0,
    "lakeId": 0,
    "RATEACV": 0.0,
    "RATEBCV": 0.0,
    "lake_Vol": 0.0
  }
}