{
  "data": {
    "BotElev": 294.0,
    "Length": 18093.005831744387,
    "OBJECTID": null,
    "PFAF": "3186935",
    "PFAF_CODE": 318693500000.0,
    "PF_TYPE": 3,
    "Shape_Leng": 0.31493025467,
    "Slope": 0.00127120945043,
    "TopElev": 317.0,
    "Tosegment": 3040519,
    "end_x": -138.13020833333326,
    "end_y": 66.66756944444438,
    "flow_acc": 17301.8,
    "seg_id": 3040398,
    "start_x": -138.38645833333334,
    "start_y": 66.52590277777801,
    "islake": 0,
    "lakeId": 0,
    "RATEACV": 0.0,
    "RATEBCV": 0.0,
    "lake_Vol": 0.0
  }
}