{
  "data": {
    "BotElev": 560.0,
    "Length": 12079.500795955628,
    "OBJECTID": null,
    "PFAF": "32883",
    "PFAF_CODE": 328830000000.0,
    "PF_TYPE": 3,
    "Shape_Leng": 0.10719967526,
    "Slope": 0.000745063902228,
    "TopElev": 569.0,
    "Tosegment": 3040875,
    "end_x": -114.13854166666675,
    "end_y": 55.21756944444445,
    "flow_acc": 17499.9,
    "seg_id": 3040427,
    "start_x": -114.23020833333345,
    "start_y": 55.25090277777781,
    "islake": 0,
    "lakeId": 0,
    "RATEACV": 0.0,
    "RATEBCV": 0.0,
    "lake_Vol": 0.0
  }
}