{
  "data": {
    "BotElev": 317.0,
    "Length": 86365.4502722856,
    "OBJECTID": null,
    "PFAF": "324431",
    "PFAF_CODE": 324431000000.0,
    "PF_TYPE": 3,
    "Shape_Leng": 0.93638122249,
    "Slope": 0.000555777800598,
    "TopElev": 365.0,
    "Tosegment": 3040389,
    "end_x": -122.7781250000001,
    "end_y": 60.00090277777775,
    "flow_acc": 16027.8,
    "seg_id": 3040179,
    "start_x": -122.04687500000011,
    "start_y": 59.902986111111204,
    "islake": 0,
    "lakeId": 0,
    "RATEACV": 0.0,
    "RATEBCV": 0.0,
    "lake_Vol": 0.0
  }
}