{
  "data": {
    "BotElev": 156.0,
    "Length": 182407.38848919515,
    "OBJECTID": null,
    "PFAF": "32263",
    "PFAF_CODE": 322630000000.0,
    "PF_TYPE": 3,
    "Shape_Leng": 3.02636844635,
    "Slope": 4.3857872569e-05,
    "TopElev": 164.0,
    "Tosegment": 3040833,
    "end_x": -121.44062500000013,
    "end_y": 66.26548611111122,
    "flow_acc": 17114.6,
    "seg_id": 3040373,
    "start_x": -124.45520833333342,
    "start_y": 66.26548611111122,
    "islake": 0,
    "lakeId": 0,
    "RATEACV": 0.0,
    "RATEBCV": 0.0,
    "lake_Vol": 0.0
  }
}