{
  "data": {
    "BotElev": 196.0,
    "Length": 22832.638332633356,
    "OBJECTID": null,
    "PFAF": "3224593",
    "PFAF_CODE": 322459300000.0,
    "PF_TYPE": 3,
    "Shape_Leng": 0.29472507798,
    "Slope": 0.0,
    "TopElev": 196.0,
    "Tosegment": 3040514,
    "end_x": -117.64687500000014,
    "end_y": 64.83006944444452,
    "flow_acc": 16957.1,
    "seg_id": 3040349,
    "start_x": -117.55520833333344,
    "start_y": 64.71965277777775,
    "islake": 0,
    "lakeId": 0,
    "RATEACV": 0.0,
    "RATEBCV": 0.0,
    "lake_Vol": 0.0
  }
}