{
  "data": {
    "BotElev": 393.0,
    "Length": 14099.033239138476,
    "OBJECTID": null,
    "PFAF": "3142773",
    "PFAF_CODE": 314277300000.0,
    "PF_TYPE": 3,
    "Shape_Leng": 0.12341287869,
    "Slope": -0.000141853697773,
    "TopElev": 391.0,
    "Tosegment": 3040306,
    "end_x": -120.1754166666675,
    "end_y": 51.46625000000097,
    "flow_acc": 16412.6,
    "seg_id": 3040257,
    "start_x": -120.15125000000074,
    "start_y": 51.56458333333421,
    "islake": 0,
    "lakeId": 0,
    "RATEACV": 0.0,
    "RATEBCV": 0.0,
    "lake_Vol": 0.0
  }
}