{
  "data": {
    "BotElev": 316.0,
    "Length": 20478.375842629823,
    "OBJECTID": null,
    "PFAF": "324671",
    "PFAF_CODE": 324671000000.0,
    "PF_TYPE": 3,
    "Shape_Leng": 0.21094757083,
    "Slope": 0.001709119916001,
    "TopElev": 351.0,
    "Tosegment": 3041228,
    "end_x": -122.23020833333345,
    "end_y": 58.534236111111056,
    "flow_acc": 20492.7,
    "seg_id": 3040881,
    "start_x": -122.08437500000008,
    "start_y": 58.49256944444443,
    "islake": 0,
    "lakeId": 0,
    "RATEACV": 0.0,
    "RATEBCV": 0.0,
    "lake_Vol": 0.0
  }
}