{
  "data": {
    "BotElev": 311.0,
    "Length": 26232.68747233722,
    "OBJECTID": null,
    "PFAF": "3276931",
    "PFAF_CODE": 327693100000.0,
    "PF_TYPE": 3,
    "Shape_Leng": 0.37020517669,
    "Slope": 0.000609926070932,
    "TopElev": 327.0,
    "Tosegment": 3040950,
    "end_x": -109.1364583333334,
    "end_y": 61.84048611111103,
    "flow_acc": 19130.0,
    "seg_id": 3040692,
    "start_x": -108.78437500000001,
    "start_y": 61.796736111111215,
    "islake": 0,
    "lakeId": 0,
    "RATEACV": 0.0,
    "RATEBCV": 0.0,
    "lake_Vol": 0.0
  }
}