{
  "data": {
    "BotElev": 276.0,
    "Length": 13404.493180696965,
    "OBJECTID": null,
    "PFAF": "3284613",
    "PFAF_CODE": 328461300000.0,
    "PF_TYPE": 4,
    "Shape_Leng": 0.13824028971,
    "Slope": 0.000149203701553,
    "TopElev": 278.0,
    "Tosegment": 3041124,
    "end_x": -105.77812500000005,
    "end_y": 58.917569444444496,
    "flow_acc": 21014.8,
    "seg_id": 3040964,
    "start_x": -105.78437500000018,
    "start_y": 58.84256944444451,
    "islake": 0,
    "lakeId": 0,
    "RATEACV": 0.0,
    "RATEBCV": 0.0,
    "lake_Vol": 0.0
  }
}