{
  "data": {
    "BotElev": 196.0,
    "Length": 14903.486711849273,
    "OBJECTID": null,
    "PFAF": "3224595",
    "PFAF_CODE": 322459500000.0,
    "PF_TYPE": 3,
    "Shape_Leng": 0.233506794,
    "Slope": 6.7098392432e-05,
    "TopElev": 197.0,
    "Tosegment": 3040349,
    "end_x": -117.55520833333344,
    "end_y": 64.71965277777775,
    "flow_acc": 16405.2,
    "seg_id": 3040254,
    "start_x": -117.75937500000003,
    "start_y": 64.64881944444454,
    "islake": 0,
    "lakeId": 0,
    "RATEACV": 0.0,
    "RATEBCV": 0.0,
    "lake_Vol": 0.0
  }
}