{
  "data": {
    "BotElev": 635.0,
    "Length": 3781.797635542687,
    "OBJECTID": null,
    "PFAF": "314433",
    "PFAF_CODE": 314433000000.0,
    "PF_TYPE": 3,
    "Shape_Leng": 0.03233249156,
    "Slope": 0.001850971594622,
    "TopElev": 642.0,
    "Tosegment": 3040378,
    "end_x": -123.14958333333334,
    "end_y": 51.941250000000764,
    "flow_acc": 16039.5,
    "seg_id": 3040181,
    "start_x": -123.15541666666661,
    "start_y": 51.961250000000916,
    "islake": 0,
    "lakeId": 0,
    "RATEACV": 0.0,
    "RATEBCV": 0.0,
    "lake_Vol": 0.0
  }
}