{
  "data": {
    "BotElev": 183.0,
    "Length": 18321.096796681035,
    "OBJECTID": null,
    "PFAF": "3224571",
    "PFAF_CODE": 322457100000.0,
    "PF_TYPE": 3,
    "Shape_Leng": 0.19889174465,
    "Slope": -0.000163745655257,
    "TopElev": 180.0,
    "Tosegment": 3041129,
    "end_x": -118.36145833333347,
    "end_y": 65.1384027777778,
    "flow_acc": 20754.8,
    "seg_id": 3040917,
    "start_x": -118.43229166666674,
    "start_y": 64.98631944444452,
    "islake": 0,
    "lakeId": 0,
    "RATEACV": 0.0,
    "RATEBCV": 0.0,
    "lake_Vol": 0.0
  }
}