{
  "data": {
    "BotElev": 780.0,
    "Length": 41636.52303349324,
    "OBJECTID": null,
    "PFAF": "342931",
    "PFAF_CODE": 342931000000.0,
    "PF_TYPE": 2,
    "Shape_Leng": 0.39511002863,
    "Slope": 0.000480347506056,
    "TopElev": 800.0,
    "Tosegment": 3041312,
    "end_x": -112.47208333333595,
    "end_y": 49.88791666666782,
    "flow_acc": 17825.1,
    "seg_id": 3040487,
    "start_x": -112.75958333333597,
    "start_y": 49.82541666666788,
    "islake": 0,
    "lakeId": 0,
    "RATEACV": 0.0,
    "RATEBCV": 0.0,
    "lake_Vol": 0.0
  }
}