{
  "data": {
    "BotElev": 287.0,
    "Length": 24691.487703113908,
    "OBJECTID": null,
    "PFAF": "324641",
    "PFAF_CODE": 324641000000.0,
    "PF_TYPE": 4,
    "Shape_Leng": 0.29788074179,
    "Slope": 0.000647996596737,
    "TopElev": 303.0,
    "Tosegment": 3042573,
    "end_x": -122.53854166666673,
    "end_y": 58.827986111111215,
    "flow_acc": 20544.1,
    "seg_id": 3040892,
    "start_x": -122.76562500000006,
    "start_y": 58.75715277777783,
    "islake": 0,
    "lakeId": 0,
    "RATEACV": 0.0,
    "RATEBCV": 0.0,
    "lake_Vol": 0.0
  }
}