{
  "data": {
    "BotElev": 389.0,
    "Length": 19258.0680494457,
    "OBJECTID": null,
    "PFAF": "3334739",
    "PFAF_CODE": 333473900000.0,
    "PF_TYPE": 3,
    "Shape_Leng": 0.2735088982,
    "Slope": -0.000726968040826,
    "TopElev": 375.0,
    "Tosegment": 3040274,
    "end_x": -113.04895833296064,
    "end_y": 65.24256944432443,
    "flow_acc": 15581.0,
    "seg_id": 3040103,
    "start_x": -112.79270833302303,
    "start_y": 65.20090277744129,
    "islake": 0,
    "lakeId": 0,
    "RATEACV": 0.0,
    "RATEBCV": 0.0,
    "lake_Vol": 0.0
  }
}