{
  "data": {
    "BotElev": 219.0,
    "Length": 56493.93385240816,
    "OBJECTID": null,
    "PFAF": "336771",
    "PFAF_CODE": 336771000000.0,
    "PF_TYPE": 2,
    "Shape_Leng": 0.61971455575,
    "Slope": 0.00086734976056,
    "TopElev": 268.0,
    "Tosegment": 3041491,
    "end_x": -104.88645833308556,
    "end_y": 63.00715277777863,
    "flow_acc": 20755.4,
    "seg_id": 3040918,
    "start_x": -104.79479166630233,
    "start_y": 62.740486111345035,
    "islake": 0,
    "lakeId": 0,
    "RATEACV": 0.0,
    "RATEBCV": 0.0,
    "lake_Vol": 0.0
  }
}