{
  "data": {
    "BotElev": 394.0,
    "Length": 9247.258846696794,
    "OBJECTID": null,
    "PFAF": "3382773",
    "PFAF_CODE": 338277300000.0,
    "PF_TYPE": 3,
    "Shape_Leng": 0.07639087333,
    "Slope": 0.000108140154459,
    "TopElev": 395.0,
    "Tosegment": 3040358,
    "end_x": -103.14958333300433,
    "end_y": 58.37291666687082,
    "flow_acc": 15250.8,
    "seg_id": 3040040,
    "start_x": -103.17708333312925,
    "start_y": 58.30791666682069,
    "islake": 0,
    "lakeId": 0,
    "RATEACV": 0.0,
    "RATEBCV": 0.0,
    "lake_Vol": 0.0
  }
}