{
  "data": {
    "BotElev": 429.0,
    "Length": 96433.22286415608,
    "OBJECTID": null,
    "PFAF": "324271",
    "PFAF_CODE": 324271000000.0,
    "PF_TYPE": 3,
    "Shape_Leng": 0.95982879332,
    "Slope": 0.001783617667143,
    "TopElev": 601.0,
    "Tosegment": 3040456,
    "end_x": -125.5593750000001,
    "end_y": 61.58006944444446,
    "flow_acc": 15285.0,
    "seg_id": 3040044,
    "start_x": -126.35520833333345,
    "start_y": 61.871736111111204,
    "islake": 0,
    "lakeId": 0,
    "RATEACV": 0.0,
    "RATEBCV": 0.0,
    "lake_Vol": 0.0
  }
}