{
  "data": {
    "BotElev": 293.0,
    "Length": 12710.480451955285,
    "OBJECTID": null,
    "PFAF": "3186933",
    "PFAF_CODE": 318693300000.0,
    "PF_TYPE": 3,
    "Shape_Leng": 0.18952200573,
    "Slope": 7.8675232127e-05,
    "TopElev": 294.0,
    "Tosegment": 3040617,
    "end_x": -137.95520833333342,
    "end_y": 66.69256944444453,
    "flow_acc": 18040.9,
    "seg_id": 3040519,
    "start_x": -138.13020833333326,
    "start_y": 66.66756944444438,
    "islake": 0,
    "lakeId": 0,
    "RATEACV": 0.0,
    "RATEBCV": 0.0,
    "lake_Vol": 0.0
  }
}