{
  "data": {
    "BotElev": 348.0,
    "Length": 22663.677561398377,
    "OBJECTID": null,
    "PFAF": "323217",
    "PFAF_CODE": 323217000000.0,
    "PF_TYPE": 3,
    "Shape_Leng": 0.33416035337,
    "Slope": 0.001720815163132,
    "TopElev": 387.0,
    "Tosegment": 3041018,
    "end_x": -126.45729166666678,
    "end_y": 64.22590277777783,
    "flow_acc": 20406.5,
    "seg_id": 3040866,
    "start_x": -126.74687500000005,
    "start_y": 64.1425694444444,
    "islake": 0,
    "lakeId": 0,
    "RATEACV": 0.0,
    "RATEBCV": 0.0,
    "lake_Vol": 0.0
  }
}