{
  "data": {
    "BotElev": 482.0,
    "Length": 6307.77373340737,
    "OBJECTID": null,
    "PFAF": "3389713",
    "PFAF_CODE": 338971300000.0,
    "PF_TYPE": 2,
    "Shape_Leng": 0.08417682814,
    "Slope": 0.001109741771955,
    "TopElev": 489.0,
    "Tosegment": 3040434,
    "end_x": -109.68208333307928,
    "end_y": 54.29541666674595,
    "flow_acc": 16265.6,
    "seg_id": 3040226,
    "start_x": -109.75625000043709,
    "start_y": 54.271250000187536,
    "islake": 0,
    "lakeId": 0,
    "RATEACV": 0.0,
    "RATEBCV": 0.0,
    "lake_Vol": 0.0
  }
}