{
  "data": {
    "BotElev": 754.0,
    "Length": 35722.97922977714,
    "OBJECTID": null,
    "PFAF": "342919",
    "PFAF_CODE": 342919000000.0,
    "PF_TYPE": 2,
    "Shape_Leng": 0.31089850874,
    "Slope": 0.000727822834506,
    "TopElev": 780.0,
    "Tosegment": 3041469,
    "end_x": -112.23208333333605,
    "end_y": 49.806250000001285,
    "flow_acc": 24235.0,
    "seg_id": 3041312,
    "start_x": -112.47208333333595,
    "start_y": 49.88791666666782,
    "islake": 0,
    "lakeId": 0,
    "RATEACV": 0.0,
    "RATEBCV": 0.0,
    "lake_Vol": 0.0
  }
}