{
  "data": {
    "BotElev": 640.0,
    "Length": 17480.45392524715,
    "OBJECTID": null,
    "PFAF": "32497",
    "PFAF_CODE": 324970000000.0,
    "PF_TYPE": 2,
    "Shape_Leng": 0.14966795924,
    "Slope": 0.0,
    "TopElev": 640.0,
    "Tosegment": 3041820,
    "end_x": -129.03645833333348,
    "end_y": 60.18840277777775,
    "flow_acc": 25617.8,
    "seg_id": 3041456,
    "start_x": -129.1531250000001,
    "start_y": 60.259236111111136,
    "islake": 0,
    "lakeId": 0,
    "RATEACV": 0.0,
    "RATEBCV": 0.0,
    "lake_Vol": 0.0
  }
}