{
  "data": {
    "BotElev": 561.0,
    "Length": 44608.85575316392,
    "OBJECTID": null,
    "PFAF": "31461",
    "PFAF_CODE": 314610000000.0,
    "PF_TYPE": 3,
    "Shape_Leng": 0.45154996368,
    "Slope": 0.000291421956033,
    "TopElev": 574.0,
    "Tosegment": 3043656,
    "end_x": -122.71791666666672,
    "end_y": 53.91791666666717,
    "flow_acc": 32974.9,
    "seg_id": 3041994,
    "start_x": -122.5587500000002,
    "start_y": 54.06458333333353,
    "islake": 0,
    "lakeId": 0,
    "RATEACV": 0.0,
    "RATEBCV": 0.0,
    "lake_Vol": 0.0
  }
}