{
  "data": {
    "BotElev": 640.0,
    "Length": 11943.080193795948,
    "OBJECTID": null,
    "PFAF": "324955",
    "PFAF_CODE": 324955000000.0,
    "PF_TYPE": 2,
    "Shape_Leng": 0.09082912447,
    "Slope": -8.3730493623e-05,
    "TopElev": 639.0,
    "Tosegment": 3041979,
    "end_x": -128.86979166666669,
    "end_y": 60.048819444444575,
    "flow_acc": 31921.3,
    "seg_id": 3041924,
    "start_x": -128.93645833333335,
    "start_y": 60.10715277777791,
    "islake": 0,
    "lakeId": 0,
    "RATEACV": 0.0,
    "RATEBCV": 0.0,
    "lake_Vol": 0.0
  }
}