{
  "data": {
    "BotElev": 639.0,
    "Length": 13872.133813971217,
    "OBJECTID": null,
    "PFAF": "324957",
    "PFAF_CODE": 324957000000.0,
    "PF_TYPE": 2,
    "Shape_Leng": 0.10678090416,
    "Slope": 7.2086963218e-05,
    "TopElev": 640.0,
    "Tosegment": 3041924,
    "end_x": -128.93645833333335,
    "end_y": 60.10715277777791,
    "flow_acc": 31380.4,
    "seg_id": 3041878,
    "start_x": -129.01562500000006,
    "start_y": 60.17381944444446,
    "islake": 0,
    "lakeId": 0,
    "RATEACV": 0.0,
    "RATEBCV": 0.0,
    "lake_Vol": 0.0
  }
}