{
  "data": {
    "BotElev": 71.0,
    "Length": 19200.743439337144,
    "OBJECTID": null,
    "PFAF": "333231",
    "PFAF_CODE": 333231000000.0,
    "PF_TYPE": 3,
    "Shape_Leng": 0.25053090431,
    "Slope": 0.00098954501736,
    "TopElev": 90.0,
    "Tosegment": 3041360,
    "end_x": -126.30520833299812,
    "end_y": 69.09673611078296,
    "flow_acc": 22580.9,
    "seg_id": 3041162,
    "start_x": -126.13020833334781,
    "start_y": 69.01965277745381,
    "islake": 0,
    "lakeId": 0,
    "RATEACV": 0.0,
    "RATEBCV": 0.0,
    "lake_Vol": 0.0
  }
}