{
  "data": {
    "BotElev": 156.0,
    "Length": 102030.58475135361,
    "OBJECTID": null,
    "PFAF": "3222315",
    "PFAF_CODE": 322231500000.0,
    "PF_TYPE": 3,
    "Shape_Leng": 1.32005711875,
    "Slope": 0.0,
    "TopElev": 156.0,
    "Tosegment": 3041347,
    "end_x": -120.66145833333343,
    "end_y": 65.12173611111109,
    "flow_acc": 23204.1,
    "seg_id": 3041222,
    "start_x": -121.48020833333345,
    "start_y": 64.85090277777783,
    "islake": 0,
    "lakeId": 0,
    "RATEACV": 0.0,
    "RATEBCV": 0.0,
    "lake_Vol": 0.0
  }
}