{
  "data": {
    "BotElev": 107.0,
    "Length": 12055.695055968412,
    "OBJECTID": null,
    "PFAF": "323611",
    "PFAF_CODE": 323611000000.0,
    "PF_TYPE": 3,
    "Shape_Leng": 0.0913346259,
    "Slope": -8.2948348922e-05,
    "TopElev": 106.0,
    "Tosegment": 3045305,
    "end_x": -123.20729166666672,
    "end_y": 62.81340277777787,
    "flow_acc": 21437.4,
    "seg_id": 3041012,
    "start_x": -123.1427083333333,
    "start_y": 62.74881944444451,
    "islake": 0,
    "lakeId": 0,
    "RATEACV": 0.0,
    "RATEBCV": 0.0,
    "lake_Vol": 0.0
  }
}