{
  "data": {
    "BotElev": 458.0,
    "Length": 26320.268820712987,
    "OBJECTID": null,
    "PFAF": "3424411",
    "PFAF_CODE": 342441100000.0,
    "PF_TYPE": 4,
    "Shape_Leng": 0.25078006239,
    "Slope": 0.000569902993855,
    "TopElev": 473.0,
    "Tosegment": 3043841,
    "end_x": -108.25541666667044,
    "end_y": 52.72375000000062,
    "flow_acc": 27344.7,
    "seg_id": 3041597,
    "start_x": -108.45541666667032,
    "start_y": 52.762083333333806,
    "islake": 0,
    "lakeId": 0,
    "RATEACV": 0.0,
    "RATEBCV": 0.0,
    "lake_Vol": 0.0
  }
}