{
  "data": {
    "BotElev": 156.0,
    "Length": 5619.484303139136,
    "OBJECTID": null,
    "PFAF": "32275",
    "PFAF_CODE": 322750000000.0,
    "PF_TYPE": 2,
    "Shape_Leng": 0.08544206939,
    "Slope": 0.0,
    "TopElev": 156.0,
    "Tosegment": 3041999,
    "end_x": -121.11354166666678,
    "end_y": 66.15715277777787,
    "flow_acc": 30854.3,
    "seg_id": 3041839,
    "start_x": -121.05312500000014,
    "start_y": 66.21756944444456,
    "islake": 0,
    "lakeId": 0,
    "RATEACV": 0.0,
    "RATEBCV": 0.0,
    "lake_Vol": 0.0
  }
}