{
  "data": {
    "BotElev": 373.0,
    "Length": 11135.972051113335,
    "OBJECTID": null,
    "PFAF": "333457",
    "PFAF_CODE": 333457000000.0,
    "PF_TYPE": 3,
    "Shape_Leng": 0.1253828463,
    "Slope": 0.0,
    "TopElev": 373.0,
    "Tosegment": 3041428,
    "end_x": -114.35937499955651,
    "end_y": 65.59465277800342,
    "flow_acc": 24345.8,
    "seg_id": 3041319,
    "start_x": -114.39062499994373,
    "start_y": 65.51340277771612,
    "islake": 0,
    "lakeId": 0,
    "RATEACV": 0.0,
    "RATEBCV": 0.0,
    "lake_Vol": 0.0
  }
}