{
  "data": {
    "BotElev": 119.0,
    "Length": 12809.603134007688,
    "OBJECTID": null,
    "PFAF": "332353",
    "PFAF_CODE": 332353000000.0,
    "PF_TYPE": 2,
    "Shape_Leng": 0.18586084016,
    "Slope": 0.000156132862125,
    "TopElev": 121.0,
    "Tosegment": 3041892,
    "end_x": -126.70312499961892,
    "end_y": 68.58840277786601,
    "flow_acc": 31161.6,
    "seg_id": 3041857,
    "start_x": -126.53020833344777,
    "start_y": 68.56131944443695,
    "islake": 0,
    "lakeId": 0,
    "RATEACV": 0.0,
    "RATEBCV": 0.0,
    "lake_Vol": 0.0
  }
}