{
  "data": {
    "BotElev": 636.0,
    "Length": 57128.32508226587,
    "OBJECTID": null,
    "PFAF": "342633",
    "PFAF_CODE": 342633000000.0,
    "PF_TYPE": 3,
    "Shape_Leng": 0.44147637055,
    "Slope": 0.000210053418908,
    "TopElev": 648.0,
    "Tosegment": 3042123,
    "end_x": -111.81375000000287,
    "end_y": 50.842083333334415,
    "flow_acc": 32297.5,
    "seg_id": 3041952,
    "start_x": -111.97958333333611,
    "start_y": 51.07458333333432,
    "islake": 0,
    "lakeId": 0,
    "RATEACV": 0.0,
    "RATEBCV": 0.0,
    "lake_Vol": 0.0
  }
}