{
  "data": {
    "BotElev": 686.0,
    "Length": 9475.558452488345,
    "OBJECTID": null,
    "PFAF": "342653",
    "PFAF_CODE": 342653000000.0,
    "PF_TYPE": 3,
    "Shape_Leng": 0.0772242063,
    "Slope": 0.0,
    "TopElev": 686.0,
    "Tosegment": 3041294,
    "end_x": -112.8345833333359,
    "end_y": 51.50041666666755,
    "flow_acc": 21461.5,
    "seg_id": 3041020,
    "start_x": -112.88208333333586,
    "start_y": 51.53625000000085,
    "islake": 0,
    "lakeId": 0,
    "RATEACV": 0.0,
    "RATEBCV": 0.0,
    "lake_Vol": 0.0
  }
}