{
  "data": {
    "BotElev": 497.0,
    "Length": 15567.801817042451,
    "OBJECTID": null,
    "PFAF": "34244153",
    "PFAF_CODE": 342441530000.0,
    "PF_TYPE": 4,
    "Shape_Leng": 0.1482699013,
    "Slope": 0.000513881156378,
    "TopElev": 505.0,
    "Tosegment": 3041509,
    "end_x": -108.83208333333698,
    "end_y": 52.88708333333386,
    "flow_acc": 25622.5,
    "seg_id": 3041458,
    "start_x": -108.9512500000036,
    "start_y": 52.906250000000455,
    "islake": 0,
    "lakeId": 0,
    "RATEACV": 0.0,
    "RATEBCV": 0.0,
    "lake_Vol": 0.0
  }
}