{
  "data": {
    "BotElev": 572.0,
    "Length": 41671.73948155703,
    "OBJECTID": null,
    "PFAF": "312817",
    "PFAF_CODE": 312817000000.0,
    "PF_TYPE": 3,
    "Shape_Leng": 0.26669294108,
    "Slope": 0.0,
    "TopElev": 572.0,
    "Tosegment": 3041534,
    "end_x": -118.46791666666775,
    "end_y": 51.45291666666776,
    "flow_acc": 24806.4,
    "seg_id": 3041371,
    "start_x": -118.62208333333456,
    "start_y": 51.64208333333448,
    "islake": 0,
    "lakeId": 0,
    "RATEACV": 0.0,
    "RATEBCV": 0.0,
    "lake_Vol": 0.0
  }
}