{
  "data": {
    "BotElev": 334.0,
    "Length": 10966.14826157626,
    "OBJECTID": null,
    "PFAF": "3382733",
    "PFAF_CODE": 338273300000.0,
    "PF_TYPE": 3,
    "Shape_Leng": 0.14071067864,
    "Slope": 0.0,
    "TopElev": 334.0,
    "Tosegment": 3041886,
    "end_x": -101.72541666654587,
    "end_y": 57.80208333317944,
    "flow_acc": 30680.8,
    "seg_id": 3041827,
    "start_x": -101.61208333337902,
    "start_y": 57.85875000021247,
    "islake": 0,
    "lakeId": 0,
    "RATEACV": 0.0,
    "RATEBCV": 0.0,
    "lake_Vol": 0.0
  }
}