{
  "data": {
    "BotElev": 127.0,
    "Length": 11765.385086298145,
    "OBJECTID": null,
    "PFAF": "332373",
    "PFAF_CODE": 332373000000.0,
    "PF_TYPE": 2,
    "Shape_Leng": 0.16868867239,
    "Slope": 0.000594965651244,
    "TopElev": 134.0,
    "Tosegment": 3041796,
    "end_x": -126.23229166662708,
    "end_y": 68.49881944456183,
    "flow_acc": 29735.0,
    "seg_id": 3041771,
    "start_x": -126.07812499996874,
    "start_y": 68.46965277765372,
    "islake": 0,
    "lakeId": 0,
    "RATEACV": 0.0,
    "RATEBCV": 0.0,
    "lake_Vol": 0.0
  }
}