{
  "data": {
    "BotElev": 518.0,
    "Length": 82211.0762208661,
    "OBJECTID": null,
    "PFAF": "318851",
    "PFAF_CODE": 318851000000.0,
    "PF_TYPE": 3,
    "Shape_Leng": 0.95466164594,
    "Slope": 1.2163811082e-05,
    "TopElev": 519.0,
    "Tosegment": 3042163,
    "end_x": -135.9802083333334,
    "end_y": 63.58631944444443,
    "flow_acc": 31752.4,
    "seg_id": 3041910,
    "start_x": -135.1072916666667,
    "start_y": 63.448819444444496,
    "islake": 0,
    "lakeId": 0,
    "RATEACV": 0.0,
    "RATEBCV": 0.0,
    "lake_Vol": 0.0
  }
}