{
  "data": {
    "BotElev": 156.0,
    "Length": 8315.09184403373,
    "OBJECTID": null,
    "PFAF": "32273",
    "PFAF_CODE": 322730000000.0,
    "PF_TYPE": 2,
    "Shape_Leng": 0.12668996496,
    "Slope": 0.0,
    "TopElev": 156.0,
    "Tosegment": 3042280,
    "end_x": -121.20312500000006,
    "end_y": 66.06756944444436,
    "flow_acc": 32998.9,
    "seg_id": 3041999,
    "start_x": -121.11354166666678,
    "start_y": 66.15715277777787,
    "islake": 0,
    "lakeId": 0,
    "RATEACV": 0.0,
    "RATEBCV": 0.0,
    "lake_Vol": 0.0
  }
}