{
  "data": {
    "BotElev": 589.0,
    "Length": 23955.38883915318,
    "OBJECTID": null,
    "PFAF": "31894711",
    "PFAF_CODE": 318947110000.0,
    "PF_TYPE": 4,
    "Shape_Leng": 0.23609562877,
    "Slope": 0.000918373738273,
    "TopElev": 611.0,
    "Tosegment": 3041712,
    "end_x": -134.3614583333333,
    "end_y": 62.569652777777776,
    "flow_acc": 24945.6,
    "seg_id": 3041383,
    "start_x": -134.16770833333345,
    "start_y": 62.482152777777685,
    "islake": 0,
    "lakeId": 0,
    "RATEACV": 0.0,
    "RATEBCV": 0.0,
    "lake_Vol": 0.0
  }
}