{
  "data": {
    "BotElev": 520.0,
    "Length": 6807.627334966108,
    "OBJECTID": null,
    "PFAF": "3189257",
    "PFAF_CODE": 318925700000.0,
    "PF_TYPE": 4,
    "Shape_Leng": 0.09312184335,
    "Slope": 0.000734470286633,
    "TopElev": 525.0,
    "Tosegment": 3041697,
    "end_x": -139.43020833333344,
    "end_y": 62.53215277777775,
    "flow_acc": 27208.3,
    "seg_id": 3041587,
    "start_x": -139.45729166666678,
    "start_y": 62.457152777777765,
    "islake": 0,
    "lakeId": 0,
    "RATEACV": 0.0,
    "RATEBCV": 0.0,
    "lake_Vol": 0.0
  }
}