{
  "data": {
    "BotElev": 731.0,
    "Length": 37207.36804892528,
    "OBJECTID": null,
    "PFAF": "342917",
    "PFAF_CODE": 342917000000.0,
    "PF_TYPE": 2,
    "Shape_Leng": 0.34614556254,
    "Slope": 0.000618157134086,
    "TopElev": 754.0,
    "Tosegment": 3041630,
    "end_x": -112.0812500000028,
    "end_y": 49.95791666666787,
    "flow_acc": 25786.2,
    "seg_id": 3041469,
    "start_x": -112.23208333333605,
    "start_y": 49.806250000001285,
    "islake": 0,
    "lakeId": 0,
    "RATEACV": 0.0,
    "RATEBCV": 0.0,
    "lake_Vol": 0.0
  }
}