{
  "data": {
    "BotElev": 225.0,
    "Length": 46197.78986660934,
    "OBJECTID": null,
    "PFAF": "321273",
    "PFAF_CODE": 321273000000.0,
    "PF_TYPE": 3,
    "Shape_Leng": 0.60823608085,
    "Slope": 0.001580162172493,
    "TopElev": 298.0,
    "Tosegment": 3041669,
    "end_x": -135.44895833333334,
    "end_y": 65.85298611111119,
    "flow_acc": 27760.5,
    "seg_id": 3041628,
    "start_x": -136.0114583333334,
    "start_y": 65.8925694444444,
    "islake": 0,
    "lakeId": 0,
    "RATEACV": 0.0,
    "RATEBCV": 0.0,
    "lake_Vol": 0.0
  }
}