{
  "data": {
    "BotElev": 473.0,
    "Length": 20209.28561752783,
    "OBJECTID": null,
    "PFAF": "3424413",
    "PFAF_CODE": 342441300000.0,
    "PF_TYPE": 4,
    "Shape_Leng": 0.17025721489,
    "Slope": 0.000494822043157,
    "TopElev": 483.0,
    "Tosegment": 3041597,
    "end_x": -108.45541666667032,
    "end_y": 52.762083333333806,
    "flow_acc": 26768.3,
    "seg_id": 3041545,
    "start_x": -108.57791666667038,
    "start_y": 52.8229166666672,
    "islake": 0,
    "lakeId": 0,
    "RATEACV": 0.0,
    "RATEBCV": 0.0,
    "lake_Vol": 0.0
  }
}