{
  "data": {
    "BotElev": 434.0,
    "Length": 6962.423855447452,
    "OBJECTID": null,
    "PFAF": "3128151",
    "PFAF_CODE": 312815100000.0,
    "PF_TYPE": 3,
    "Shape_Leng": 0.04995093791,
    "Slope": 0.001149025133502,
    "TopElev": 442.0,
    "Tosegment": 3041690,
    "end_x": -118.20791666666793,
    "end_y": 50.9820833333344,
    "flow_acc": 27049.6,
    "seg_id": 3041573,
    "start_x": -118.23125000000113,
    "start_y": 51.01375000000127,
    "islake": 0,
    "lakeId": 0,
    "RATEACV": 0.0,
    "RATEBCV": 0.0,
    "lake_Vol": 0.0
  }
}