{
  "data": {
    "BotElev": 156.0,
    "Length": 12040.416899719423,
    "OBJECTID": null,
    "PFAF": "322611",
    "PFAF_CODE": 322611000000.0,
    "PF_TYPE": 3,
    "Shape_Leng": 0.09606812161,
    "Slope": 0.0,
    "TopElev": 156.0,
    "Tosegment": 3043188,
    "end_x": -121.23854166666666,
    "end_y": 66.03215277777775,
    "flow_acc": 22519.3,
    "seg_id": 3041157,
    "start_x": -121.28437500000001,
    "start_y": 66.10923611111116,
    "islake": 0,
    "lakeId": 0,
    "RATEACV": 0.0,
    "RATEBCV": 0.0,
    "lake_Vol": 0.0
  }
}