{
  "data": {
    "BotElev": 157.0,
    "Length": 32196.327093386237,
    "OBJECTID": null,
    "PFAF": "326273",
    "PFAF_CODE": 326273000000.0,
    "PF_TYPE": 3,
    "Shape_Leng": 0.24403559373,
    "Slope": 0.0,
    "TopElev": 157.0,
    "Tosegment": 3041647,
    "end_x": -116.07604166666681,
    "end_y": 62.82798611111116,
    "flow_acc": 27056.0,
    "seg_id": 3041575,
    "start_x": -116.25104166666665,
    "start_y": 62.994652777777844,
    "islake": 0,
    "lakeId": 0,
    "RATEACV": 0.0,
    "RATEBCV": 0.0,
    "lake_Vol": 0.0
  }
}