{
  "data": {
    "BotElev": 480.0,
    "Length": 5471.87636645276,
    "OBJECTID": null,
    "PFAF": "32945",
    "PFAF_CODE": 329450000000.0,
    "PF_TYPE": 3,
    "Shape_Leng": 0.06229061445,
    "Slope": 0.001644774003882,
    "TopElev": 489.0,
    "Tosegment": 3042075,
    "end_x": -118.25312500000001,
    "end_y": 55.15923611111111,
    "flow_acc": 28476.7,
    "seg_id": 3041675,
    "start_x": -118.29895833333336,
    "start_y": 55.13423611111119,
    "islake": 0,
    "lakeId": 0,
    "RATEACV": 0.0,
    "RATEBCV": 0.0,
    "lake_Vol": 0.0
  }
}