{
  "data": {
    "BotElev": 288.0,
    "Length": 11885.309692142911,
    "OBJECTID": null,
    "PFAF": "3186913",
    "PFAF_CODE": 318691300000.0,
    "PF_TYPE": 3,
    "Shape_Leng": 0.19981601718,
    "Slope": -0.000252412438355,
    "TopElev": 285.0,
    "Tosegment": 3041314,
    "end_x": -137.69895833333334,
    "end_y": 66.93215277777779,
    "flow_acc": 22026.7,
    "seg_id": 3041084,
    "start_x": -137.86354166666672,
    "start_y": 66.85298611111119,
    "islake": 0,
    "lakeId": 0,
    "RATEACV": 0.0,
    "RATEBCV": 0.0,
    "lake_Vol": 0.0
  }
}