{
  "data": {
    "BotElev": 332.0,
    "Length": 6569.353648707826,
    "OBJECTID": null,
    "PFAF": "327471",
    "PFAF_CODE": 327471000000.0,
    "PF_TYPE": 3,
    "Shape_Leng": 0.05776650429,
    "Slope": 0.000761109884986,
    "TopElev": 337.0,
    "Tosegment": 3042048,
    "end_x": -118.33020833333342,
    "end_y": 58.869652777777844,
    "flow_acc": 22185.1,
    "seg_id": 3041119,
    "start_x": -118.37395833333346,
    "start_y": 58.89465277777782,
    "islake": 0,
    "lakeId": 0,
    "RATEACV": 0.0,
    "RATEBCV": 0.0,
    "lake_Vol": 0.0
  }
}