{
  "data": {
    "BotElev": 488.0,
    "Length": 28269.450660172777,
    "OBJECTID": null,
    "PFAF": "3189417",
    "PFAF_CODE": 318941700000.0,
    "PF_TYPE": 4,
    "Shape_Leng": 0.33014174465,
    "Slope": 0.001061216235173,
    "TopElev": 518.0,
    "Tosegment": 3042718,
    "end_x": -136.21562500000005,
    "end_y": 62.80506944444443,
    "flow_acc": 47783.4,
    "seg_id": 3042700,
    "start_x": -135.98854166666655,
    "start_y": 62.85298611111108,
    "islake": 0,
    "lakeId": 0,
    "RATEACV": 0.0,
    "RATEBCV": 0.0,
    "lake_Vol": 0.0
  }
}