{
  "data": {
    "BotElev": 530.0,
    "Length": 40039.05036613251,
    "OBJECTID": null,
    "PFAF": "34247153",
    "PFAF_CODE": 342471530000.0,
    "PF_TYPE": 3,
    "Shape_Leng": 0.40489766697,
    "Slope": 0.000324683025225,
    "TopElev": 543.0,
    "Tosegment": 3042597,
    "end_x": -111.47625000000295,
    "end_y": 53.7995833333336,
    "flow_acc": 44155.2,
    "seg_id": 3042562,
    "start_x": -111.73791666666949,
    "start_y": 53.91041666666689,
    "islake": 0,
    "lakeId": 0,
    "RATEACV": 0.0,
    "RATEBCV": 0.0,
    "lake_Vol": 0.0
  }
}