{
  "data": {
    "BotElev": 334.0,
    "Length": 6602.995683292502,
    "OBJECTID": null,
    "PFAF": "3382711",
    "PFAF_CODE": 338271100000.0,
    "PF_TYPE": 3,
    "Shape_Leng": 0.06366414135,
    "Slope": 0.00015144641129,
    "TopElev": 335.0,
    "Tosegment": 3042976,
    "end_x": -102.28125000008743,
    "end_y": 57.44708333352912,
    "flow_acc": 35879.4,
    "seg_id": 3042180,
    "start_x": -102.24625000033717,
    "start_y": 57.49625000003755,
    "islake": 0,
    "lakeId": 0,
    "RATEACV": 0.0,
    "RATEBCV": 0.0,
    "lake_Vol": 0.0
  }
}