{
  "data": {
    "BotElev": 525.0,
    "Length": 15097.814492389756,
    "OBJECTID": null,
    "PFAF": "3129511",
    "PFAF_CODE": 312951100000.0,
    "PF_TYPE": 2,
    "Shape_Leng": 0.10634181088,
    "Slope": 0.000331173760449,
    "TopElev": 530.0,
    "Tosegment": 3042681,
    "end_x": -116.92458333333497,
    "end_y": 49.634583333335,
    "flow_acc": 38901.2,
    "seg_id": 3042342,
    "start_x": -116.83791666666826,
    "start_y": 49.58708333333482,
    "islake": 0,
    "lakeId": 0,
    "RATEACV": 0.0,
    "RATEBCV": 0.0,
    "lake_Vol": 0.0
  }
}