{
  "data": {
    "BotElev": 528.0,
    "Length": 33409.61239413297,
    "OBJECTID": null,
    "PFAF": "34247151",
    "PFAF_CODE": 342471510000.0,
    "PF_TYPE": 3,
    "Shape_Leng": 0.36286550015,
    "Slope": 5.9863011172e-05,
    "TopElev": 530.0,
    "Tosegment": 3042640,
    "end_x": -111.15125000000302,
    "end_y": 53.75125000000031,
    "flow_acc": 44952.4,
    "seg_id": 3042597,
    "start_x": -111.47625000000295,
    "start_y": 53.7995833333336,
    "islake": 0,
    "lakeId": 0,
    "RATEACV": 0.0,
    "RATEBCV": 0.0,
    "lake_Vol": 0.0
  }
}