{
  "data": {
    "BotElev": 370.0,
    "Length": 31813.523640598632,
    "OBJECTID": null,
    "PFAF": "3292351",
    "PFAF_CODE": 329235100000.0,
    "PF_TYPE": 3,
    "Shape_Leng": 0.27231391275,
    "Slope": 0.000817262504265,
    "TopElev": 396.0,
    "Tosegment": 3042084,
    "end_x": -115.49062500000014,
    "end_y": 57.52381944444443,
    "flow_acc": 33468.1,
    "seg_id": 3042027,
    "start_x": -115.32187500000015,
    "start_y": 57.39256944444452,
    "islake": 0,
    "lakeId": 0,
    "RATEACV": 0.0,
    "RATEBCV": 0.0,
    "lake_Vol": 0.0
  }
}