{
  "data": {
    "BotElev": 302.0,
    "Length": 15366.708579752276,
    "OBJECTID": null,
    "PFAF": "3274591",
    "PFAF_CODE": 327459100000.0,
    "PF_TYPE": 3,
    "Shape_Leng": 0.17481601718,
    "Slope": 0.00097613616619,
    "TopElev": 317.0,
    "Tosegment": 3042217,
    "end_x": -117.7177083333334,
    "end_y": 59.038402777777776,
    "flow_acc": 35269.3,
    "seg_id": 3042143,
    "start_x": -117.84270833333346,
    "start_y": 58.990486111111125,
    "islake": 0,
    "lakeId": 0,
    "RATEACV": 0.0,
    "RATEBCV": 0.0,
    "lake_Vol": 0.0
  }
}