{
  "data": {
    "BotElev": 586.0,
    "Length": 21635.987910909942,
    "OBJECTID": null,
    "PFAF": "342475",
    "PFAF_CODE": 342475000000.0,
    "PF_TYPE": 3,
    "Shape_Leng": 0.25983844379,
    "Slope": 0.0003235350301,
    "TopElev": 593.0,
    "Tosegment": 3042126,
    "end_x": -112.97208333333583,
    "end_y": 53.887916666666854,
    "flow_acc": 33411.7,
    "seg_id": 3042024,
    "start_x": -113.16708333333582,
    "start_y": 53.76791666666696,
    "islake": 0,
    "lakeId": 0,
    "RATEACV": 0.0,
    "RATEBCV": 0.0,
    "lake_Vol": 0.0
  }
}