{
  "data": {
    "BotElev": 292.0,
    "Length": 19469.81911457275,
    "OBJECTID": null,
    "PFAF": "3274371",
    "PFAF_CODE": 327437100000.0,
    "PF_TYPE": 3,
    "Shape_Leng": 0.25243025467,
    "Slope": -5.1361545483e-05,
    "TopElev": 291.0,
    "Tosegment": 3042941,
    "end_x": -116.97395833333343,
    "end_y": 59.8071527777779,
    "flow_acc": 50832.9,
    "seg_id": 3042842,
    "start_x": -117.13854166666681,
    "start_y": 59.63631944444438,
    "islake": 0,
    "lakeId": 0,
    "RATEACV": 0.0,
    "RATEBCV": 0.0,
    "lake_Vol": 0.0
  }
}