{
  "data": {
    "BotElev": 303.0,
    "Length": 4564.317415960516,
    "OBJECTID": null,
    "PFAF": "3274519",
    "PFAF_CODE": 327451900000.0,
    "PF_TYPE": 3,
    "Shape_Leng": 0.06487944922,
    "Slope": -0.001314544860316,
    "TopElev": 297.0,
    "Tosegment": 3042403,
    "end_x": -117.4343750000001,
    "end_y": 59.2134027777779,
    "flow_acc": 39474.8,
    "seg_id": 3042362,
    "start_x": -117.49062500000008,
    "start_y": 59.192569444444416,
    "islake": 0,
    "lakeId": 0,
    "RATEACV": 0.0,
    "RATEBCV": 0.0,
    "lake_Vol": 0.0
  }
}