{
  "data": {
    "BotElev": 597.0,
    "Length": 65111.37776832464,
    "OBJECTID": null,
    "PFAF": "342615",
    "PFAF_CODE": 342615000000.0,
    "PF_TYPE": 3,
    "Shape_Leng": 0.65814303722,
    "Slope": 0.000261091080894,
    "TopElev": 614.0,
    "Tosegment": 3042525,
    "end_x": -110.49208333333655,
    "end_y": 50.86041666666779,
    "flow_acc": 42366.6,
    "seg_id": 3042499,
    "start_x": -111.05125000000305,
    "start_y": 50.91458333333429,
    "islake": 0,
    "lakeId": 0,
    "RATEACV": 0.0,
    "RATEBCV": 0.0,
    "lake_Vol": 0.0
  }
}