{
  "data": {
    "BotElev": 187.0,
    "Length": 17075.82880647703,
    "OBJECTID": null,
    "PFAF": "3242113",
    "PFAF_CODE": 324211300000.0,
    "PF_TYPE": 3,
    "Shape_Leng": 0.15160323463,
    "Slope": 0.000292811555835,
    "TopElev": 192.0,
    "Tosegment": 3042264,
    "end_x": -123.58020833333342,
    "end_y": 61.07798611111116,
    "flow_acc": 36923.8,
    "seg_id": 3042234,
    "start_x": -123.6822916666668,
    "start_y": 61.155069444444564,
    "islake": 0,
    "lakeId": 0,
    "RATEACV": 0.0,
    "RATEBCV": 0.0,
    "lake_Vol": 0.0
  }
}