{
  "data": {
    "BotElev": 335.0,
    "Length": 25134.703486167495,
    "OBJECTID": null,
    "PFAF": "3382717",
    "PFAF_CODE": 338271700000.0,
    "PF_TYPE": 3,
    "Shape_Leng": 0.30012439808,
    "Slope": -3.978562948e-05,
    "TopElev": 334.0,
    "Tosegment": 3042120,
    "end_x": -102.15041666659585,
    "end_y": 57.54875000011248,
    "flow_acc": 34573.7,
    "seg_id": 3042097,
    "start_x": -101.92625000043705,
    "start_y": 57.67791666682075,
    "islake": 0,
    "lakeId": 0,
    "RATEACV": 0.0,
    "RATEBCV": 0.0,
    "lake_Vol": 0.0
  }
}