{
  "data": {
    "BotElev": 597.0,
    "Length": 34671.8156907823,
    "OBJECTID": null,
    "PFAF": "328951",
    "PFAF_CODE": 328951000000.0,
    "PF_TYPE": 2,
    "Shape_Leng": 0.35076569243,
    "Slope": 0.000778730489363,
    "TopElev": 624.0,
    "Tosegment": 3042175,
    "end_x": -114.78437500000013,
    "end_y": 54.31756944444459,
    "flow_acc": 33491.7,
    "seg_id": 3042031,
    "start_x": -115.00937500000015,
    "start_y": 54.25923611111125,
    "islake": 0,
    "lakeId": 0,
    "RATEACV": 0.0,
    "RATEBCV": 0.0,
    "lake_Vol": 0.0
  }
}