{
  "data": {
    "BotElev": 460.0,
    "Length": 41031.34309025156,
    "OBJECTID": null,
    "PFAF": "329437",
    "PFAF_CODE": 329437000000.0,
    "PF_TYPE": 3,
    "Shape_Leng": 0.41457281118,
    "Slope": 0.000487432252851,
    "TopElev": 480.0,
    "Tosegment": 3042124,
    "end_x": -118.22395833333343,
    "end_y": 55.35506944444455,
    "flow_acc": 34233.8,
    "seg_id": 3042075,
    "start_x": -118.25312500000001,
    "start_y": 55.15923611111111,
    "islake": 0,
    "lakeId": 0,
    "RATEACV": 0.0,
    "RATEBCV": 0.0,
    "lake_Vol": 0.0
  }
}