{
  "data": {
    "BotElev": 6.0,
    "Length": 8183.1399243075,
    "OBJECTID": null,
    "PFAF": "3154311",
    "PFAF_CODE": 315431100000.0,
    "PF_TYPE": 3,
    "Shape_Leng": 0.0852470538,
    "Slope": 0.000366607442589,
    "TopElev": 9.0,
    "Tosegment": 3042828,
    "end_x": -131.78874999999778,
    "end_y": 56.742083333333085,
    "flow_acc": 40585.1,
    "seg_id": 3042422,
    "start_x": -131.78291666666445,
    "start_y": 56.80208333333292,
    "islake": 0,
    "lakeId": 0,
    "RATEACV": 0.0,
    "RATEBCV": 0.0,
    "lake_Vol": 0.0
  }
}