{
  "data": {
    "BotElev": 331.0,
    "Length": 8438.490858059879,
    "OBJECTID": null,
    "PFAF": "3274597",
    "PFAF_CODE": 327459700000.0,
    "PF_TYPE": 3,
    "Shape_Leng": 0.10553511302,
    "Slope": 0.000118504601927,
    "TopElev": 332.0,
    "Tosegment": 3042079,
    "end_x": -118.22812500000009,
    "end_y": 58.86548611111124,
    "flow_acc": 33746.1,
    "seg_id": 3042048,
    "start_x": -118.33020833333342,
    "start_y": 58.869652777777844,
    "islake": 0,
    "lakeId": 0,
    "RATEACV": 0.0,
    "RATEBCV": 0.0,
    "lake_Vol": 0.0
  }
}