{
  "data": {
    "BotElev": 317.0,
    "Length": 18388.43334923783,
    "OBJECTID": null,
    "PFAF": "3274593",
    "PFAF_CODE": 327459300000.0,
    "PF_TYPE": 3,
    "Shape_Leng": 0.20814935051,
    "Slope": 0.000489438106503,
    "TopElev": 326.0,
    "Tosegment": 3042143,
    "end_x": -117.84270833333346,
    "end_y": 58.990486111111125,
    "flow_acc": 34782.9,
    "seg_id": 3042116,
    "start_x": -117.97604166666679,
    "start_y": 58.934236111111204,
    "islake": 0,
    "lakeId": 0,
    "RATEACV": 0.0,
    "RATEBCV": 0.0,
    "lake_Vol": 0.0
  }
}