{
  "data": {
    "BotElev": 249.0,
    "Length": 46052.14427553242,
    "OBJECTID": null,
    "PFAF": "318673",
    "PFAF_CODE": 318673000000.0,
    "PF_TYPE": 3,
    "Shape_Leng": 0.66011002863,
    "Slope": 6.5143546456e-05,
    "TopElev": 252.0,
    "Tosegment": 3042446,
    "end_x": -139.76145833333334,
    "end_y": 67.55506944444454,
    "flow_acc": 40818.3,
    "seg_id": 3042432,
    "start_x": -139.15312500000005,
    "start_y": 67.5467361111111,
    "islake": 0,
    "lakeId": 0,
    "RATEACV": 0.0,
    "RATEBCV": 0.0,
    "lake_Vol": 0.0
  }
}