{
  "data": {
    "BotElev": 543.0,
    "Length": 17056.865420238642,
    "OBJECTID": null,
    "PFAF": "328911",
    "PFAF_CODE": 328911000000.0,
    "PF_TYPE": 2,
    "Shape_Leng": 0.14829951288,
    "Slope": 0.000703529030941,
    "TopElev": 555.0,
    "Tosegment": 3043541,
    "end_x": -114.05937500000016,
    "end_y": 55.16131944444453,
    "flow_acc": 52735.0,
    "seg_id": 3042934,
    "start_x": -114.09270833333335,
    "start_y": 55.0467361111111,
    "islake": 0,
    "lakeId": 0,
    "RATEACV": 0.0,
    "RATEBCV": 0.0,
    "lake_Vol": 0.0
  }
}