{
  "data": {
    "BotElev": 588.0,
    "Length": 2012.9753126847322,
    "OBJECTID": null,
    "PFAF": "342473",
    "PFAF_CODE": 342473000000.0,
    "PF_TYPE": 3,
    "Shape_Leng": 0.02623773448,
    "Slope": -0.000993554162039,
    "TopElev": 586.0,
    "Tosegment": 3042314,
    "end_x": -112.94791666666924,
    "end_y": 53.89291666666702,
    "flow_acc": 34987.6,
    "seg_id": 3042126,
    "start_x": -112.97208333333583,
    "start_y": 53.887916666666854,
    "islake": 0,
    "lakeId": 0,
    "RATEACV": 0.0,
    "RATEBCV": 0.0,
    "lake_Vol": 0.0
  }
}