{
  "data": {
    "BotElev": 298.0,
    "Length": 1605.8516916870835,
    "OBJECTID": null,
    "PFAF": "3274515",
    "PFAF_CODE": 327451500000.0,
    "PF_TYPE": 3,
    "Shape_Leng": 0.02357022604,
    "Slope": 0.001245445024813,
    "TopElev": 300.0,
    "Tosegment": 3042455,
    "end_x": -117.24062500000014,
    "end_y": 59.411319444444416,
    "flow_acc": 40547.2,
    "seg_id": 3042420,
    "start_x": -117.25729166666673,
    "start_y": 59.39465277777788,
    "islake": 0,
    "lakeId": 0,
    "RATEACV": 0.0,
    "RATEBCV": 0.0,
    "lake_Vol": 0.0
  }
}