{
  "data": {
    "BotElev": 171.0,
    "Length": 10367.710779003737,
    "OBJECTID": null,
    "PFAF": "334773",
    "PFAF_CODE": 334773000000.0,
    "PF_TYPE": 2,
    "Shape_Leng": 0.149014398,
    "Slope": 0.0,
    "TopElev": 171.0,
    "Tosegment": 3042631,
    "end_x": -103.37187499993126,
    "end_y": 65.39673611098289,
    "flow_acc": 45389.0,
    "seg_id": 3042609,
    "start_x": -103.49687499968138,
    "start_y": 65.35298611151984,
    "islake": 0,
    "lakeId": 0,
    "RATEACV": 0.0,
    "RATEBCV": 0.0,
    "lake_Vol": 0.0
  }
}