{
  "data": {
    "BotElev": 334.0,
    "Length": 16908.89927183539,
    "OBJECTID": null,
    "PFAF": "338239",
    "PFAF_CODE": 338239000000.0,
    "PF_TYPE": 3,
    "Shape_Leng": 0.11552284685,
    "Slope": 0.0,
    "TopElev": 334.0,
    "Tosegment": 3043082,
    "end_x": -102.4037499996627,
    "end_y": 57.05208333377891,
    "flow_acc": 56833.0,
    "seg_id": 3043059,
    "start_x": -102.39041666629606,
    "start_y": 57.162083333379144,
    "islake": 0,
    "lakeId": 0,
    "RATEACV": 0.0,
    "RATEBCV": 0.0,
    "lake_Vol": 0.0
  }
}