{
  "data": {
    "BotElev": 477.0,
    "Length": 11946.27336501529,
    "OBJECTID": null,
    "PFAF": "3424571",
    "PFAF_CODE": 342457100000.0,
    "PF_TYPE": 3,
    "Shape_Leng": 0.07681980515,
    "Slope": 0.000502248677614,
    "TopElev": 483.0,
    "Tosegment": 3043236,
    "end_x": -109.05375000000345,
    "end_y": 53.21208333333385,
    "flow_acc": 60249.0,
    "seg_id": 3043163,
    "start_x": -109.0779166666702,
    "start_y": 53.27791666666707,
    "islake": 0,
    "lakeId": 0,
    "RATEACV": 0.0,
    "RATEBCV": 0.0,
    "lake_Vol": 0.0
  }
}