{
  "data": {
    "BotElev": 209.0,
    "Length": 84182.52377657297,
    "OBJECTID": null,
    "PFAF": "328437",
    "PFAF_CODE": 328437000000.0,
    "PF_TYPE": 3,
    "Shape_Leng": 1.33952200573,
    "Slope": 2.3757900218e-05,
    "TopElev": 211.0,
    "Tosegment": 3043592,
    "end_x": -108.92604166666683,
    "end_y": 59.323819444444496,
    "flow_acc": 70860.0,
    "seg_id": 3043468,
    "start_x": -107.61354166666678,
    "start_y": 59.332152777777765,
    "islake": 0,
    "lakeId": 0,
    "RATEACV": 0.0,
    "RATEBCV": 0.0,
    "lake_Vol": 0.0
  }
}