{
  "data": {
    "BotElev": 324.0,
    "Length": 10277.08348494342,
    "OBJECTID": null,
    "PFAF": "324751",
    "PFAF_CODE": 324751000000.0,
    "PF_TYPE": 2,
    "Shape_Leng": 0.12228851002,
    "Slope": 0.00087573483403,
    "TopElev": 333.0,
    "Tosegment": 3044029,
    "end_x": -124.92395833333336,
    "end_y": 59.37173611111115,
    "flow_acc": 110891.0,
    "seg_id": 3043980,
    "start_x": -125.0260416666668,
    "start_y": 59.355069444444496,
    "islake": 0,
    "lakeId": 0,
    "RATEACV": 0.0,
    "RATEBCV": 0.0,
    "lake_Vol": 0.0
  }
}