{
  "data": {
    "BotElev": 313.0,
    "Length": 58579.361719461966,
    "OBJECTID": null,
    "PFAF": "328733",
    "PFAF_CODE": 328733000000.0,
    "PF_TYPE": 2,
    "Shape_Leng": 0.6122800923,
    "Slope": 0.00097303893943,
    "TopElev": 370.0,
    "Tosegment": 3043852,
    "end_x": -112.19479166666673,
    "end_y": 56.5446527777778,
    "flow_acc": 98092.8999998,
    "seg_id": 3043833,
    "start_x": -112.6364583333334,
    "start_y": 56.484236111111215,
    "islake": 0,
    "lakeId": 0,
    "RATEACV": 0.0,
    "RATEBCV": 0.0,
    "lake_Vol": 0.0
  }
}