{
  "data": {
    "BotElev": 244.0,
    "Length": 2079.6539993622487,
    "OBJECTID": null,
    "PFAF": "324611",
    "PFAF_CODE": 324611000000.0,
    "PF_TYPE": 3,
    "Shape_Leng": 0.01473139127,
    "Slope": -0.000480849218335,
    "TopElev": 243.0,
    "Tosegment": 3044400,
    "end_x": -124.01770833333342,
    "end_y": 59.502986111111056,
    "flow_acc": 55314.3,
    "seg_id": 3043011,
    "start_x": -124.00729166666673,
    "start_y": 59.49256944444443,
    "islake": 0,
    "lakeId": 0,
    "RATEACV": 0.0,
    "RATEBCV": 0.0,
    "lake_Vol": 0.0
  }
}