{
  "data": {
    "BotElev": 396.0,
    "Length": 3319.625130787051,
    "OBJECTID": null,
    "PFAF": "338577",
    "PFAF_CODE": 338577000000.0,
    "PF_TYPE": 2,
    "Shape_Leng": 0.04505922363,
    "Slope": 0.000301238832881,
    "TopElev": 397.0,
    "Tosegment": 3043733,
    "end_x": -107.31374999956279,
    "end_y": 55.96791666682083,
    "flow_acc": 87848.2,
    "seg_id": 3043718,
    "start_x": -107.35708333322918,
    "start_y": 55.96875000021248,
    "islake": 0,
    "lakeId": 0,
    "RATEACV": 0.0,
    "RATEBCV": 0.0,
    "lake_Vol": 0.0
  }
}