{
  "data": {
    "BotElev": 440.0,
    "Length": 10751.042037859934,
    "OBJECTID": null,
    "PFAF": "329773",
    "PFAF_CODE": 329773000000.0,
    "PF_TYPE": 1,
    "Shape_Leng": 0.13270517669,
    "Slope": 0.000372056958378,
    "TopElev": 444.0,
    "Tosegment": 3043550,
    "end_x": -121.73229166666681,
    "end_y": 56.11548611111124,
    "flow_acc": 74532.3,
    "seg_id": 3043538,
    "start_x": -121.83437500000014,
    "start_y": 56.06340277777781,
    "islake": 0,
    "lakeId": 0,
    "RATEACV": 0.0,
    "RATEBCV": 0.0,
    "lake_Vol": 0.0
  }
}