{
  "data": {
    "BotElev": 158.0,
    "Length": 14946.783625888555,
    "OBJECTID": null,
    "PFAF": "32231",
    "PFAF_CODE": 322310000000.0,
    "PF_TYPE": 2,
    "Shape_Leng": 0.237760191,
    "Slope": -0.000133808051957,
    "TopElev": 156.0,
    "Tosegment": 3044165,
    "end_x": -122.45520833333347,
    "end_y": 65.6050694444445,
    "flow_acc": 107824.0,
    "seg_id": 3043944,
    "start_x": -122.26145833333345,
    "start_y": 65.71131944444443,
    "islake": 0,
    "lakeId": 0,
    "RATEACV": 0.0,
    "RATEBCV": 0.0,
    "lake_Vol": 0.0
  }
}