{
  "data": {
    "BotElev": 17.0,
    "Length": 7057.778413866849,
    "OBJECTID": null,
    "PFAF": "3212153",
    "PFAF_CODE": 321215300000.0,
    "PF_TYPE": 3,
    "Shape_Leng": 0.07752750716,
    "Slope": 0.000283375289322,
    "TopElev": 19.0,
    "Tosegment": 3043413,
    "end_x": -135.034375,
    "end_y": 66.88215277777778,
    "flow_acc": 67800.8,
    "seg_id": 3043397,
    "start_x": -134.96979166666677,
    "start_y": 66.85090277777778,
    "islake": 0,
    "lakeId": 0,
    "RATEACV": 0.0,
    "RATEBCV": 0.0,
    "lake_Vol": 0.0
  }
}