{
  "data": {
    "BotElev": 655.0,
    "Length": 9641.952771628357,
    "OBJECTID": null,
    "PFAF": "329791",
    "PFAF_CODE": 329791000000.0,
    "PF_TYPE": 1,
    "Shape_Leng": 0.14823818528,
    "Slope": 0.000829707445108,
    "TopElev": 663.0,
    "Tosegment": 3043460,
    "end_x": -123.03437500000013,
    "end_y": 56.06340277777781,
    "flow_acc": 69413.3999998,
    "seg_id": 3043433,
    "start_x": -123.14895833333344,
    "start_y": 55.98215277777791,
    "islake": 0,
    "lakeId": 0,
    "RATEACV": 0.0,
    "RATEBCV": 0.0,
    "lake_Vol": 0.0
  }
}