{
  "data": {
    "BotElev": 149.0,
    "Length": 24191.200351101965,
    "OBJECTID": null,
    "PFAF": "3274313",
    "PFAF_CODE": 327431300000.0,
    "PF_TYPE": 3,
    "Shape_Leng": 0.34928511302,
    "Slope": 0.000289361416482,
    "TopElev": 156.0,
    "Tosegment": 3043169,
    "end_x": -116.07812500000011,
    "end_y": 60.86756944444443,
    "flow_acc": 59891.6,
    "seg_id": 3043153,
    "start_x": -115.73229166666675,
    "start_y": 60.85923611111116,
    "islake": 0,
    "lakeId": 0,
    "RATEACV": 0.0,
    "RATEBCV": 0.0,
    "lake_Vol": 0.0
  }
}