{
  "data": {
    "BotElev": 157.0,
    "Length": 5068.576976555584,
    "OBJECTID": null,
    "PFAF": "3262373",
    "PFAF_CODE": 326237300000.0,
    "PF_TYPE": 3,
    "Shape_Leng": 0.05862944922,
    "Slope": 0.0,
    "TopElev": 157.0,
    "Tosegment": 3043087,
    "end_x": -115.73229166666675,
    "end_y": 62.498819444444564,
    "flow_acc": 57552.0,
    "seg_id": 3043079,
    "start_x": -115.75729166666679,
    "start_y": 62.51965277777788,
    "islake": 0,
    "lakeId": 0,
    "RATEACV": 0.0,
    "RATEBCV": 0.0,
    "lake_Vol": 0.0
  }
}