{
  "data": {
    "BotElev": 400.0,
    "Length": 27142.466970964513,
    "OBJECTID": null,
    "PFAF": "32973",
    "PFAF_CODE": 329730000000.0,
    "PF_TYPE": 1,
    "Shape_Leng": 0.25261423749,
    "Slope": 0.00036842634867,
    "TopElev": 410.0,
    "Tosegment": 3043886,
    "end_x": -120.70520833333347,
    "end_y": 56.140486111111215,
    "flow_acc": 88404.6,
    "seg_id": 3043726,
    "start_x": -120.92604166666678,
    "start_y": 56.198819444444496,
    "islake": 0,
    "lakeId": 0,
    "RATEACV": 0.0,
    "RATEBCV": 0.0,
    "lake_Vol": 0.0
  }
}