{
  "data": {
    "BotElev": 168.0,
    "Length": 19128.80960189371,
    "OBJECTID": null,
    "PFAF": "327631",
    "PFAF_CODE": 327631000000.0,
    "PF_TYPE": 3,
    "Shape_Leng": 0.22195646926,
    "Slope": 0.0,
    "TopElev": 168.0,
    "Tosegment": 3043535,
    "end_x": -112.14270833333336,
    "end_y": 60.83215277777782,
    "flow_acc": 66749.8999998,
    "seg_id": 3043367,
    "start_x": -112.27604166666674,
    "start_y": 60.70090277777774,
    "islake": 0,
    "lakeId": 0,
    "RATEACV": 0.0,
    "RATEBCV": 0.0,
    "lake_Vol": 0.0
  }
}