{
  "data": {
    "BotElev": 550.0,
    "Length": 84858.55798135587,
    "OBJECTID": null,
    "PFAF": "34257",
    "PFAF_CODE": 342570000000.0,
    "PF_TYPE": 2,
    "Shape_Leng": 0.81819805153,
    "Slope": 2.3568630526e-05,
    "TopElev": 552.0,
    "Tosegment": 3044019,
    "end_x": -107.7412500000039,
    "end_y": 50.663750000001016,
    "flow_acc": 112425.0,
    "seg_id": 3043993,
    "start_x": -108.44625000000372,
    "start_y": 50.803750000001,
    "islake": 0,
    "lakeId": 0,
    "RATEACV": 0.0,
    "RATEBCV": 0.0,
    "lake_Vol": 0.0
  }
}