{
  "data": {
    "BotElev": 385.0,
    "Length": 41425.88013534436,
    "OBJECTID": null,
    "PFAF": "338573",
    "PFAF_CODE": 338573000000.0,
    "PF_TYPE": 2,
    "Shape_Leng": 0.43771831196,
    "Slope": 0.000193115993525,
    "TopElev": 393.0,
    "Tosegment": 3043754,
    "end_x": -106.7920833332791,
    "end_y": 55.84958333330434,
    "flow_acc": 89883.3,
    "seg_id": 3043746,
    "start_x": -107.11875000031222,
    "start_y": 55.9079166662213,
    "islake": 0,
    "lakeId": 0,
    "RATEACV": 0.0,
    "RATEBCV": 0.0,
    "lake_Vol": 0.0
  }
}