{
  "data": {
    "BotElev": 457.0,
    "Length": 31446.729202749975,
    "OBJECTID": null,
    "PFAF": "3189513",
    "PFAF_CODE": 318951300000.0,
    "PF_TYPE": 2,
    "Shape_Leng": 0.30421747212,
    "Slope": 0.0,
    "TopElev": 457.0,
    "Tosegment": 3043812,
    "end_x": -137.29479166666675,
    "end_y": 62.734236111111215,
    "flow_acc": 95665.1,
    "seg_id": 3043806,
    "start_x": -137.0447916666668,
    "start_y": 62.60923611111116,
    "islake": 0,
    "lakeId": 0,
    "RATEACV": 0.0,
    "RATEBCV": 0.0,
    "lake_Vol": 0.0
  }
}