{
  "data": {
    "BotElev": 19.0,
    "Length": 37927.09341695728,
    "OBJECTID": null,
    "PFAF": "3212171",
    "PFAF_CODE": 321217100000.0,
    "PF_TYPE": 3,
    "Shape_Leng": 0.39677248644,
    "Slope": -2.6366375852e-05,
    "TopElev": 18.0,
    "Tosegment": 3043397,
    "end_x": -134.96979166666677,
    "end_y": 66.85090277777778,
    "flow_acc": 66171.2,
    "seg_id": 3043353,
    "start_x": -134.65520833333346,
    "start_y": 66.66131944444453,
    "islake": 0,
    "lakeId": 0,
    "RATEACV": 0.0,
    "RATEBCV": 0.0,
    "lake_Vol": 0.0
  }
}