{
  "data": {
    "BotElev": 523.0,
    "Length": 86146.86039780708,
    "OBJECTID": null,
    "PFAF": "314593",
    "PFAF_CODE": 314593000000.0,
    "PF_TYPE": 2,
    "Shape_Leng": 0.70896795283,
    "Slope": 0.000441107195602,
    "TopElev": 561.0,
    "Tosegment": 3043671,
    "end_x": -122.6595833333335,
    "end_y": 53.428750000000605,
    "flow_acc": 82131.3999998,
    "seg_id": 3043656,
    "start_x": -122.71791666666672,
    "start_y": 53.91791666666717,
    "islake": 0,
    "lakeId": 0,
    "RATEACV": 0.0,
    "RATEBCV": 0.0,
    "lake_Vol": 0.0
  }
}