{
  "data": {
    "BotElev": 387.0,
    "Length": 83447.57387041365,
    "OBJECTID": null,
    "PFAF": "32875",
    "PFAF_CODE": 328750000000.0,
    "PF_TYPE": 2,
    "Shape_Leng": 0.77935500791,
    "Slope": 0.000683063597373,
    "TopElev": 444.0,
    "Tosegment": 3043810,
    "end_x": -112.51562500000006,
    "end_y": 56.20090277777791,
    "flow_acc": 93378.8,
    "seg_id": 3043787,
    "start_x": -112.63020833333348,
    "start_y": 55.76965277777782,
    "islake": 0,
    "lakeId": 0,
    "RATEACV": 0.0,
    "RATEBCV": 0.0,
    "lake_Vol": 0.0
  }
}