{
  "data": {
    "BotElev": 457.0,
    "Length": 14714.405884467302,
    "OBJECTID": null,
    "PFAF": "3189531",
    "PFAF_CODE": 318953100000.0,
    "PF_TYPE": 2,
    "Shape_Leng": 0.16609983763,
    "Slope": -6.7960610021e-05,
    "TopElev": 456.0,
    "Tosegment": 3043806,
    "end_x": -137.0447916666668,
    "end_y": 62.60923611111116,
    "flow_acc": 93355.3,
    "seg_id": 3043786,
    "start_x": -136.88645833333345,
    "start_y": 62.59048611111109,
    "islake": 0,
    "lakeId": 0,
    "RATEACV": 0.0,
    "RATEBCV": 0.0,
    "lake_Vol": 0.0
  }
}