{
  "data": {
    "BotElev": 410.0,
    "Length": 35815.86853082639,
    "OBJECTID": null,
    "PFAF": "329751",
    "PFAF_CODE": 329751000000.0,
    "PF_TYPE": 1,
    "Shape_Leng": 0.34213624322,
    "Slope": 0.00039088818935,
    "TopElev": 424.0,
    "Tosegment": 3043726,
    "end_x": -120.92604166666678,
    "end_y": 56.198819444444496,
    "flow_acc": 86339.3,
    "seg_id": 3043699,
    "start_x": -121.2302083333334,
    "start_y": 56.26131944444444,
    "islake": 0,
    "lakeId": 0,
    "RATEACV": 0.0,
    "RATEBCV": 0.0,
    "lake_Vol": 0.0
  }
}