{
  "data": {
    "BotElev": 444.0,
    "Length": 6235.845108048256,
    "OBJECTID": null,
    "PFAF": "3297751",
    "PFAF_CODE": 329775100000.0,
    "PF_TYPE": 1,
    "Shape_Leng": 0.0901755651,
    "Slope": 0.002245084628855,
    "TopElev": 458.0,
    "Tosegment": 3043538,
    "end_x": -121.83437500000014,
    "end_y": 56.06340277777781,
    "flow_acc": 74094.6,
    "seg_id": 3043529,
    "start_x": -121.90729166666677,
    "start_y": 56.02173611111118,
    "islake": 0,
    "lakeId": 0,
    "RATEACV": 0.0,
    "RATEBCV": 0.0,
    "lake_Vol": 0.0
  }
}