{
  "data": {
    "BotElev": 321.0,
    "Length": 25761.656214211493,
    "OBJECTID": null,
    "PFAF": "338215",
    "PFAF_CODE": 338215000000.0,
    "PF_TYPE": 3,
    "Shape_Leng": 0.24813708482,
    "Slope": 0.000155269520202,
    "TopElev": 325.0,
    "Tosegment": 3043436,
    "end_x": -103.00375000026224,
    "end_y": 55.867083333629125,
    "flow_acc": 69098.3999998,
    "seg_id": 3043424,
    "start_x": -103.11458333325419,
    "start_y": 55.966250000037576,
    "islake": 0,
    "lakeId": 0,
    "RATEACV": 0.0,
    "RATEBCV": 0.0,
    "lake_Vol": 0.0
  }
}