{
  "data": {
    "BotElev": 25.0,
    "Length": 34052.40386037656,
    "OBJECTID": null,
    "PFAF": "3212175",
    "PFAF_CODE": 321217500000.0,
    "PF_TYPE": 3,
    "Shape_Leng": 0.36263753579,
    "Slope": 2.9366502409e-05,
    "TopElev": 26.0,
    "Tosegment": 3043311,
    "end_x": -134.49062500000008,
    "end_y": 66.6550694444445,
    "flow_acc": 63873.7,
    "seg_id": 3043289,
    "start_x": -134.19270833333337,
    "start_y": 66.4988194444445,
    "islake": 0,
    "lakeId": 0,
    "RATEACV": 0.0,
    "RATEBCV": 0.0,
    "lake_Vol": 0.0
  }
}