{
  "data": {
    "BotElev": 335.0,
    "Length": 28311.26664887763,
    "OBJECTID": null,
    "PFAF": "3385111",
    "PFAF_CODE": 338511100000.0,
    "PF_TYPE": 2,
    "Shape_Leng": 0.31812271558,
    "Slope": 7.0643253967e-05,
    "TopElev": 337.0,
    "Tosegment": 3044153,
    "end_x": -104.37541666664583,
    "end_y": 55.417916667020734,
    "flow_acc": 122580.0,
    "seg_id": 3044068,
    "start_x": -104.49791666622116,
    "start_y": 55.49375000026242,
    "islake": 0,
    "lakeId": 0,
    "RATEACV": 0.0,
    "RATEBCV": 0.0,
    "lake_Vol": 0.0
  }
}