{
  "data": {
    "BotElev": 168.0,
    "Length": 39946.54481954315,
    "OBJECTID": null,
    "PFAF": "32415",
    "PFAF_CODE": 324150000000.0,
    "PF_TYPE": 2,
    "Shape_Leng": 0.59340743708,
    "Slope": 7.5100362586e-05,
    "TopElev": 171.0,
    "Tosegment": 3044599,
    "end_x": -122.38854166666681,
    "end_y": 61.30506944444454,
    "flow_acc": 268502.0,
    "seg_id": 3044597,
    "start_x": -122.89270833333342,
    "start_y": 61.09256944444445,
    "islake": 0,
    "lakeId": 0,
    "RATEACV": 0.0,
    "RATEBCV": 0.0,
    "lake_Vol": 0.0
  }
}