{
  "data": {
    "BotElev": 160.0,
    "Length": 83450.8991824066,
    "OBJECTID": null,
    "PFAF": "3277",
    "PFAF_CODE": 327700000000.0,
    "PF_TYPE": 1,
    "Shape_Leng": 0.80515662522,
    "Slope": 7.1898566208e-05,
    "TopElev": 166.0,
    "Tosegment": 3045080,
    "end_x": -113.01562500000011,
    "end_y": 60.75923611111119,
    "flow_acc": 625418.0,
    "seg_id": 3044986,
    "start_x": -112.49479166666674,
    "start_y": 60.44256944444453,
    "islake": 0,
    "lakeId": 0,
    "RATEACV": 0.0,
    "RATEBCV": 0.0,
    "lake_Vol": 0.0
  }
}