{
  "data": {
    "BotElev": 280.0,
    "Length": 7531.605761400198,
    "OBJECTID": null,
    "PFAF": "329375",
    "PFAF_CODE": 329375000000.0,
    "PF_TYPE": 1,
    "Shape_Leng": 0.06315355937,
    "Slope": 0.000663869055073,
    "TopElev": 285.0,
    "Tosegment": 3044446,
    "end_x": -117.24687500000016,
    "end_y": 56.93631944444445,
    "flow_acc": 205954.0,
    "seg_id": 3044443,
    "start_x": -117.25937500000015,
    "start_y": 56.88423611111119,
    "islake": 0,
    "lakeId": 0,
    "RATEACV": 0.0,
    "RATEBCV": 0.0,
    "lake_Vol": 0.0
  }
}