{
  "data": {
    "BotElev": 285.0,
    "Length": 38525.99179763344,
    "OBJECTID": null,
    "PFAF": "329377",
    "PFAF_CODE": 329377000000.0,
    "PF_TYPE": 1,
    "Shape_Leng": 0.38719336196,
    "Slope": 0.000882521082873,
    "TopElev": 319.0,
    "Tosegment": 3044443,
    "end_x": -117.25937500000015,
    "end_y": 56.88423611111119,
    "flow_acc": 205072.0,
    "seg_id": 3044442,
    "start_x": -117.17812500000014,
    "start_y": 56.725902777777776,
    "islake": 0,
    "lakeId": 0,
    "RATEACV": 0.0,
    "RATEBCV": 0.0,
    "lake_Vol": 0.0
  }
}