{
  "data": {
    "BotElev": 228.0,
    "Length": 18324.249289424646,
    "OBJECTID": null,
    "PFAF": "328575",
    "PFAF_CODE": 328575000000.0,
    "PF_TYPE": 2,
    "Shape_Leng": 0.19163074179,
    "Slope": -5.4572494851e-05,
    "TopElev": 227.0,
    "Tosegment": 3044225,
    "end_x": -111.56770833333337,
    "end_y": 57.48840277777782,
    "flow_acc": 148418.0,
    "seg_id": 3044219,
    "start_x": -111.67187500000011,
    "start_y": 57.35090277777789,
    "islake": 0,
    "lakeId": 0,
    "RATEACV": 0.0,
    "RATEBCV": 0.0,
    "lake_Vol": 0.0
  }
}