{
  "data": {
    "BotElev": 339.0,
    "Length": 8152.71271708036,
    "OBJECTID": null,
    "PFAF": "314397",
    "PFAF_CODE": 314397000000.0,
    "PF_TYPE": 2,
    "Shape_Leng": 0.06009391531,
    "Slope": 0.000858609918308,
    "TopElev": 346.0,
    "Tosegment": 3044176,
    "end_x": -122.35708333333349,
    "end_y": 51.712083333334135,
    "flow_acc": 141921.0,
    "seg_id": 3044172,
    "start_x": -122.39958333333357,
    "start_y": 51.7404166666675,
    "islake": 0,
    "lakeId": 0,
    "RATEACV": 0.0,
    "RATEBCV": 0.0,
    "lake_Vol": 0.0
  }
}