{
  "data": {
    "BotElev": 330.0,
    "Length": 7718.331801733373,
    "OBJECTID": null,
    "PFAF": "329531",
    "PFAF_CODE": 329531000000.0,
    "PF_TYPE": 1,
    "Shape_Leng": 0.09252961159,
    "Slope": 0.001425178430076,
    "TopElev": 341.0,
    "Tosegment": 3044171,
    "end_x": -118.05937500000016,
    "end_y": 55.913402777777776,
    "flow_acc": 138122.0,
    "seg_id": 3044151,
    "start_x": -118.15104166666674,
    "start_y": 55.91548611111119,
    "islake": 0,
    "lakeId": 0,
    "RATEACV": 0.0,
    "RATEBCV": 0.0,
    "lake_Vol": 0.0
  }
}