{
  "data": {
    "BotElev": 212.0,
    "Length": 6501.942009090676,
    "OBJECTID": null,
    "PFAF": "32451",
    "PFAF_CODE": 324510000000.0,
    "PF_TYPE": 2,
    "Shape_Leng": 0.08952200573,
    "Slope": -0.000307600405726,
    "TopElev": 210.0,
    "Tosegment": 3044484,
    "end_x": -123.48437500000011,
    "end_y": 60.234236111111215,
    "flow_acc": 198001.0,
    "seg_id": 3044420,
    "start_x": -123.5593750000001,
    "start_y": 60.20506944444446,
    "islake": 0,
    "lakeId": 0,
    "RATEACV": 0.0,
    "RATEBCV": 0.0,
    "lake_Vol": 0.0
  }
}