{
  "data": {
    "BotElev": 156.0,
    "Length": 14367.722622342993,
    "OBJECTID": null,
    "PFAF": "322175",
    "PFAF_CODE": 322175000000.0,
    "PF_TYPE": 2,
    "Shape_Leng": 0.22686342563,
    "Slope": 0.0,
    "TopElev": 156.0,
    "Tosegment": 3044180,
    "end_x": -122.74479166666674,
    "end_y": 65.34048611111109,
    "flow_acc": 142440.0,
    "seg_id": 3044174,
    "start_x": -122.58437500000008,
    "start_y": 65.50090277777775,
    "islake": 0,
    "lakeId": 0,
    "RATEACV": 0.0,
    "RATEBCV": 0.0,
    "lake_Vol": 0.0
  }
}