{
  "data": {
    "BotElev": 322.0,
    "Length": 9607.135872260502,
    "OBJECTID": null,
    "PFAF": "314391",
    "PFAF_CODE": 314391000000.0,
    "PF_TYPE": 2,
    "Shape_Leng": 0.06612944922,
    "Slope": 0.000832714360073,
    "TopElev": 330.0,
    "Tosegment": 3044194,
    "end_x": -122.28291666666695,
    "end_y": 51.516250000000866,
    "flow_acc": 144552.0,
    "seg_id": 3044184,
    "start_x": -122.29625000000027,
    "start_y": 51.57291666666765,
    "islake": 0,
    "lakeId": 0,
    "RATEACV": 0.0,
    "RATEBCV": 0.0,
    "lake_Vol": 0.0
  }
}