{
  "data": {
    "BotElev": 313.0,
    "Length": 6373.111711198221,
    "OBJECTID": null,
    "PFAF": "329395",
    "PFAF_CODE": 329395000000.0,
    "PF_TYPE": 1,
    "Shape_Leng": 0.073003397,
    "Slope": 0.000313818443899,
    "TopElev": 315.0,
    "Tosegment": 3044418,
    "end_x": -117.29479166666675,
    "end_y": 56.22798611111125,
    "flow_acc": 193970.0,
    "seg_id": 3044408,
    "start_x": -117.33437500000014,
    "start_y": 56.182152777777844,
    "islake": 0,
    "lakeId": 0,
    "RATEACV": 0.0,
    "RATEBCV": 0.0,
    "lake_Vol": 0.0
  }
}