{
  "data": {
    "BotElev": 551.0,
    "Length": 15559.900247888754,
    "OBJECTID": null,
    "PFAF": "3425571",
    "PFAF_CODE": 342557100000.0,
    "PF_TYPE": 2,
    "Shape_Leng": 0.18678090416,
    "Slope": 0.0,
    "TopElev": 551.0,
    "Tosegment": 3044044,
    "end_x": -106.63625000000417,
    "end_y": 51.11041666666756,
    "flow_acc": 119165.0,
    "seg_id": 3044033,
    "start_x": -106.78291666667076,
    "start_y": 51.036250000000905,
    "islake": 0,
    "lakeId": 0,
    "RATEACV": 0.0,
    "RATEBCV": 0.0,
    "lake_Vol": 0.0
  }
}