{
  "data": {
    "BotElev": 319.0,
    "Length": 25162.76625957224,
    "OBJECTID": null,
    "PFAF": "314395",
    "PFAF_CODE": 314395000000.0,
    "PF_TYPE": 2,
    "Shape_Leng": 0.17244672905,
    "Slope": 0.000794825171195,
    "TopElev": 339.0,
    "Tosegment": 3044181,
    "end_x": -122.29458333333355,
    "end_y": 51.58291666666781,
    "flow_acc": 142775.0,
    "seg_id": 3044176,
    "start_x": -122.35708333333349,
    "start_y": 51.712083333334135,
    "islake": 0,
    "lakeId": 0,
    "RATEACV": 0.0,
    "RATEBCV": 0.0,
    "lake_Vol": 0.0
  }
}