{
  "data": {
    "BotElev": 333.0,
    "Length": 4276.975231134348,
    "OBJECTID": null,
    "PFAF": "33837",
    "PFAF_CODE": 338370000000.0,
    "PF_TYPE": 2,
    "Shape_Leng": 0.05129695881,
    "Slope": -0.000233810098483,
    "TopElev": 332.0,
    "Tosegment": 3044167,
    "end_x": -104.15458333315422,
    "end_y": 55.39541666634619,
    "flow_acc": 139276.0,
    "seg_id": 3044159,
    "start_x": -104.20208333377877,
    "start_y": 55.402916666870794,
    "islake": 0,
    "lakeId": 0,
    "RATEACV": 0.0,
    "RATEBCV": 0.0,
    "lake_Vol": 0.0
  }
}