{
  "data": {
    "BotElev": 551.0,
    "Length": 55880.503741841385,
    "OBJECTID": null,
    "PFAF": "342559",
    "PFAF_CODE": 342559000000.0,
    "PF_TYPE": 2,
    "Shape_Leng": 0.66352290732,
    "Slope": -1.7895329015e-05,
    "TopElev": 550.0,
    "Tosegment": 3044030,
    "end_x": -107.15125000000404,
    "end_y": 50.76291666666776,
    "flow_acc": 117191.0,
    "seg_id": 3044019,
    "start_x": -107.7412500000039,
    "start_y": 50.663750000001016,
    "islake": 0,
    "lakeId": 0,
    "RATEACV": 0.0,
    "RATEBCV": 0.0,
    "lake_Vol": 0.0
  }
}