{
  "data": {
    "BotElev": 265.0,
    "Length": 50788.24095780355,
    "OBJECTID": null,
    "PFAF": "324731",
    "PFAF_CODE": 324731000000.0,
    "PF_TYPE": 2,
    "Shape_Leng": 0.56480759946,
    "Slope": 0.000669446300144,
    "TopElev": 299.0,
    "Tosegment": 3044109,
    "end_x": -124.28437500000013,
    "end_y": 59.67173611111116,
    "flow_acc": 119829.0,
    "seg_id": 3044038,
    "start_x": -124.68645833333346,
    "start_y": 59.592569444444564,
    "islake": 0,
    "lakeId": 0,
    "RATEACV": 0.0,
    "RATEBCV": 0.0,
    "lake_Vol": 0.0
  }
}