{
  "data": {
    "BotElev": 225.0,
    "Length": 2772.2854485340067,
    "OBJECTID": null,
    "PFAF": "329115",
    "PFAF_CODE": 329115000000.0,
    "PF_TYPE": 1,
    "Shape_Leng": 0.03743867239,
    "Slope": -0.000360713216068,
    "TopElev": 224.0,
    "Tosegment": 3044673,
    "end_x": -112.8406250000001,
    "end_y": 59.08631944444443,
    "flow_acc": 300990.0,
    "seg_id": 3044669,
    "start_x": -112.86770833333344,
    "start_y": 59.06131944444451,
    "islake": 0,
    "lakeId": 0,
    "RATEACV": 0.0,
    "RATEBCV": 0.0,
    "lake_Vol": 0.0
  }
}