{
  "data": {
    "BotElev": 246.0,
    "Length": 132385.7553564859,
    "OBJECTID": null,
    "PFAF": "329331",
    "PFAF_CODE": 329331000000.0,
    "PF_TYPE": 1,
    "Shape_Leng": 1.56707927403,
    "Slope": 0.000143519972741,
    "TopElev": 265.0,
    "Tosegment": 3044539,
    "end_x": -115.93437500000005,
    "end_y": 58.4509027777778,
    "flow_acc": 229468.0,
    "seg_id": 3044520,
    "start_x": -116.8385416666668,
    "start_y": 58.09256944444451,
    "islake": 0,
    "lakeId": 0,
    "RATEACV": 0.0,
    "RATEBCV": 0.0,
    "lake_Vol": 0.0
  }
}