{
  "data": {
    "BotElev": 551.0,
    "Length": 61236.25756044316,
    "OBJECTID": null,
    "PFAF": "3425573",
    "PFAF_CODE": 342557300000.0,
    "PF_TYPE": 2,
    "Shape_Leng": 0.60471157971,
    "Slope": 0.0,
    "TopElev": 551.0,
    "Tosegment": 3044033,
    "end_x": -106.78291666667076,
    "end_y": 51.036250000000905,
    "flow_acc": 118822.0,
    "seg_id": 3044030,
    "start_x": -107.15125000000404,
    "start_y": 50.76291666666776,
    "islake": 0,
    "lakeId": 0,
    "RATEACV": 0.0,
    "RATEBCV": 0.0,
    "lake_Vol": 0.0
  }
}