{
  "data": {
    "BotElev": 10.0,
    "Length": 57529.142023879234,
    "OBJECTID": null,
    "PFAF": "321555",
    "PFAF_CODE": 321555000000.0,
    "PF_TYPE": 1,
    "Shape_Leng": 0.68665193565,
    "Slope": 0.00015644245131,
    "TopElev": 19.0,
    "Tosegment": 3045342,
    "end_x": -130.87187500000005,
    "end_y": 67.41131944444442,
    "flow_acc": 1688040.0,
    "seg_id": 3045341,
    "start_x": -130.26979166666678,
    "start_y": 67.20715277777788,
    "islake": 0,
    "lakeId": 0,
    "RATEACV": 0.0,
    "RATEBCV": 0.0,
    "lake_Vol": 0.0
  }
}