{
  "data": {
    "BotElev": 158.0,
    "Length": 26424.455356955685,
    "OBJECTID": null,
    "PFAF": "32753",
    "PFAF_CODE": 327530000000.0,
    "PF_TYPE": 1,
    "Shape_Leng": 0.40883883476,
    "Slope": 7.5687463487e-05,
    "TopElev": 160.0,
    "Tosegment": 3045105,
    "end_x": -114.20520833333342,
    "end_y": 60.99881944444451,
    "flow_acc": 711186.0,
    "seg_id": 3045103,
    "start_x": -113.79895833333347,
    "start_y": 61.00506944444453,
    "islake": 0,
    "lakeId": 0,
    "RATEACV": 0.0,
    "RATEBCV": 0.0,
    "lake_Vol": 0.0
  }
}