{
  "data": {
    "BotElev": 103.0,
    "Length": 23054.424169916805,
    "OBJECTID": null,
    "PFAF": "3235793",
    "PFAF_CODE": 323579300000.0,
    "PF_TYPE": 1,
    "Shape_Leng": 0.17776229543,
    "Slope": 8.6751245022e-05,
    "TopElev": 105.0,
    "Tosegment": 3045307,
    "end_x": -123.31145833333346,
    "end_y": 63.1196527777779,
    "flow_acc": 1379280.0,
    "seg_id": 3045306,
    "start_x": -123.23437500000006,
    "start_y": 62.97381944444453,
    "islake": 0,
    "lakeId": 0,
    "RATEACV": 0.0,
    "RATEBCV": 0.0,
    "lake_Vol": 0.0
  }
}