{
  "data": {
    "BotElev": 19.0,
    "Length": 54567.264026845,
    "OBJECTID": null,
    "PFAF": "321559",
    "PFAF_CODE": 321559000000.0,
    "PF_TYPE": 1,
    "Shape_Leng": 0.48212782549,
    "Slope": -3.6652011708e-05,
    "TopElev": 17.0,
    "Tosegment": 3045340,
    "end_x": -130.23854166666672,
    "end_y": 67.17590277777771,
    "flow_acc": 1685160.0,
    "seg_id": 3045339,
    "start_x": -130.0302083333334,
    "start_y": 66.78006944444456,
    "islake": 0,
    "lakeId": 0,
    "RATEACV": 0.0,
    "RATEBCV": 0.0,
    "lake_Vol": 0.0
  }
}