{
  "data": {
    "BotElev": 157.0,
    "Length": 31437.686927216964,
    "OBJECTID": null,
    "PFAF": "32731",
    "PFAF_CODE": 327310000000.0,
    "PF_TYPE": 1,
    "Shape_Leng": 0.40597928684,
    "Slope": -6.3617911987e-05,
    "TopElev": 155.0,
    "Tosegment": 3045161,
    "end_x": -117.25104166666671,
    "end_y": 61.082152777777765,
    "flow_acc": 795363.0,
    "seg_id": 3045155,
    "start_x": -116.86145833333342,
    "start_y": 61.04256944444455,
    "islake": 0,
    "lakeId": 0,
    "RATEACV": 0.0,
    "RATEBCV": 0.0,
    "lake_Vol": 0.0
  }
}