{
  "data": {
    "BotElev": 159.0,
    "Length": 11544.94450305868,
    "OBJECTID": null,
    "PFAF": "32759",
    "PFAF_CODE": 327590000000.0,
    "PF_TYPE": 1,
    "Shape_Leng": 0.15604061445,
    "Slope": 8.6617999743e-05,
    "TopElev": 160.0,
    "Tosegment": 3045082,
    "end_x": -113.16562500000015,
    "end_y": 60.773819444444484,
    "flow_acc": 700172.0,
    "seg_id": 3045080,
    "start_x": -113.01562500000011,
    "start_y": 60.75923611111119,
    "islake": 0,
    "lakeId": 0,
    "RATEACV": 0.0,
    "RATEBCV": 0.0,
    "lake_Vol": 0.0
  }
}