{
  "data": {
    "BotElev": 10.0,
    "Length": 20509.178781976683,
    "OBJECTID": null,
    "PFAF": "32119",
    "PFAF_CODE": 321190000000.0,
    "PF_TYPE": 1,
    "Shape_Leng": 0.2017766953,
    "Slope": 0.0,
    "TopElev": 10.0,
    "Tosegment": 3045357,
    "end_x": -135.1010416666668,
    "end_y": 67.81756944444436,
    "flow_acc": 1798410.0,
    "seg_id": 3045356,
    "start_x": -134.95104166666675,
    "start_y": 67.69256944444447,
    "islake": 0,
    "lakeId": 0,
    "RATEACV": 0.0,
    "RATEBCV": 0.0,
    "lake_Vol": 0.0
  }
}