{
  "data": {
    "BotElev": 121.0,
    "Length": 9841.03276738171,
    "OBJECTID": null,
    "PFAF": "323953",
    "PFAF_CODE": 323953000000.0,
    "PF_TYPE": 1,
    "Shape_Leng": 0.11279611588,
    "Slope": 0.0,
    "TopElev": 121.0,
    "Tosegment": 3045295,
    "end_x": -122.31562500000013,
    "end_y": 62.09465277777781,
    "flow_acc": 1326390.0,
    "seg_id": 3045293,
    "start_x": -122.21145833333338,
    "start_y": 62.073819444444496,
    "islake": 0,
    "lakeId": 0,
    "RATEACV": 0.0,
    "RATEBCV": 0.0,
    "lake_Vol": 0.0
  }
}