{
  "data": {
    "BotElev": 141.0,
    "Length": 31805.67880087257,
    "OBJECTID": null,
    "PFAF": "32571",
    "PFAF_CODE": 325710000000.0,
    "PF_TYPE": 1,
    "Shape_Leng": 0.45726100286,
    "Slope": -3.1440926203e-05,
    "TopElev": 140.0,
    "Tosegment": 3045230,
    "end_x": -119.5593750000001,
    "end_y": 61.22381944444453,
    "flow_acc": 1023000.0,
    "seg_id": 3045229,
    "start_x": -119.10729166666681,
    "start_y": 61.236319444444575,
    "islake": 0,
    "lakeId": 0,
    "RATEACV": 0.0,
    "RATEBCV": 0.0,
    "lake_Vol": 0.0
  }
}