{
  "data": {
    "BotElev": 397.0,
    "Length": 2655.944263144387,
    "OBJECTID": null,
    "PFAF": "3284624",
    "PFAF_CODE": 328462400000.0,
    "PF_TYPE": 6,
    "Shape_Leng": 0.02776755651,
    "Slope": 0.001506055701359,
    "TopElev": 401.0,
    "Tosegment": 3015308,
    "end_x": -106.32604166666675,
    "end_y": 58.59048611111115,
    "flow_acc": 257.932,
    "seg_id": 3000767,
    "start_x": -106.30520833333344,
    "start_y": 58.58111111111123,
    "islake": 0,
    "lakeId": 0,
    "RATEACV": 0.0,
    "RATEBCV": 0.0,
    "lake_Vol": 0.0
  }
}