{
  "data": {
    "BotElev": 376.0,
    "Length": 1330.723215129981,
    "OBJECTID": null,
    "PFAF": "3449632",
    "PFAF_CODE": 344963200000.0,
    "PF_TYPE": 6,
    "Shape_Leng": 0.01064847883,
    "Slope": 0.0,
    "TopElev": 376.0,
    "Tosegment": 3033087,
    "end_x": -102.34958333333856,
    "end_y": 52.70458333333386,
    "flow_acc": 254.147,
    "seg_id": 3000409,
    "start_x": -102.34166666667193,
    "start_y": 52.699166666667224,
    "islake": 0,
    "lakeId": 0,
    "RATEACV": 0.0,
    "RATEBCV": 0.0,
    "lake_Vol": 0.0
  }
}