{
  "data": {
    "BotElev": 345.0,
    "Length": 1437.6284809474027,
    "OBJECTID": null,
    "PFAF": "336474",
    "PFAF_CODE": 336474000000.0,
    "PF_TYPE": 5,
    "Shape_Leng": 0.01153236184,
    "Slope": -0.006260310030912,
    "TopElev": 336.0,
    "Tosegment": 3039138,
    "end_x": -103.46354166671449,
    "end_y": 61.2425694442245,
    "flow_acc": 257.087,
    "seg_id": 3000690,
    "start_x": -103.45625000043714,
    "start_y": 61.23527777794715,
    "islake": 0,
    "lakeId": 0,
    "RATEACV": 0.0,
    "RATEBCV": 0.0,
    "lake_Vol": 0.0
  }
}