{
  "data": {
    "BotElev": 429.0,
    "Length": 3387.1492384386534,
    "OBJECTID": null,
    "PFAF": "3246442",
    "PFAF_CODE": 324644200000.0,
    "PF_TYPE": 6,
    "Shape_Leng": 0.0249693362,
    "Slope": 0.006199903966936,
    "TopElev": 450.0,
    "Tosegment": 3025706,
    "end_x": -123.78437500000013,
    "end_y": 58.84673611111117,
    "flow_acc": 256.752,
    "seg_id": 3000655,
    "start_x": -123.79895833333342,
    "start_y": 58.86444444444453,
    "islake": 0,
    "lakeId": 0,
    "RATEACV": 0.0,
    "RATEBCV": 0.0,
    "lake_Vol": 0.0
  }
}