{
  "data": {
    "BotElev": 116.0,
    "Length": 354.1512152344834,
    "OBJECTID": null,
    "PFAF": "33399682",
    "PFAF_CODE": 333996820000.0,
    "PF_TYPE": 7,
    "Shape_Leng": 0.00441941769,
    "Slope": 0.0,
    "TopElev": 116.0,
    "Tosegment": 3020877,
    "end_x": -110.75312500001871,
    "end_y": 69.36756944417465,
    "flow_acc": 250.077,
    "seg_id": 3000012,
    "start_x": -110.74999999980014,
    "start_y": 69.37069444439328,
    "islake": 0,
    "lakeId": 0,
    "RATEACV": 0.0,
    "RATEBCV": 0.0,
    "lake_Vol": 0.0
  }
}