{
  "data": {
    "BotElev": 102.0,
    "Length": 5704.333321723445,
    "OBJECTID": null,
    "PFAF": "3339896",
    "PFAF_CODE": 333989600000.0,
    "PF_TYPE": 6,
    "Shape_Leng": 0.04673964388,
    "Slope": 0.001577747914156,
    "TopElev": 111.0,
    "Tosegment": 3028786,
    "end_x": -109.66979166645217,
    "end_y": 69.56756944467423,
    "flow_acc": 260.268,
    "seg_id": 3000981,
    "start_x": -109.65624999973761,
    "start_y": 69.53111111148877,
    "islake": 0,
    "lakeId": 0,
    "RATEACV": 0.0,
    "RATEBCV": 0.0,
    "lake_Vol": 0.0
  }
}