{
  "data": {
    "BotElev": 3.0,
    "Length": 3315.866515197968,
    "OBJECTID": null,
    "PFAF": "31532112",
    "PFAF_CODE": 315321120000.0,
    "PF_TYPE": 7,
    "Shape_Leng": 0.03036252404,
    "Slope": 0.003317383238916,
    "TopElev": 14.0,
    "Tosegment": 3040834,
    "end_x": -129.43791666666493,
    "end_y": 55.08875000000012,
    "flow_acc": 251.895,
    "seg_id": 3000183,
    "start_x": -129.41249999999832,
    "start_y": 55.087499999999864,
    "islake": 0,
    "lakeId": 0,
    "RATEACV": 0.0,
    "RATEBCV": 0.0,
    "lake_Vol": 0.0
  }
}