{
  "data": {
    "BotElev": 287.0,
    "Length": 1269.1286516426724,
    "OBJECTID": null,
    "PFAF": "3154322",
    "PFAF_CODE": 315432200000.0,
    "PF_TYPE": 6,
    "Shape_Leng": 0.01665440115,
    "Slope": 0.009455306193323,
    "TopElev": 299.0,
    "Tosegment": 3025349,
    "end_x": -131.3754166666646,
    "end_y": 57.23458333333292,
    "flow_acc": 251.66,
    "seg_id": 3000161,
    "start_x": -131.36083333333113,
    "start_y": 57.23958333333269,
    "islake": 0,
    "lakeId": 0,
    "RATEACV": 0.0,
    "RATEBCV": 0.0,
    "lake_Vol": 0.0
  }
}