{
  "data": {
    "BotElev": 222.0,
    "Length": 4445.763212519525,
    "OBJECTID": null,
    "PFAF": "321686",
    "PFAF_CODE": 321686000000.0,
    "PF_TYPE": 5,
    "Shape_Leng": 0.0730340608,
    "Slope": 0.006073197943599,
    "TopElev": 249.0,
    "Tosegment": 3024362,
    "end_x": -125.87395833333346,
    "end_y": 66.45298611111122,
    "flow_acc": 258.109,
    "seg_id": 3000788,
    "start_x": -125.81041666666681,
    "start_y": 66.47590277777778,
    "islake": 0,
    "lakeId": 0,
    "RATEACV": 0.0,
    "RATEBCV": 0.0,
    "lake_Vol": 0.0
  }
}