{
  "data": {
    "BotElev": 0.0,
    "Length": 412.1930103353205,
    "OBJECTID": null,
    "PFAF": "31555772",
    "PFAF_CODE": 315557720000.0,
    "PF_TYPE": 7,
    "Shape_Leng": 0.00444035594,
    "Slope": 0.046094910693763,
    "TopElev": 19.0,
    "Tosegment": -9999,
    "end_x": -137.0670833333296,
    "end_y": 59.05124999999896,
    "flow_acc": 253.116,
    "seg_id": 3000298,
    "start_x": -137.07083333332963,
    "start_y": 59.05124999999896,
    "islake": 0,
    "lakeId": 0,
    "RATEACV": 0.0,
    "RATEBCV": 0.0,
    "lake_Vol": 0.0
  }
}