{
  "data": {
    "BotElev": 13.0,
    "Length": 3590.9258517398707,
    "OBJECTID": null,
    "PFAF": "321412",
    "PFAF_CODE": 321412000000.0,
    "PF_TYPE": 5,
    "Shape_Leng": 0.05693422318,
    "Slope": 0.001392398564169,
    "TopElev": 18.0,
    "Tosegment": 3041182,
    "end_x": -133.7468750000001,
    "end_y": 67.36548611111112,
    "flow_acc": 254.54,
    "seg_id": 3000459,
    "start_x": -133.80208333333337,
    "start_y": 67.36131944444452,
    "islake": 0,
    "lakeId": 0,
    "RATEACV": 0.0,
    "RATEBCV": 0.0,
    "lake_Vol": 0.0
  }
}