{
  "data": {
    "BotElev": 2.0,
    "Length": 1260.5905143472448,
    "OBJECTID": null,
    "PFAF": "3335732",
    "PFAF_CODE": 333573200000.0,
    "PF_TYPE": 6,
    "Shape_Leng": 0.01257402921,
    "Slope": 0.010312627179121,
    "TopElev": 15.0,
    "Tosegment": -9999,
    "end_x": -110.93437500010612,
    "end_y": 67.78111111138873,
    "flow_acc": 251.12,
    "seg_id": 3000115,
    "start_x": -110.92500000034971,
    "start_y": 67.77486111095152,
    "islake": 0,
    "lakeId": 0,
    "RATEACV": 0.0,
    "RATEBCV": 0.0,
    "lake_Vol": 0.0
  }
}