{
  "data": {
    "BotElev": 576.0,
    "Length": 3905.356166473869,
    "OBJECTID": null,
    "PFAF": "349742",
    "PFAF_CODE": 349742000000.0,
    "PF_TYPE": 5,
    "Shape_Leng": 0.02636844635,
    "Slope": 0.000512117183362,
    "TopElev": 578.0,
    "Tosegment": 3026683,
    "end_x": -103.16875000000499,
    "end_y": 50.813750000000994,
    "flow_acc": 252.648,
    "seg_id": 3000255,
    "start_x": -103.17541666667171,
    "start_y": 50.835000000001,
    "islake": 0,
    "lakeId": 0,
    "RATEACV": 0.0,
    "RATEBCV": 0.0,
    "lake_Vol": 0.0
  }
}