{
  "data": {
    "BotElev": 376.0,
    "Length": 2426.359238559786,
    "OBJECTID": null,
    "PFAF": "336682",
    "PFAF_CODE": 336682000000.0,
    "PF_TYPE": 5,
    "Shape_Leng": 0.04235089011,
    "Slope": 0.000412140125052,
    "TopElev": 377.0,
    "Tosegment": 3016801,
    "end_x": -107.23020833334783,
    "end_y": 63.28215277812825,
    "flow_acc": 252.507,
    "seg_id": 3000244,
    "start_x": -107.27083333349145,
    "start_y": 63.27798611117015,
    "islake": 0,
    "lakeId": 0,
    "RATEACV": 0.0,
    "RATEBCV": 0.0,
    "lake_Vol": 0.0
  }
}