{
  "data": {
    "BotElev": 580.0,
    "Length": 682.98980175438,
    "OBJECTID": null,
    "PFAF": "3292682",
    "PFAF_CODE": 329268200000.0,
    "PF_TYPE": 6,
    "Shape_Leng": 0.00607127825,
    "Slope": 0.002928301410742,
    "TopElev": 582.0,
    "Tosegment": 3022393,
    "end_x": -114.02812500000016,
    "end_y": 55.77798611111103,
    "flow_acc": 251.135,
    "seg_id": 3000118,
    "start_x": -114.0302083333334,
    "start_y": 55.77277777777789,
    "islake": 0,
    "lakeId": 0,
    "RATEACV": 0.0,
    "RATEBCV": 0.0,
    "lake_Vol": 0.0
  }
}