{
  "data": {
    "BotElev": 394.0,
    "Length": 1596.2638087504768,
    "OBJECTID": null,
    "PFAF": "3292354",
    "PFAF_CODE": 329235400000.0,
    "PF_TYPE": 6,
    "Shape_Leng": 0.01986569564,
    "Slope": 0.009396942985096,
    "TopElev": 409.0,
    "Tosegment": 3042000,
    "end_x": -115.25937500000009,
    "end_y": 57.33215277777782,
    "flow_acc": 251.436,
    "seg_id": 3000140,
    "start_x": -115.27500000000009,
    "start_y": 57.32486111111109,
    "islake": 0,
    "lakeId": 0,
    "RATEACV": 0.0,
    "RATEBCV": 0.0,
    "lake_Vol": 0.0
  }
}