{
  "data": {
    "BotElev": 320.0,
    "Length": 5450.838309820752,
    "OBJECTID": null,
    "PFAF": "3187812",
    "PFAF_CODE": 318781200000.0,
    "PF_TYPE": 6,
    "Shape_Leng": 0.05916561445,
    "Slope": 0.003302244347914,
    "TopElev": 338.0,
    "Tosegment": 3037897,
    "end_x": -139.421875,
    "end_y": 64.04256944444467,
    "flow_acc": 258.406,
    "seg_id": 3000818,
    "start_x": -139.37500000000006,
    "start_y": 64.02173611111135,
    "islake": 0,
    "lakeId": 0,
    "RATEACV": 0.0,
    "RATEBCV": 0.0,
    "lake_Vol": 0.0
  }
}