{
  "data": {
    "BotElev": 298.0,
    "Length": 2600.1485025802035,
    "OBJECTID": null,
    "PFAF": "332944",
    "PFAF_CODE": 332944000000.0,
    "PF_TYPE": 5,
    "Shape_Leng": 0.04407678007,
    "Slope": 0.000384593418033,
    "TopElev": 299.0,
    "Tosegment": 3020753,
    "end_x": -123.20937499985632,
    "end_y": 67.2821527773288,
    "flow_acc": 257.306,
    "seg_id": 3000710,
    "start_x": -123.1687499997127,
    "start_y": 67.29048611124506,
    "islake": 0,
    "lakeId": 0,
    "RATEACV": 0.0,
    "RATEBCV": 0.0,
    "lake_Vol": 0.0
  }
}