{
  "data": {
    "BotElev": 1055.0,
    "Length": 2102.8840948839975,
    "OBJECTID": null,
    "PFAF": "3142482",
    "PFAF_CODE": 314248200000.0,
    "PF_TYPE": 6,
    "Shape_Leng": 0.02369585737,
    "Slope": -0.003328761683552,
    "TopElev": 1048.0,
    "Tosegment": 3022734,
    "end_x": -120.77541666666735,
    "end_y": 51.352916666667625,
    "flow_acc": 256.12,
    "seg_id": 3000599,
    "start_x": -120.75916666666734,
    "start_y": 51.3650000000012,
    "islake": 0,
    "lakeId": 0,
    "RATEACV": 0.0,
    "RATEBCV": 0.0,
    "lake_Vol": 0.0
  }
}