{
  "data": {
    "BotElev": 257.0,
    "Length": 1226.9100411111642,
    "OBJECTID": null,
    "PFAF": "329222",
    "PFAF_CODE": 329222000000.0,
    "PF_TYPE": 5,
    "Shape_Leng": 0.00944902897,
    "Slope": 0.000815055681747,
    "TopElev": 258.0,
    "Tosegment": 3032695,
    "end_x": -115.64270833333347,
    "end_y": 58.29673611111116,
    "flow_acc": 250.842,
    "seg_id": 3000089,
    "start_x": -115.65000000000009,
    "start_y": 58.30194444444453,
    "islake": 0,
    "lakeId": 0,
    "RATEACV": 0.0,
    "RATEBCV": 0.0,
    "lake_Vol": 0.0
  }
}