{
  "data": {
    "BotElev": 312.0,
    "Length": 4449.017918170791,
    "OBJECTID": null,
    "PFAF": "3154236",
    "PFAF_CODE": 315423600000.0,
    "PF_TYPE": 6,
    "Shape_Leng": 0.04136844635,
    "Slope": 0.014160428471797,
    "TopElev": 375.0,
    "Tosegment": 3037029,
    "end_x": -130.51874999999808,
    "end_y": 56.84291666666621,
    "flow_acc": 257.606,
    "seg_id": 3000740,
    "start_x": -130.48083333333147,
    "start_y": 56.836249999999495,
    "islake": 0,
    "lakeId": 0,
    "RATEACV": 0.0,
    "RATEBCV": 0.0,
    "lake_Vol": 0.0
  }
}