{
  "data": {
    "BotElev": 791.0,
    "Length": 688.6134602496173,
    "OBJECTID": null,
    "PFAF": "3294244",
    "PFAF_CODE": 329424400000.0,
    "PF_TYPE": 6,
    "Shape_Leng": 0.00441941738,
    "Slope": 0.030496063774861,
    "TopElev": 812.0,
    "Tosegment": 3022460,
    "end_x": -116.40729166666677,
    "end_y": 54.71548611111115,
    "flow_acc": 250.013,
    "seg_id": 3000000,
    "start_x": -116.40416666666675,
    "start_y": 54.71236111111119,
    "islake": 0,
    "lakeId": 0,
    "RATEACV": 0.0,
    "RATEBCV": 0.0,
    "lake_Vol": 0.0
  }
}