{
  "data": {
    "BotElev": 599.0,
    "Length": 3401.3644821336593,
    "OBJECTID": null,
    "PFAF": "31869922",
    "PFAF_CODE": 318699220000.0,
    "PF_TYPE": 7,
    "Shape_Leng": 0.05852475644,
    "Slope": 0.013817984002266,
    "TopElev": 646.0,
    "Tosegment": 3020818,
    "end_x": -139.83854166666674,
    "end_y": 65.94048611111128,
    "flow_acc": 260.44,
    "seg_id": 3000990,
    "start_x": -139.88333333333338,
    "start_y": 65.91027777777782,
    "islake": 0,
    "lakeId": 0,
    "RATEACV": 0.0,
    "RATEBCV": 0.0,
    "lake_Vol": 0.0
  }
}