{
  "data": {
    "BotElev": 794.0,
    "Length": 517.9630324229557,
    "OBJECTID": null,
    "PFAF": "3293224",
    "PFAF_CODE": 329322400000.0,
    "PF_TYPE": 6,
    "Shape_Leng": 0.00736569564,
    "Slope": 0.001930639712495,
    "TopElev": 795.0,
    "Tosegment": 3026838,
    "end_x": -115.68854166666671,
    "end_y": 59.038402777777776,
    "flow_acc": 255.357,
    "seg_id": 3000532,
    "start_x": -115.6833333333334,
    "start_y": 59.04361111111109,
    "islake": 0,
    "lakeId": 0,
    "RATEACV": 0.0,
    "RATEBCV": 0.0,
    "lake_Vol": 0.0
  }
}