{
  "data": {
    "BotElev": 101.0,
    "Length": 1767.2715832755725,
    "OBJECTID": null,
    "PFAF": "3322614",
    "PFAF_CODE": 332261400000.0,
    "PF_TYPE": 6,
    "Shape_Leng": 0.01778236201,
    "Slope": 0.0033950639261,
    "TopElev": 107.0,
    "Tosegment": 3035918,
    "end_x": -128.6947916671017,
    "end_y": 67.77381944421217,
    "flow_acc": 264.675,
    "seg_id": 3001346,
    "start_x": -128.69583333294185,
    "start_y": 67.75819444401856,
    "islake": 0,
    "lakeId": 0,
    "RATEACV": 0.0,
    "RATEBCV": 0.0,
    "lake_Vol": 0.0
  }
}