{
  "data": {
    "BotElev": 531.0,
    "Length": 8317.402669070218,
    "OBJECTID": null,
    "PFAF": "3242212",
    "PFAF_CODE": 324221200000.0,
    "PF_TYPE": 6,
    "Shape_Leng": 0.07562289557,
    "Slope": 0.010700455844342,
    "TopElev": 620.0,
    "Tosegment": 3032873,
    "end_x": -124.98645833333342,
    "end_y": 61.123819444444564,
    "flow_acc": 271.952,
    "seg_id": 3001983,
    "start_x": -125.04791666666671,
    "start_y": 61.155069444444564,
    "islake": 0,
    "lakeId": 0,
    "RATEACV": 0.0,
    "RATEBCV": 0.0,
    "lake_Vol": 0.0
  }
}