{
  "data": {
    "BotElev": 757.0,
    "Length": 9739.985070103694,
    "OBJECTID": null,
    "PFAF": "3237492",
    "PFAF_CODE": 323749200000.0,
    "PF_TYPE": 6,
    "Shape_Leng": 0.10062289557,
    "Slope": 0.009240260570445,
    "TopElev": 847.0,
    "Tosegment": 3023601,
    "end_x": -125.76145833333345,
    "end_y": 62.85298611111125,
    "flow_acc": 267.55,
    "seg_id": 3001589,
    "start_x": -125.84791666666672,
    "start_y": 62.88423611111125,
    "islake": 0,
    "lakeId": 0,
    "RATEACV": 0.0,
    "RATEBCV": 0.0,
    "lake_Vol": 0.0
  }
}