{
  "data": {
    "BotElev": 82.0,
    "Length": 3940.1753660754175,
    "OBJECTID": null,
    "PFAF": "332222",
    "PFAF_CODE": 332222000000.0,
    "PF_TYPE": 5,
    "Shape_Leng": 0.06160639098,
    "Slope": 0.005583507827956,
    "TopElev": 104.0,
    "Tosegment": 3034870,
    "end_x": -128.5072916665771,
    "end_y": 68.11548611139506,
    "flow_acc": 269.87,
    "seg_id": 3001797,
    "start_x": -128.45624999993754,
    "start_y": 68.13215277742881,
    "islake": 0,
    "lakeId": 0,
    "RATEACV": 0.0,
    "RATEBCV": 0.0,
    "lake_Vol": 0.0
  }
}