{
  "data": {
    "BotElev": 506.0,
    "Length": 7850.163656545324,
    "OBJECTID": null,
    "PFAF": "3152752",
    "PFAF_CODE": 315275200000.0,
    "PF_TYPE": 6,
    "Shape_Leng": 0.06591498312,
    "Slope": 0.017834023101324,
    "TopElev": 646.0,
    "Tosegment": 3038855,
    "end_x": -127.99874999999872,
    "end_y": 56.20791666666645,
    "flow_acc": 265.254,
    "seg_id": 3001397,
    "start_x": -128.0508333333321,
    "start_y": 56.230416666666486,
    "islake": 0,
    "lakeId": 0,
    "RATEACV": 0.0,
    "RATEBCV": 0.0,
    "lake_Vol": 0.0
  }
}