{
  "data": {
    "BotElev": 1021.0,
    "Length": 6538.239488497479,
    "OBJECTID": null,
    "PFAF": "312984",
    "PFAF_CODE": 312984000000.0,
    "PF_TYPE": 5,
    "Shape_Leng": 0.04668909328,
    "Slope": 0.009788567719582,
    "TopElev": 1085.0,
    "Tosegment": 3021885,
    "end_x": -116.37708333333518,
    "end_y": 49.706250000001546,
    "flow_acc": 261.253,
    "seg_id": 3001062,
    "start_x": -116.40833333333507,
    "start_y": 49.72791666666802,
    "islake": 0,
    "lakeId": 0,
    "RATEACV": 0.0,
    "RATEBCV": 0.0,
    "lake_Vol": 0.0
  }
}