{
  "data": {
    "BotElev": 206.0,
    "Length": 1758.378158783507,
    "OBJECTID": null,
    "PFAF": "3224642",
    "PFAF_CODE": 322464200000.0,
    "PF_TYPE": 6,
    "Shape_Leng": 0.02662119707,
    "Slope": -0.001137411762089,
    "TopElev": 204.0,
    "Tosegment": 3024702,
    "end_x": -117.3239583333334,
    "end_y": 64.28215277777775,
    "flow_acc": 261.673,
    "seg_id": 3001105,
    "start_x": -117.30208333333348,
    "start_y": 64.29361111111115,
    "islake": 0,
    "lakeId": 0,
    "RATEACV": 0.0,
    "RATEBCV": 0.0,
    "lake_Vol": 0.0
  }
}