{
  "data": {
    "BotElev": 160.0,
    "Length": 1404.5758534997406,
    "OBJECTID": null,
    "PFAF": "326525",
    "PFAF_CODE": 326525000000.0,
    "PF_TYPE": 4,
    "Shape_Leng": 0.02072864056,
    "Slope": 0.004983710906434,
    "TopElev": 167.0,
    "Tosegment": 3015555,
    "end_x": -113.75312500000013,
    "end_y": 62.163402777777776,
    "flow_acc": 266.946,
    "seg_id": 3001530,
    "start_x": -113.73541666666671,
    "start_y": 62.17069444444451,
    "islake": 0,
    "lakeId": 0,
    "RATEACV": 0.0,
    "RATEBCV": 0.0,
    "lake_Vol": 0.0
  }
}