{
  "data": {
    "BotElev": 402.0,
    "Length": 3620.711089764331,
    "OBJECTID": null,
    "PFAF": "326978",
    "PFAF_CODE": 326978000000.0,
    "PF_TYPE": 5,
    "Shape_Leng": 0.0271266985,
    "Slope": 0.0,
    "TopElev": 402.0,
    "Tosegment": 3038255,
    "end_x": -110.28020833333335,
    "end_y": 64.04465277777769,
    "flow_acc": 271.311,
    "seg_id": 3001935,
    "start_x": -110.26250000000016,
    "start_y": 64.02486111111125,
    "islake": 0,
    "lakeId": 0,
    "RATEACV": 0.0,
    "RATEBCV": 0.0,
    "lake_Vol": 0.0
  }
}