{
  "data": {
    "BotElev": 352.0,
    "Length": 5653.180050752389,
    "OBJECTID": null,
    "PFAF": "328654",
    "PFAF_CODE": 328654000000.0,
    "PF_TYPE": 5,
    "Shape_Leng": 0.04300444922,
    "Slope": 0.009729037374757,
    "TopElev": 407.0,
    "Tosegment": 3039603,
    "end_x": -109.36354166666672,
    "end_y": 56.77590277777779,
    "flow_acc": 261.388,
    "seg_id": 3001078,
    "start_x": -109.36979166666674,
    "start_y": 56.808194444444496,
    "islake": 0,
    "lakeId": 0,
    "RATEACV": 0.0,
    "RATEBCV": 0.0,
    "lake_Vol": 0.0
  }
}