{
  "data": {
    "BotElev": 342.0,
    "Length": 10119.098185018198,
    "OBJECTID": null,
    "PFAF": "31256272",
    "PFAF_CODE": 312562720000.0,
    "PF_TYPE": 7,
    "Shape_Leng": 0.07045643935,
    "Slope": 0.027275157820746,
    "TopElev": 618.0,
    "Tosegment": 3031757,
    "end_x": -119.50291666666766,
    "end_y": 49.918750000001296,
    "flow_acc": 268.021,
    "seg_id": 3001630,
    "start_x": -119.55333333333431,
    "start_y": 49.95416666666807,
    "islake": 0,
    "lakeId": 0,
    "RATEACV": 0.0,
    "RATEBCV": 0.0,
    "lake_Vol": 0.0
  }
}