{
  "data": {
    "BotElev": 214.0,
    "Length": 6969.705931997623,
    "OBJECTID": null,
    "PFAF": "324552",
    "PFAF_CODE": 324552000000.0,
    "PF_TYPE": 5,
    "Shape_Leng": 0.07791561445,
    "Slope": 0.001721736916461,
    "TopElev": 226.0,
    "Tosegment": 3044410,
    "end_x": -123.8302083333333,
    "end_y": 60.071736111111136,
    "flow_acc": 268.659,
    "seg_id": 3001685,
    "start_x": -123.7604166666668,
    "start_y": 60.06340277777787,
    "islake": 0,
    "lakeId": 0,
    "RATEACV": 0.0,
    "RATEBCV": 0.0,
    "lake_Vol": 0.0
  }
}