{
  "data": {
    "BotElev": 620.0,
    "Length": 7241.972949776849,
    "OBJECTID": null,
    "PFAF": "323242",
    "PFAF_CODE": 323242000000.0,
    "PF_TYPE": 5,
    "Shape_Leng": 0.06556367239,
    "Slope": 0.02167917514865,
    "TopElev": 777.0,
    "Tosegment": 3036657,
    "end_x": -128.22395833333348,
    "end_y": 64.18423611111103,
    "flow_acc": 268.066,
    "seg_id": 3001634,
    "start_x": -128.2635416666668,
    "start_y": 64.22486111111118,
    "islake": 0,
    "lakeId": 0,
    "RATEACV": 0.0,
    "RATEBCV": 0.0,
    "lake_Vol": 0.0
  }
}