{
  "data": {
    "BotElev": 657.0,
    "Length": 3831.0743184677644,
    "OBJECTID": null,
    "PFAF": "3297252",
    "PFAF_CODE": 329725200000.0,
    "PF_TYPE": 6,
    "Shape_Leng": 0.03538600286,
    "Slope": 0.020098800910444,
    "TopElev": 734.0,
    "Tosegment": 3035475,
    "end_x": -120.97395833333343,
    "end_y": 55.38840277777774,
    "flow_acc": 268.546,
    "seg_id": 3001674,
    "start_x": -120.94583333333338,
    "start_y": 55.38215277777789,
    "islake": 0,
    "lakeId": 0,
    "RATEACV": 0.0,
    "RATEBCV": 0.0,
    "lake_Vol": 0.0
  }
}