{
  "data": {
    "BotElev": 36.0,
    "Length": 9252.721036253808,
    "OBJECTID": null,
    "PFAF": "333824",
    "PFAF_CODE": 333824000000.0,
    "PF_TYPE": 5,
    "Shape_Leng": 0.11103956206,
    "Slope": 0.001296915788662,
    "TopElev": 48.0,
    "Tosegment": 3025083,
    "end_x": -104.65729166657701,
    "end_y": 67.72381944431197,
    "flow_acc": 270.841,
    "seg_id": 3001893,
    "start_x": -104.56875000001247,
    "start_y": 67.68423611090788,
    "islake": 0,
    "lakeId": 0,
    "RATEACV": 0.0,
    "RATEBCV": 0.0,
    "lake_Vol": 0.0
  }
}