{
  "data": {
    "BotElev": 453.0,
    "Length": 7936.615229341516,
    "OBJECTID": null,
    "PFAF": "3247252",
    "PFAF_CODE": 324725200000.0,
    "PF_TYPE": 6,
    "Shape_Leng": 0.06894142311,
    "Slope": 0.007181902908594,
    "TopElev": 510.0,
    "Tosegment": 3034357,
    "end_x": -125.45937500000014,
    "end_y": 60.380069444444416,
    "flow_acc": 270.294,
    "seg_id": 3001834,
    "start_x": -125.48125000000005,
    "start_y": 60.429027777777776,
    "islake": 0,
    "lakeId": 0,
    "RATEACV": 0.0,
    "RATEBCV": 0.0,
    "lake_Vol": 0.0
  }
}