{
  "data": {
    "BotElev": 702.0,
    "Length": 5963.236835183475,
    "OBJECTID": null,
    "PFAF": "329684",
    "PFAF_CODE": 329684000000.0,
    "PF_TYPE": 5,
    "Shape_Leng": 0.08575614772,
    "Slope": 0.001676941613487,
    "TopElev": 712.0,
    "Tosegment": 3022969,
    "end_x": -120.5281250000001,
    "end_y": 56.98215277777791,
    "flow_acc": 262.642,
    "seg_id": 3001192,
    "start_x": -120.45833333333343,
    "start_y": 57.020694444444416,
    "islake": 0,
    "lakeId": 0,
    "RATEACV": 0.0,
    "RATEBCV": 0.0,
    "lake_Vol": 0.0
  }
}