{
  "data": {
    "BotElev": 464.0,
    "Length": 8261.276789860956,
    "OBJECTID": null,
    "PFAF": "3276996",
    "PFAF_CODE": 327699600000.0,
    "PF_TYPE": 6,
    "Shape_Leng": 0.09767661731,
    "Slope": -0.000121046664509,
    "TopElev": 463.0,
    "Tosegment": 3022394,
    "end_x": -106.71145833333344,
    "end_y": 60.39256944444446,
    "flow_acc": 267.569,
    "seg_id": 3001592,
    "start_x": -106.77916666666681,
    "start_y": 60.4009027777779,
    "islake": 0,
    "lakeId": 0,
    "RATEACV": 0.0,
    "RATEBCV": 0.0,
    "lake_Vol": 0.0
  }
}