{
  "data": {
    "BotElev": 159.0,
    "Length": 19383.214172072716,
    "OBJECTID": null,
    "PFAF": "32758",
    "PFAF_CODE": 327580000000.0,
    "PF_TYPE": 4,
    "Shape_Leng": 0.13525064628,
    "Slope": 0.000206364123333,
    "TopElev": 163.0,
    "Tosegment": 3045082,
    "end_x": -113.16562500000015,
    "end_y": 60.773819444444484,
    "flow_acc": 269.026,
    "seg_id": 3001722,
    "start_x": -113.13333333333338,
    "start_y": 60.65194444444455,
    "islake": 0,
    "lakeId": 0,
    "RATEACV": 0.0,
    "RATEBCV": 0.0,
    "lake_Vol": 0.0
  }
}