{
  "data": {
    "BotElev": 342.0,
    "Length": 1411.9888115303766,
    "OBJECTID": null,
    "PFAF": "3274562",
    "PFAF_CODE": 327456200000.0,
    "PF_TYPE": 6,
    "Shape_Leng": 0.0140471681,
    "Slope": 0.0,
    "TopElev": 342.0,
    "Tosegment": 3021564,
    "end_x": -117.93229166666669,
    "end_y": 59.102986111111136,
    "flow_acc": 261.138,
    "seg_id": 3001054,
    "start_x": -117.92812500000014,
    "start_y": 59.112361111111056,
    "islake": 0,
    "lakeId": 0,
    "RATEACV": 0.0,
    "RATEBCV": 0.0,
    "lake_Vol": 0.0
  }
}