{
  "data": {
    "BotElev": 646.0,
    "Length": 12177.20649208382,
    "OBJECTID": null,
    "PFAF": "31896924",
    "PFAF_CODE": 318969240000.0,
    "PF_TYPE": 7,
    "Shape_Leng": 0.13581747532,
    "Slope": 0.004516635242718,
    "TopElev": 701.0,
    "Tosegment": 3022790,
    "end_x": -134.07812500000006,
    "end_y": 59.259236111111136,
    "flow_acc": 263.556,
    "seg_id": 3001261,
    "start_x": -134.20833333333337,
    "start_y": 59.25402777777782,
    "islake": 0,
    "lakeId": 0,
    "RATEACV": 0.0,
    "RATEBCV": 0.0,
    "lake_Vol": 0.0
  }
}