{
  "data": {
    "BotElev": 1072.0,
    "Length": 3568.3979975169727,
    "OBJECTID": null,
    "PFAF": "328986",
    "PFAF_CODE": 328986000000.0,
    "PF_TYPE": 5,
    "Shape_Leng": 0.03035639127,
    "Slope": 0.003923329182939,
    "TopElev": 1086.0,
    "Tosegment": 3031068,
    "end_x": -117.79687500000006,
    "end_y": 53.952986111111215,
    "flow_acc": 274.347,
    "seg_id": 3002189,
    "start_x": -117.80312500000008,
    "start_y": 53.92694444444459,
    "islake": 0,
    "lakeId": 0,
    "RATEACV": 0.0,
    "RATEBCV": 0.0,
    "lake_Vol": 0.0
  }
}