{
  "data": {
    "BotElev": 322.0,
    "Length": 1487.0157440210469,
    "OBJECTID": null,
    "PFAF": "342272",
    "PFAF_CODE": 342272000000.0,
    "PF_TYPE": 5,
    "Shape_Leng": 0.01001734607,
    "Slope": -0.000672487836138,
    "TopElev": 321.0,
    "Tosegment": 3034054,
    "end_x": -103.55958333333831,
    "end_y": 54.72458333333344,
    "flow_acc": 274.115,
    "seg_id": 3002166,
    "start_x": -103.55250000000495,
    "start_y": 54.71750000000003,
    "islake": 0,
    "lakeId": 0,
    "RATEACV": 0.0,
    "RATEBCV": 0.0,
    "lake_Vol": 0.0
  }
}