{
  "data": {
    "BotElev": 132.0,
    "Length": 11292.34167785311,
    "OBJECTID": null,
    "PFAF": "3154232",
    "PFAF_CODE": 315423200000.0,
    "PF_TYPE": 6,
    "Shape_Leng": 0.09275931932,
    "Slope": 0.015143006196436,
    "TopElev": 303.0,
    "Tosegment": 3037950,
    "end_x": -130.90208333333135,
    "end_y": 56.69291666666618,
    "flow_acc": 281.625,
    "seg_id": 3002792,
    "start_x": -130.84458333333123,
    "start_y": 56.64499999999953,
    "islake": 0,
    "lakeId": 0,
    "RATEACV": 0.0,
    "RATEBCV": 0.0,
    "lake_Vol": 0.0
  }
}