{
  "data": {
    "BotElev": 356.0,
    "Length": 11772.15944471091,
    "OBJECTID": null,
    "PFAF": "3333232",
    "PFAF_CODE": 333323200000.0,
    "PF_TYPE": 6,
    "Shape_Leng": 0.20758778347,
    "Slope": 0.007135479297109,
    "TopElev": 440.0,
    "Tosegment": 3039000,
    "end_x": -122.40520833359767,
    "end_y": 68.75298611102022,
    "flow_acc": 282.85,
    "seg_id": 3002892,
    "start_x": -122.21041666679565,
    "start_y": 68.76548611099525,
    "islake": 0,
    "lakeId": 0,
    "RATEACV": 0.0,
    "RATEBCV": 0.0,
    "lake_Vol": 0.0
  }
}