{
  "data": {
    "BotElev": 512.0,
    "Length": 4797.084657067235,
    "OBJECTID": null,
    "PFAF": "3424144",
    "PFAF_CODE": 342414400000.0,
    "PF_TYPE": 6,
    "Shape_Leng": 0.05982022604,
    "Slope": 0.0,
    "TopElev": 512.0,
    "Tosegment": 3020590,
    "end_x": -106.00375000000435,
    "end_y": 53.69041666666686,
    "flow_acc": 280.798,
    "seg_id": 3002729,
    "start_x": -105.95458333333772,
    "start_y": 53.71083333333371,
    "islake": 0,
    "lakeId": 0,
    "RATEACV": 0.0,
    "RATEBCV": 0.0,
    "lake_Vol": 0.0
  }
}