{
  "data": {
    "BotElev": 925.0,
    "Length": 6295.087448947505,
    "OBJECTID": null,
    "PFAF": "314962",
    "PFAF_CODE": 314962000000.0,
    "PF_TYPE": 5,
    "Shape_Leng": 0.07410533906,
    "Slope": 0.001270832226697,
    "TopElev": 933.0,
    "Tosegment": 3029533,
    "end_x": -125.61958333333274,
    "end_y": 53.120416666667154,
    "flow_acc": 277.749,
    "seg_id": 3002480,
    "start_x": -125.68333333333271,
    "start_y": 53.102083333333724,
    "islake": 0,
    "lakeId": 0,
    "RATEACV": 0.0,
    "RATEBCV": 0.0,
    "lake_Vol": 0.0
  }
}