{
  "data": {
    "BotElev": 3.0,
    "Length": 2054.110395215482,
    "OBJECTID": null,
    "PFAF": "3153132",
    "PFAF_CODE": 315313200000.0,
    "PF_TYPE": 6,
    "Shape_Leng": 0.03674831646,
    "Slope": 0.003407801263411,
    "TopElev": 10.0,
    "Tosegment": -9999,
    "end_x": -130.08041666666486,
    "end_y": 54.46541666666684,
    "flow_acc": 280.36,
    "seg_id": 3002689,
    "start_x": -130.05499999999813,
    "start_y": 54.49041666666699,
    "islake": 0,
    "lakeId": 0,
    "RATEACV": 0.0,
    "RATEBCV": 0.0,
    "lake_Vol": 0.0
  }
}