{
  "data": {
    "BotElev": 217.0,
    "Length": 12823.005555096252,
    "OBJECTID": null,
    "PFAF": "3227222",
    "PFAF_CODE": 322722200000.0,
    "PF_TYPE": 6,
    "Shape_Leng": 0.18187289557,
    "Slope": 0.000857833208661,
    "TopElev": 228.0,
    "Tosegment": 3028435,
    "end_x": -121.49895833333346,
    "end_y": 67.04256944444444,
    "flow_acc": 275.761,
    "seg_id": 3002305,
    "start_x": -121.66458333333344,
    "start_y": 67.07173611111114,
    "islake": 0,
    "lakeId": 0,
    "RATEACV": 0.0,
    "RATEBCV": 0.0,
    "lake_Vol": 0.0
  }
}