{
  "data": {
    "BotElev": 481.0,
    "Length": 6380.182248494754,
    "OBJECTID": null,
    "PFAF": "3294322",
    "PFAF_CODE": 329432200000.0,
    "PF_TYPE": 6,
    "Shape_Leng": 0.05421003183,
    "Slope": 0.007680031399034,
    "TopElev": 530.0,
    "Tosegment": 3019373,
    "end_x": -118.25729166666673,
    "end_y": 55.56965277777772,
    "flow_acc": 281.781,
    "seg_id": 3002805,
    "start_x": -118.30208333333337,
    "start_y": 55.58944444444455,
    "islake": 0,
    "lakeId": 0,
    "RATEACV": 0.0,
    "RATEBCV": 0.0,
    "lake_Vol": 0.0
  }
}