{
  "data": {
    "BotElev": 568.0,
    "Length": 6941.793936298717,
    "OBJECTID": null,
    "PFAF": "3389852",
    "PFAF_CODE": 338985200000.0,
    "PF_TYPE": 6,
    "Shape_Leng": 0.07102834892,
    "Slope": 0.006770584150336,
    "TopElev": 615.0,
    "Tosegment": 3033481,
    "end_x": -111.14208333357885,
    "end_y": 54.75458333315447,
    "flow_acc": 274.18,
    "seg_id": 3002173,
    "start_x": -111.20166666658332,
    "start_y": 54.760833333591506,
    "islake": 0,
    "lakeId": 0,
    "RATEACV": 0.0,
    "RATEBCV": 0.0,
    "lake_Vol": 0.0
  }
}