{
  "data": {
    "BotElev": 1.0,
    "Length": 15635.18398913793,
    "OBJECTID": null,
    "PFAF": "3337374",
    "PFAF_CODE": 333737400000.0,
    "PF_TYPE": 6,
    "Shape_Leng": 0.13298859103,
    "Slope": 0.000575624821956,
    "TopElev": 10.0,
    "Tosegment": -9999,
    "end_x": -103.69895833366013,
    "end_y": 68.04152777738511,
    "flow_acc": 278.018,
    "seg_id": 3002504,
    "start_x": -103.63749999962522,
    "start_y": 67.94986111150126,
    "islake": 0,
    "lakeId": 0,
    "RATEACV": 0.0,
    "RATEBCV": 0.0,
    "lake_Vol": 0.0
  }
}