{
  "data": {
    "BotElev": 630.0,
    "Length": 9905.953924588432,
    "OBJECTID": null,
    "PFAF": "3146914",
    "PFAF_CODE": 314691400000.0,
    "PF_TYPE": 6,
    "Shape_Leng": 0.09244375294,
    "Slope": 0.008075951151098,
    "TopElev": 710.0,
    "Tosegment": 3039513,
    "end_x": -121.03208333333384,
    "end_y": 53.75875000000036,
    "flow_acc": 281.042,
    "seg_id": 3002739,
    "start_x": -121.05916666666718,
    "start_y": 53.69666666666711,
    "islake": 0,
    "lakeId": 0,
    "RATEACV": 0.0,
    "RATEBCV": 0.0,
    "lake_Vol": 0.0
  }
}