{
  "data": {
    "BotElev": 726.0,
    "Length": 6234.759682577578,
    "OBJECTID": null,
    "PFAF": "3289732",
    "PFAF_CODE": 328973200000.0,
    "PF_TYPE": 6,
    "Shape_Leng": 0.07008778255,
    "Slope": 0.0113877685131,
    "TopElev": 797.0,
    "Tosegment": 3040926,
    "end_x": -116.02812500000005,
    "end_y": 54.18423611111109,
    "flow_acc": 279.096,
    "seg_id": 3002585,
    "start_x": -116.08437500000014,
    "start_y": 54.172777777777924,
    "islake": 0,
    "lakeId": 0,
    "RATEACV": 0.0,
    "RATEBCV": 0.0,
    "lake_Vol": 0.0
  }
}