{
  "data": {
    "BotElev": 157.0,
    "Length": 9723.266367515836,
    "OBJECTID": null,
    "PFAF": "3262378",
    "PFAF_CODE": 326237800000.0,
    "PF_TYPE": 6,
    "Shape_Leng": 0.11405986946,
    "Slope": 0.003805305604258,
    "TopElev": 194.0,
    "Tosegment": 3043057,
    "end_x": -115.89479166666683,
    "end_y": 62.61548611111118,
    "flow_acc": 280.507,
    "seg_id": 3002706,
    "start_x": -115.96666666666681,
    "start_y": 62.5602777777778,
    "islake": 0,
    "lakeId": 0,
    "RATEACV": 0.0,
    "RATEBCV": 0.0,
    "lake_Vol": 0.0
  }
}