{
  "data": {
    "BotElev": 402.0,
    "Length": 8336.814097252534,
    "OBJECTID": null,
    "PFAF": "3269944",
    "PFAF_CODE": 326994400000.0,
    "PF_TYPE": 6,
    "Shape_Leng": 0.10572653613,
    "Slope": 0.00035984969378,
    "TopElev": 405.0,
    "Tosegment": 3023799,
    "end_x": -110.68854166666682,
    "end_y": 63.81965277777789,
    "flow_acc": 273.421,
    "seg_id": 3002101,
    "start_x": -110.76458333333346,
    "start_y": 63.76861111111111,
    "islake": 0,
    "lakeId": 0,
    "RATEACV": 0.0,
    "RATEBCV": 0.0,
    "lake_Vol": 0.0
  }
}