{
  "data": {
    "BotElev": 723.0,
    "Length": 2730.404601505303,
    "OBJECTID": null,
    "PFAF": "3808442",
    "PFAF_CODE": 380844200000.0,
    "PF_TYPE": 6,
    "Shape_Leng": 0.01731514549,
    "Slope": 0.001098738259651,
    "TopElev": 726.0,
    "Tosegment": 3020763,
    "end_x": -107.347083333331,
    "end_y": 49.91374999999795,
    "flow_acc": 281.65,
    "seg_id": 3002795,
    "start_x": -107.34999999999758,
    "start_y": 49.92916666666457,
    "islake": 0,
    "lakeId": 0,
    "RATEACV": 0.0,
    "RATEBCV": 0.0,
    "lake_Vol": 0.0
  }
}