{
  "data": {
    "BotElev": 681.0,
    "Length": 4753.867114355765,
    "OBJECTID": null,
    "PFAF": "3188782",
    "PFAF_CODE": 318878200000.0,
    "PF_TYPE": 6,
    "Shape_Leng": 0.06010258834,
    "Slope": 0.002103550595641,
    "TopElev": 691.0,
    "Tosegment": 3019093,
    "end_x": -132.77604166666669,
    "end_y": 63.29048611111102,
    "flow_acc": 272.832,
    "seg_id": 3002054,
    "start_x": -132.80416666666673,
    "start_y": 63.256111111111125,
    "islake": 0,
    "lakeId": 0,
    "RATEACV": 0.0,
    "RATEBCV": 0.0,
    "lake_Vol": 0.0
  }
}