{
  "data": {
    "BotElev": 71.0,
    "Length": 9909.680873558516,
    "OBJECTID": null,
    "PFAF": "331822",
    "PFAF_CODE": 331822000000.0,
    "PF_TYPE": 5,
    "Shape_Leng": 0.10658947903,
    "Slope": 0.002018228463175,
    "TopElev": 91.0,
    "Tosegment": 3024550,
    "end_x": -130.37604166688936,
    "end_y": 68.92798611067059,
    "flow_acc": 275.195,
    "seg_id": 3002273,
    "start_x": -130.3625000001748,
    "start_y": 68.84986111150113,
    "islake": 0,
    "lakeId": 0,
    "RATEACV": 0.0,
    "RATEBCV": 0.0,
    "lake_Vol": 0.0
  }
}