{
  "data": {
    "BotElev": 783.0,
    "Length": 571.8755837403089,
    "OBJECTID": null,
    "PFAF": "323472",
    "PFAF_CODE": 323472000000.0,
    "PF_TYPE": 5,
    "Shape_Leng": 0.00441941738,
    "Slope": 0.003497264189737,
    "TopElev": 785.0,
    "Tosegment": 3035148,
    "end_x": -126.44895833333345,
    "end_y": 62.94048611111117,
    "flow_acc": 275.539,
    "seg_id": 3002291,
    "start_x": -126.44583333333344,
    "start_y": 62.937361111111215,
    "islake": 0,
    "lakeId": 0,
    "RATEACV": 0.0,
    "RATEBCV": 0.0,
    "lake_Vol": 0.0
  }
}