{
  "data": {
    "BotElev": 761.0,
    "Length": 5762.061647411309,
    "OBJECTID": null,
    "PFAF": "324228",
    "PFAF_CODE": 324228000000.0,
    "PF_TYPE": 5,
    "Shape_Leng": 0.07310808978,
    "Slope": 0.00295033289129,
    "TopElev": 778.0,
    "Tosegment": 3019623,
    "end_x": -125.51770833333336,
    "end_y": 60.99048611111124,
    "flow_acc": 274.72,
    "seg_id": 3002231,
    "start_x": -125.5604166666667,
    "start_y": 60.943611111111125,
    "islake": 0,
    "lakeId": 0,
    "RATEACV": 0.0,
    "RATEBCV": 0.0,
    "lake_Vol": 0.0
  }
}