{
  "data": {
    "BotElev": 659.0,
    "Length": 12536.845201310542,
    "OBJECTID": null,
    "PFAF": "329942",
    "PFAF_CODE": 329942000000.0,
    "PF_TYPE": 5,
    "Shape_Leng": 0.14279506367,
    "Slope": 0.004865657908389,
    "TopElev": 720.0,
    "Tosegment": 3032038,
    "end_x": -123.91979166666675,
    "end_y": 55.86965277777773,
    "flow_acc": 274.947,
    "seg_id": 3002257,
    "start_x": -124.01875000000001,
    "start_y": 55.80506944444443,
    "islake": 0,
    "lakeId": 0,
    "RATEACV": 0.0,
    "RATEBCV": 0.0,
    "lake_Vol": 0.0
  }
}