{
  "data": {
    "BotElev": 735.0,
    "Length": 2869.0048444149875,
    "OBJECTID": null,
    "PFAF": "3274692",
    "PFAF_CODE": 327469200000.0,
    "PF_TYPE": 6,
    "Shape_Leng": 0.02697864056,
    "Slope": 0.000348552914418,
    "TopElev": 736.0,
    "Tosegment": 3024460,
    "end_x": -119.85729166666681,
    "end_y": 57.338402777777844,
    "flow_acc": 283.898,
    "seg_id": 3002976,
    "start_x": -119.88125000000014,
    "start_y": 57.345694444444575,
    "islake": 0,
    "lakeId": 0,
    "RATEACV": 0.0,
    "RATEBCV": 0.0,
    "lake_Vol": 0.0
  }
}