{
  "data": {
    "BotElev": 448.0,
    "Length": 14282.606750607329,
    "OBJECTID": null,
    "PFAF": "3152432",
    "PFAF_CODE": 315243200000.0,
    "PF_TYPE": 6,
    "Shape_Leng": 0.11735999872,
    "Slope": 0.013372908974889,
    "TopElev": 639.0,
    "Tosegment": 3038895,
    "end_x": -127.15041666666565,
    "end_y": 54.82458333333335,
    "flow_acc": 279.829,
    "seg_id": 3002650,
    "start_x": -127.05583333333237,
    "start_y": 54.78750000000002,
    "islake": 0,
    "lakeId": 0,
    "RATEACV": 0.0,
    "RATEBCV": 0.0,
    "lake_Vol": 0.0
  }
}