{
  "data": {
    "BotElev": 1.0,
    "Length": 4704.883887057911,
    "OBJECTID": null,
    "PFAF": "333338",
    "PFAF_CODE": 333338000000.0,
    "PF_TYPE": 5,
    "Shape_Leng": 0.07580161648,
    "Slope": 0.010202164634081,
    "TopElev": 49.0,
    "Tosegment": -9999,
    "end_x": -120.69479166690184,
    "end_y": 69.5602777774975,
    "flow_acc": 297.233,
    "seg_id": 3003993,
    "start_x": -120.75625000003737,
    "start_y": 69.53006944474919,
    "islake": 0,
    "lakeId": 0,
    "RATEACV": 0.0,
    "RATEBCV": 0.0,
    "lake_Vol": 0.0
  }
}