{
  "data": {
    "BotElev": 808.0,
    "Length": 3001.6648711334756,
    "OBJECTID": null,
    "PFAF": "31895842",
    "PFAF_CODE": 318958420000.0,
    "PF_TYPE": 7,
    "Shape_Leng": 0.02877855937,
    "Slope": 0.009661305057366,
    "TopElev": 837.0,
    "Tosegment": 3028704,
    "end_x": -133.94895833333345,
    "end_y": 61.846736111111056,
    "flow_acc": 289.619,
    "seg_id": 3003416,
    "start_x": -133.9375000000001,
    "start_y": 61.82798611111116,
    "islake": 0,
    "lakeId": 0,
    "RATEACV": 0.0,
    "RATEBCV": 0.0,
    "lake_Vol": 0.0
  }
}