{
  "data": {
    "BotElev": 473.0,
    "Length": 7760.800324128274,
    "OBJECTID": null,
    "PFAF": "3292416",
    "PFAF_CODE": 329241600000.0,
    "PF_TYPE": 6,
    "Shape_Leng": 0.05981917382,
    "Slope": 0.000257705380434,
    "TopElev": 475.0,
    "Tosegment": 3036336,
    "end_x": -115.19062500000013,
    "end_y": 56.971736111111056,
    "flow_acc": 295.795,
    "seg_id": 3003892,
    "start_x": -115.16562500000009,
    "start_y": 56.931111111111136,
    "islake": 0,
    "lakeId": 0,
    "RATEACV": 0.0,
    "RATEBCV": 0.0,
    "lake_Vol": 0.0
  }
}