{
  "data": {
    "BotElev": 493.0,
    "Length": 4064.25272417996,
    "OBJECTID": null,
    "PFAF": "3284262",
    "PFAF_CODE": 328426200000.0,
    "PF_TYPE": 6,
    "Shape_Leng": 0.03071383476,
    "Slope": 0.000246047691388,
    "TopElev": 494.0,
    "Tosegment": 3023330,
    "end_x": -108.16562500000015,
    "end_y": 58.044652777777856,
    "flow_acc": 290.565,
    "seg_id": 3003489,
    "start_x": -108.17187500000011,
    "start_y": 58.01652777777781,
    "islake": 0,
    "lakeId": 0,
    "RATEACV": 0.0,
    "RATEBCV": 0.0,
    "lake_Vol": 0.0
  }
}