{
  "data": {
    "BotElev": 15.0,
    "Length": 3980.3197390108367,
    "OBJECTID": null,
    "PFAF": "33373942",
    "PFAF_CODE": 333739420000.0,
    "PF_TYPE": 7,
    "Shape_Leng": 0.03660639166,
    "Slope": 0.000753708293984,
    "TopElev": 18.0,
    "Tosegment": 3024238,
    "end_x": -102.72604166638962,
    "end_y": 67.69256944482413,
    "flow_acc": 292.758,
    "seg_id": 3003658,
    "start_x": -102.70520833339782,
    "start_y": 67.67069444419332,
    "islake": 0,
    "lakeId": 0,
    "RATEACV": 0.0,
    "RATEBCV": 0.0,
    "lake_Vol": 0.0
  }
}