{
  "data": {
    "BotElev": 438.0,
    "Length": 7705.179952862196,
    "OBJECTID": null,
    "PFAF": "3287363",
    "PFAF_CODE": 328736300000.0,
    "PF_TYPE": 5,
    "Shape_Leng": 0.06973033906,
    "Slope": 0.007527403688794,
    "TopElev": 496.0,
    "Tosegment": 3017180,
    "end_x": -112.64270833333342,
    "end_y": 56.286319444444416,
    "flow_acc": 292.117,
    "seg_id": 3003611,
    "start_x": -112.66666666666674,
    "start_y": 56.2342361111111,
    "islake": 0,
    "lakeId": 0,
    "RATEACV": 0.0,
    "RATEBCV": 0.0,
    "lake_Vol": 0.0
  }
}