{
  "data": {
    "BotElev": 772.0,
    "Length": 9586.232941506683,
    "OBJECTID": null,
    "PFAF": "3129912",
    "PFAF_CODE": 312991200000.0,
    "PF_TYPE": 6,
    "Shape_Leng": 0.09424831646,
    "Slope": 0.0090755149109,
    "TopElev": 859.0,
    "Tosegment": 3038207,
    "end_x": -115.70625000000177,
    "end_y": 49.70208333333471,
    "flow_acc": 296.875,
    "seg_id": 3003972,
    "start_x": -115.7758333333353,
    "start_y": 49.680416666668066,
    "islake": 0,
    "lakeId": 0,
    "RATEACV": 0.0,
    "RATEBCV": 0.0,
    "lake_Vol": 0.0
  }
}