{
  "data": {
    "BotElev": 382.0,
    "Length": 3644.7997868085736,
    "OBJECTID": null,
    "PFAF": "336854",
    "PFAF_CODE": 336854000000.0,
    "PF_TYPE": 5,
    "Shape_Leng": 0.03632297739,
    "Slope": 0.0,
    "TopElev": 382.0,
    "Tosegment": 3033397,
    "end_x": -105.07812499966894,
    "end_y": 61.890486111245025,
    "flow_acc": 295.638,
    "seg_id": 3003886,
    "start_x": -105.09791666682071,
    "start_y": 61.86236111107661,
    "islake": 0,
    "lakeId": 0,
    "RATEACV": 0.0,
    "RATEBCV": 0.0,
    "lake_Vol": 0.0
  }
}