{
  "data": {
    "BotElev": 395.0,
    "Length": 8912.278366725252,
    "OBJECTID": null,
    "PFAF": "3364692",
    "PFAF_CODE": 336469200000.0,
    "PF_TYPE": 6,
    "Shape_Leng": 0.13043042027,
    "Slope": 0.0,
    "TopElev": 395.0,
    "Tosegment": 3032170,
    "end_x": -105.35312500001862,
    "end_y": 61.01548611119523,
    "flow_acc": 295.871,
    "seg_id": 3003903,
    "start_x": -105.47708333302938,
    "start_y": 61.02694444443068,
    "islake": 0,
    "lakeId": 0,
    "RATEACV": 0.0,
    "RATEBCV": 0.0,
    "lake_Vol": 0.0
  }
}