{
  "data": {
    "BotElev": 584.0,
    "Length": 16415.500018761093,
    "OBJECTID": null,
    "PFAF": "3287842",
    "PFAF_CODE": 328784200000.0,
    "PF_TYPE": 6,
    "Shape_Leng": 0.10703365487,
    "Slope": 0.000243672138858,
    "TopElev": 588.0,
    "Tosegment": 3024252,
    "end_x": -111.77395833333344,
    "end_y": 55.00715277777789,
    "flow_acc": 294.871,
    "seg_id": 3003833,
    "start_x": -111.70416666666677,
    "start_y": 54.929027777777776,
    "islake": 0,
    "lakeId": 0,
    "RATEACV": 0.0,
    "RATEBCV": 0.0,
    "lake_Vol": 0.0
  }
}