{
  "data": {
    "BotElev": 490.0,
    "Length": 7682.996927899457,
    "OBJECTID": null,
    "PFAF": "3292552",
    "PFAF_CODE": 329255200000.0,
    "PF_TYPE": 6,
    "Shape_Leng": 0.08280986946,
    "Slope": 0.005206301704319,
    "TopElev": 530.0,
    "Tosegment": 3040672,
    "end_x": -113.74479166666674,
    "end_y": 56.857152777777856,
    "flow_acc": 287.262,
    "seg_id": 3003234,
    "start_x": -113.69583333333338,
    "start_y": 56.89361111111117,
    "islake": 0,
    "lakeId": 0,
    "RATEACV": 0.0,
    "RATEBCV": 0.0,
    "lake_Vol": 0.0
  }
}