{
  "data": {
    "BotElev": 157.0,
    "Length": 29397.47522213242,
    "OBJECTID": null,
    "PFAF": "326852",
    "PFAF_CODE": 326852000000.0,
    "PF_TYPE": 5,
    "Shape_Leng": 0.51440461159,
    "Slope": 0.0,
    "TopElev": 157.0,
    "Tosegment": 3035638,
    "end_x": -110.58229166666683,
    "end_y": 62.9321527777779,
    "flow_acc": 291.649,
    "seg_id": 3003578,
    "start_x": -110.07083333333333,
    "start_y": 62.93631944444451,
    "islake": 0,
    "lakeId": 0,
    "RATEACV": 0.0,
    "RATEBCV": 0.0,
    "lake_Vol": 0.0
  }
}