{
  "data": {
    "BotElev": 246.0,
    "Length": 19614.948762453165,
    "OBJECTID": null,
    "PFAF": "329194",
    "PFAF_CODE": 329194000000.0,
    "PF_TYPE": 5,
    "Shape_Leng": 0.17505606653,
    "Slope": 0.001325519649063,
    "TopElev": 272.0,
    "Tosegment": 3044635,
    "end_x": -115.26562500000011,
    "end_y": 58.35090277777789,
    "flow_acc": 293.182,
    "seg_id": 3003698,
    "start_x": -115.34895833333348,
    "start_y": 58.44152777777788,
    "islake": 0,
    "lakeId": 0,
    "RATEACV": 0.0,
    "RATEBCV": 0.0,
    "lake_Vol": 0.0
  }
}