{
  "data": {
    "BotElev": 158.0,
    "Length": 2974.727046573294,
    "OBJECTID": null,
    "PFAF": "3269212",
    "PFAF_CODE": 326921200000.0,
    "PF_TYPE": 6,
    "Shape_Leng": 0.053125,
    "Slope": 0.0,
    "TopElev": 158.0,
    "Tosegment": 3033839,
    "end_x": -109.25520833333343,
    "end_y": 62.74881944444451,
    "flow_acc": 296.2,
    "seg_id": 3003924,
    "start_x": -109.20208333333346,
    "start_y": 62.74881944444451,
    "islake": 0,
    "lakeId": 0,
    "RATEACV": 0.0,
    "RATEBCV": 0.0,
    "lake_Vol": 0.0
  }
}