{
  "data": {
    "BotElev": 462.0,
    "Length": 13211.028478506652,
    "OBJECTID": null,
    "PFAF": "324244",
    "PFAF_CODE": 324244000000.0,
    "PF_TYPE": 5,
    "Shape_Leng": 0.11751164915,
    "Slope": 0.014381923429286,
    "TopElev": 652.0,
    "Tosegment": 3035427,
    "end_x": -126.09479166666677,
    "end_y": 61.50923611111125,
    "flow_acc": 294.539,
    "seg_id": 3003802,
    "start_x": -126.15000000000003,
    "start_y": 61.57694444444451,
    "islake": 0,
    "lakeId": 0,
    "RATEACV": 0.0,
    "RATEBCV": 0.0,
    "lake_Vol": 0.0
  }
}