{
  "data": {
    "BotElev": 360.0,
    "Length": 1646.4143096061562,
    "OBJECTID": null,
    "PFAF": "3269356",
    "PFAF_CODE": 326935600000.0,
    "PF_TYPE": 6,
    "Shape_Leng": 0.0202971681,
    "Slope": -0.001214761064898,
    "TopElev": 358.0,
    "Tosegment": 3041472,
    "end_x": -107.80312500000014,
    "end_y": 63.27590277777779,
    "flow_acc": 294.138,
    "seg_id": 3003774,
    "start_x": -107.82083333333344,
    "start_y": 63.27798611111115,
    "islake": 0,
    "lakeId": 0,
    "RATEACV": 0.0,
    "RATEBCV": 0.0,
    "lake_Vol": 0.0
  }
}