{
  "data": {
    "BotElev": 288.0,
    "Length": 11872.153505411632,
    "OBJECTID": null,
    "PFAF": "3262664",
    "PFAF_CODE": 326266400000.0,
    "PF_TYPE": 6,
    "Shape_Leng": 0.14108187519,
    "Slope": 0.002358460071059,
    "TopElev": 316.0,
    "Tosegment": 3022256,
    "end_x": -114.92395833333347,
    "end_y": 63.873819444444564,
    "flow_acc": 302.067,
    "seg_id": 3004356,
    "start_x": -114.83750000000015,
    "start_y": 63.96444444444455,
    "islake": 0,
    "lakeId": 0,
    "RATEACV": 0.0,
    "RATEBCV": 0.0,
    "lake_Vol": 0.0
  }
}