{
  "data": {
    "BotElev": 170.0,
    "Length": 8313.875132349212,
    "OBJECTID": null,
    "PFAF": "322765",
    "PFAF_CODE": 322765000000.0,
    "PF_TYPE": 4,
    "Shape_Leng": 0.08905986946,
    "Slope": 0.004811234155341,
    "TopElev": 210.0,
    "Tosegment": 3017508,
    "end_x": -117.48437500000006,
    "end_y": 66.23840277777788,
    "flow_acc": 308.064,
    "seg_id": 3004784,
    "start_x": -117.48750000000007,
    "start_y": 66.18111111111108,
    "islake": 0,
    "lakeId": 0,
    "RATEACV": 0.0,
    "RATEBCV": 0.0,
    "lake_Vol": 0.0
  }
}