{
  "data": {
    "BotElev": 156.0,
    "Length": 195692.5995828575,
    "OBJECTID": null,
    "PFAF": "326172",
    "PFAF_CODE": 326172000000.0,
    "PF_TYPE": 5,
    "Shape_Leng": 3.07992491881,
    "Slope": 0.0,
    "TopElev": 156.0,
    "Tosegment": 3044313,
    "end_x": -115.61979166666674,
    "end_y": 61.49465277777779,
    "flow_acc": 299.597,
    "seg_id": 3004181,
    "start_x": -112.5437500000001,
    "start_y": 61.4998611111111,
    "islake": 0,
    "lakeId": 0,
    "RATEACV": 0.0,
    "RATEBCV": 0.0,
    "lake_Vol": 0.0
  }
}