{
  "data": {
    "BotElev": 230.0,
    "Length": 2544.8770174015085,
    "OBJECTID": null,
    "PFAF": "3284524",
    "PFAF_CODE": 328452400000.0,
    "PF_TYPE": 6,
    "Shape_Leng": 0.03093592168,
    "Slope": 0.0,
    "TopElev": 230.0,
    "Tosegment": 3034332,
    "end_x": -107.17395833333342,
    "end_y": 59.19048611111117,
    "flow_acc": 305.128,
    "seg_id": 3004574,
    "start_x": -107.19583333333344,
    "start_y": 59.16861111111115,
    "islake": 0,
    "lakeId": 0,
    "RATEACV": 0.0,
    "RATEBCV": 0.0,
    "lake_Vol": 0.0
  }
}