{
  "data": {
    "BotElev": 492.0,
    "Length": 19053.201364749948,
    "OBJECTID": null,
    "PFAF": "3292422",
    "PFAF_CODE": 329242200000.0,
    "PF_TYPE": 6,
    "Shape_Leng": 0.16966901145,
    "Slope": 0.000944723128435,
    "TopElev": 510.0,
    "Tosegment": 3019753,
    "end_x": -115.30937500000016,
    "end_y": 56.867569444444484,
    "flow_acc": 305.783,
    "seg_id": 3004612,
    "start_x": -115.43750000000006,
    "start_y": 56.93006944444443,
    "islake": 0,
    "lakeId": 0,
    "RATEACV": 0.0,
    "RATEBCV": 0.0,
    "lake_Vol": 0.0
  }
}