{
  "data": {
    "BotElev": 621.0,
    "Length": 5167.0055862583085,
    "OBJECTID": null,
    "PFAF": "3189524",
    "PFAF_CODE": 318952400000.0,
    "PF_TYPE": 6,
    "Shape_Leng": 0.08036909264,
    "Slope": 0.015676391025282,
    "TopElev": 702.0,
    "Tosegment": 3027084,
    "end_x": -137.1697916666667,
    "end_y": 62.3571527777778,
    "flow_acc": 298.226,
    "seg_id": 3004073,
    "start_x": -137.21666666666664,
    "start_y": 62.30402777777783,
    "islake": 0,
    "lakeId": 0,
    "RATEACV": 0.0,
    "RATEBCV": 0.0,
    "lake_Vol": 0.0
  }
}