{
  "data": {
    "BotElev": 765.0,
    "Length": 2969.143706166929,
    "OBJECTID": null,
    "PFAF": "3426572",
    "PFAF_CODE": 342657200000.0,
    "PF_TYPE": 6,
    "Shape_Leng": 0.02001734607,
    "Slope": 0.00943032832727,
    "TopElev": 793.0,
    "Tosegment": 3040051,
    "end_x": -113.25625000000252,
    "end_y": 52.3112500000006,
    "flow_acc": 299.816,
    "seg_id": 3004193,
    "start_x": -113.26000000000249,
    "start_y": 52.328333333334,
    "islake": 0,
    "lakeId": 0,
    "RATEACV": 0.0,
    "RATEBCV": 0.0,
    "lake_Vol": 0.0
  }
}