{
  "data": {
    "BotElev": 717.0,
    "Length": 13687.147221585412,
    "OBJECTID": null,
    "PFAF": "340244",
    "PFAF_CODE": 340244000000.0,
    "PF_TYPE": 5,
    "Shape_Leng": 0.10818825151,
    "Slope": 0.002118776070025,
    "TopElev": 746.0,
    "Tosegment": 3023613,
    "end_x": -110.74125000000305,
    "end_y": 51.88041666666737,
    "flow_acc": 303.517,
    "seg_id": 3004453,
    "start_x": -110.76708333333647,
    "start_y": 51.79666666666742,
    "islake": 0,
    "lakeId": 0,
    "RATEACV": 0.0,
    "RATEBCV": 0.0,
    "lake_Vol": 0.0
  }
}