{
  "data": {
    "BotElev": 91.0,
    "Length": 4256.3809482334445,
    "OBJECTID": null,
    "PFAF": "3235752",
    "PFAF_CODE": 323575200000.0,
    "PF_TYPE": 6,
    "Shape_Leng": 0.03523794492,
    "Slope": 0.000939765507047,
    "TopElev": 95.0,
    "Tosegment": 3045310,
    "end_x": -123.67812500000014,
    "end_y": 63.38840277777774,
    "flow_acc": 310.589,
    "seg_id": 3004959,
    "start_x": -123.68020833333338,
    "start_y": 63.354027777777844,
    "islake": 0,
    "lakeId": 0,
    "RATEACV": 0.0,
    "RATEBCV": 0.0,
    "lake_Vol": 0.0
  }
}