{
  "data": {
    "BotElev": 899.0,
    "Length": 15758.00540155925,
    "OBJECTID": null,
    "PFAF": "3212924",
    "PFAF_CODE": 321292400000.0,
    "PF_TYPE": 6,
    "Shape_Leng": 0.16198923749,
    "Slope": 0.006155601392953,
    "TopElev": 996.0,
    "Tosegment": 3031108,
    "end_x": -138.21145833333338,
    "end_y": 64.97381944444447,
    "flow_acc": 308.155,
    "seg_id": 3004793,
    "start_x": -138.10000000000008,
    "start_y": 64.8884027777778,
    "islake": 0,
    "lakeId": 0,
    "RATEACV": 0.0,
    "RATEBCV": 0.0,
    "lake_Vol": 0.0
  }
}