{
  "data": {
    "BotElev": 431.0,
    "Length": 18440.81837023503,
    "OBJECTID": null,
    "PFAF": "327482",
    "PFAF_CODE": 327482000000.0,
    "PF_TYPE": 5,
    "Shape_Leng": 0.1870505651,
    "Slope": 0.004555112376986,
    "TopElev": 515.0,
    "Tosegment": 3035099,
    "end_x": -120.03854166666679,
    "end_y": 58.37590277777781,
    "flow_acc": 303.36,
    "seg_id": 3004444,
    "start_x": -119.99791666666675,
    "start_y": 58.29256944444455,
    "islake": 0,
    "lakeId": 0,
    "RATEACV": 0.0,
    "RATEBCV": 0.0,
    "lake_Vol": 0.0
  }
}