{
  "data": {
    "BotElev": 159.0,
    "Length": 1911.568326224273,
    "OBJECTID": null,
    "PFAF": "3274326",
    "PFAF_CODE": 327432600000.0,
    "PF_TYPE": 6,
    "Shape_Leng": 0.02784158548,
    "Slope": 0.000523130659931,
    "TopElev": 160.0,
    "Tosegment": 3022189,
    "end_x": -115.65937500000013,
    "end_y": 60.81340277777775,
    "flow_acc": 304.891,
    "seg_id": 3004550,
    "start_x": -115.6833333333334,
    "start_y": 60.804027777777776,
    "islake": 0,
    "lakeId": 0,
    "RATEACV": 0.0,
    "RATEBCV": 0.0,
    "lake_Vol": 0.0
  }
}