{
  "data": {
    "BotElev": 398.0,
    "Length": 13088.377776221994,
    "OBJECTID": null,
    "PFAF": "3334932",
    "PFAF_CODE": 333493200000.0,
    "PF_TYPE": 6,
    "Shape_Leng": 0.19660428715,
    "Slope": 0.001146054939463,
    "TopElev": 413.0,
    "Tosegment": 3036165,
    "end_x": -111.85520833309806,
    "end_y": 64.62381944421207,
    "flow_acc": 307.941,
    "seg_id": 3004777,
    "start_x": -111.6874999997251,
    "start_y": 64.6759027775912,
    "islake": 0,
    "lakeId": 0,
    "RATEACV": 0.0,
    "RATEBCV": 0.0,
    "lake_Vol": 0.0
  }
}