{
  "data": {
    "BotElev": 591.0,
    "Length": 3645.4069705186016,
    "OBJECTID": null,
    "PFAF": "34245622",
    "PFAF_CODE": 342456220000.0,
    "PF_TYPE": 7,
    "Shape_Leng": 0.03062394778,
    "Slope": 0.002194542355544,
    "TopElev": 599.0,
    "Tosegment": 3018133,
    "end_x": -109.70291666666998,
    "end_y": 53.22375000000034,
    "flow_acc": 303.335,
    "seg_id": 3004441,
    "start_x": -109.68500000000341,
    "start_y": 53.210833333333824,
    "islake": 0,
    "lakeId": 0,
    "RATEACV": 0.0,
    "RATEBCV": 0.0,
    "lake_Vol": 0.0
  }
}