{
  "data": {
    "BotElev": 198.0,
    "Length": 11276.216073059926,
    "OBJECTID": null,
    "PFAF": "3365942",
    "PFAF_CODE": 336594200000.0,
    "PF_TYPE": 6,
    "Shape_Leng": 0.14955056286,
    "Slope": 0.002660466933733,
    "TopElev": 228.0,
    "Tosegment": 3027241,
    "end_x": -103.77812499956906,
    "end_y": 64.46131944453691,
    "flow_acc": 302.566,
    "seg_id": 3004389,
    "start_x": -103.67500000044964,
    "start_y": 64.51131944443694,
    "islake": 0,
    "lakeId": 0,
    "RATEACV": 0.0,
    "RATEBCV": 0.0,
    "lake_Vol": 0.0
  }
}