{
  "data": {
    "BotElev": 600.0,
    "Length": 9493.241677898457,
    "OBJECTID": null,
    "PFAF": "31259474",
    "PFAF_CODE": 312594740000.0,
    "PF_TYPE": 7,
    "Shape_Leng": 0.09784307354,
    "Slope": 0.024859790576009,
    "TopElev": 836.0,
    "Tosegment": 3035549,
    "end_x": -118.99875000000094,
    "end_y": 49.05875000000174,
    "flow_acc": 303.934,
    "seg_id": 3004475,
    "start_x": -119.08333333333434,
    "start_y": 49.04458333333491,
    "islake": 0,
    "lakeId": 0,
    "RATEACV": 0.0,
    "RATEBCV": 0.0,
    "lake_Vol": 0.0
  }
}