{
  "data": {
    "BotElev": 488.0,
    "Length": 7408.113434756779,
    "OBJECTID": null,
    "PFAF": "3189536",
    "PFAF_CODE": 318953600000.0,
    "PF_TYPE": 6,
    "Shape_Leng": 0.09286909264,
    "Slope": 0.009179125103696,
    "TopElev": 556.0,
    "Tosegment": 3043770,
    "end_x": -136.46145833333338,
    "end_y": 62.3384027777779,
    "flow_acc": 300.989,
    "seg_id": 3004272,
    "start_x": -136.4854166666667,
    "start_y": 62.26652777777781,
    "islake": 0,
    "lakeId": 0,
    "RATEACV": 0.0,
    "RATEBCV": 0.0,
    "lake_Vol": 0.0
  }
}