{
  "data": {
    "BotElev": 866.0,
    "Length": 10060.487334907677,
    "OBJECTID": null,
    "PFAF": "3426582",
    "PFAF_CODE": 342658200000.0,
    "PF_TYPE": 6,
    "Shape_Leng": 0.10674831646,
    "Slope": 0.00278316537439,
    "TopElev": 894.0,
    "Tosegment": 3029271,
    "end_x": -114.07458333333557,
    "end_y": 52.46041666666724,
    "flow_acc": 300.958,
    "seg_id": 3004270,
    "start_x": -113.99250000000228,
    "start_y": 52.490416666667215,
    "islake": 0,
    "lakeId": 0,
    "RATEACV": 0.0,
    "RATEBCV": 0.0,
    "lake_Vol": 0.0
  }
}