{
  "data": {
    "BotElev": 445.0,
    "Length": 3929.983367245168,
    "OBJECTID": null,
    "PFAF": "31556372",
    "PFAF_CODE": 315563720000.0,
    "PF_TYPE": 7,
    "Shape_Leng": 0.0390471681,
    "Slope": 0.000254454003122,
    "TopElev": 446.0,
    "Tosegment": 3039902,
    "end_x": -137.89895833333333,
    "end_y": 60.02798611111109,
    "flow_acc": 301.577,
    "seg_id": 3004313,
    "start_x": -137.9354166666667,
    "start_y": 60.03423611111111,
    "islake": 0,
    "lakeId": 0,
    "RATEACV": 0.0,
    "RATEBCV": 0.0,
    "lake_Vol": 0.0
  }
}