{
  "data": {
    "BotElev": 2.0,
    "Length": 14180.763417547467,
    "OBJECTID": null,
    "PFAF": "33132",
    "PFAF_CODE": 331320000000.0,
    "PF_TYPE": 4,
    "Shape_Leng": 0.1547715995,
    "Slope": 0.000493626456763,
    "TopElev": 9.0,
    "Tosegment": -9999,
    "end_x": -133.68229166702673,
    "end_y": 69.31861111101415,
    "flow_acc": 305.098,
    "seg_id": 3004571,
    "start_x": -133.5750000000499,
    "start_y": 69.23319444466796,
    "islake": 0,
    "lakeId": 0,
    "RATEACV": 0.0,
    "RATEBCV": 0.0,
    "lake_Vol": 0.0
  }
}