{
  "data": {
    "BotElev": 64.0,
    "Length": 13902.70486510243,
    "OBJECTID": null,
    "PFAF": "31515983",
    "PFAF_CODE": 315159830000.0,
    "PF_TYPE": 6,
    "Shape_Leng": 0.1384547558,
    "Slope": 0.019780323517497,
    "TopElev": 339.0,
    "Tosegment": 3016894,
    "end_x": -126.58041666666583,
    "end_y": 52.06625000000082,
    "flow_acc": 306.775,
    "seg_id": 3004689,
    "start_x": -126.51083333333247,
    "start_y": 52.13250000000073,
    "islake": 0,
    "lakeId": 0,
    "RATEACV": 0.0,
    "RATEBCV": 0.0,
    "lake_Vol": 0.0
  }
}