{
  "data": {
    "BotElev": 0.0,
    "Length": 2377.398767827124,
    "OBJECTID": null,
    "PFAF": "3155336",
    "PFAF_CODE": 315533600000.0,
    "PF_TYPE": 6,
    "Shape_Leng": 0.0233506794,
    "Slope": 0.005888789120891,
    "TopElev": 14.0,
    "Tosegment": -9999,
    "end_x": -134.82458333333028,
    "end_y": 58.526249999999095,
    "flow_acc": 300.073,
    "seg_id": 3004210,
    "start_x": -134.80416666666366,
    "start_y": 58.523333333332516,
    "islake": 0,
    "lakeId": 0,
    "RATEACV": 0.0,
    "RATEBCV": 0.0,
    "lake_Vol": 0.0
  }
}