{
  "data": {
    "BotElev": 535.0,
    "Length": 12131.76918980388,
    "OBJECTID": null,
    "PFAF": "325482",
    "PFAF_CODE": 325482000000.0,
    "PF_TYPE": 5,
    "Shape_Leng": 0.15535639128,
    "Slope": 0.000494569250876,
    "TopElev": 541.0,
    "Tosegment": 3024722,
    "end_x": -121.69062500000007,
    "end_y": 60.830069444444575,
    "flow_acc": 298.549,
    "seg_id": 3004098,
    "start_x": -121.84166666666681,
    "start_y": 60.83631944444443,
    "islake": 0,
    "lakeId": 0,
    "RATEACV": 0.0,
    "RATEBCV": 0.0,
    "lake_Vol": 0.0
  }
}