{
  "data": {
    "BotElev": 39.0,
    "Length": 1423.0733194216027,
    "OBJECTID": null,
    "PFAF": "33373622",
    "PFAF_CODE": 333736220000.0,
    "PF_TYPE": 7,
    "Shape_Leng": 0.02281197395,
    "Slope": 0.0,
    "TopElev": 39.0,
    "Tosegment": 3029371,
    "end_x": -105.33854166656465,
    "end_y": 67.90090277744139,
    "flow_acc": 298.564,
    "seg_id": 3004102,
    "start_x": -105.35833333371636,
    "start_y": 67.89361111116403,
    "islake": 0,
    "lakeId": 0,
    "RATEACV": 0.0,
    "RATEBCV": 0.0,
    "lake_Vol": 0.0
  }
}