{
  "data": {
    "BotElev": 415.0,
    "Length": 15007.87282126281,
    "OBJECTID": null,
    "PFAF": "32764694",
    "PFAF_CODE": 327646940000.0,
    "PF_TYPE": 7,
    "Shape_Leng": 0.23130606653,
    "Slope": 0.001465897283513,
    "TopElev": 437.0,
    "Tosegment": 3023584,
    "end_x": -107.49687500000016,
    "end_y": 60.89256944444452,
    "flow_acc": 310.408,
    "seg_id": 3004944,
    "start_x": -107.28541666666683,
    "start_y": 60.94048611111117,
    "islake": 0,
    "lakeId": 0,
    "RATEACV": 0.0,
    "RATEBCV": 0.0,
    "lake_Vol": 0.0
  }
}