{
  "data": {
    "BotElev": 481.0,
    "Length": 11313.976385472035,
    "OBJECTID": null,
    "PFAF": "349772",
    "PFAF_CODE": 349772000000.0,
    "PF_TYPE": 5,
    "Shape_Leng": 0.09502750716,
    "Slope": 0.010076033051155,
    "TopElev": 595.0,
    "Tosegment": 3041914,
    "end_x": -104.28375000000477,
    "end_y": 50.7854166666678,
    "flow_acc": 304.6,
    "seg_id": 3004528,
    "start_x": -104.22416666667141,
    "start_y": 50.741666666667754,
    "islake": 0,
    "lakeId": 0,
    "RATEACV": 0.0,
    "RATEBCV": 0.0,
    "lake_Vol": 0.0
  }
}