{
  "data": {
    "BotElev": 573.0,
    "Length": 9501.060950941186,
    "OBJECTID": null,
    "PFAF": "3492983",
    "PFAF_CODE": 349298300000.0,
    "PF_TYPE": 5,
    "Shape_Leng": 0.08051566252,
    "Slope": 0.000315754210555,
    "TopElev": 576.0,
    "Tosegment": 3022446,
    "end_x": -103.29958333333832,
    "end_y": 49.34375000000142,
    "flow_acc": 299.074,
    "seg_id": 3004145,
    "start_x": -103.23666666667168,
    "start_y": 49.3233333333348,
    "islake": 0,
    "lakeId": 0,
    "RATEACV": 0.0,
    "RATEBCV": 0.0,
    "lake_Vol": 0.0
  }
}