{
  "data": {
    "BotElev": 156.0,
    "Length": 7750.015206459833,
    "OBJECTID": null,
    "PFAF": "322612",
    "PFAF_CODE": 322612000000.0,
    "PF_TYPE": 5,
    "Shape_Leng": 0.12992491881,
    "Slope": 0.0,
    "TopElev": 156.0,
    "Tosegment": 3041157,
    "end_x": -121.28437500000001,
    "end_y": 66.10923611111116,
    "flow_acc": 305.652,
    "seg_id": 3004603,
    "start_x": -121.41041666666678,
    "start_y": 66.09986111111107,
    "islake": 0,
    "lakeId": 0,
    "RATEACV": 0.0,
    "RATEBCV": 0.0,
    "lake_Vol": 0.0
  }
}