{
  "data": {
    "BotElev": 1177.0,
    "Length": 9225.31912425229,
    "OBJECTID": null,
    "PFAF": "342964",
    "PFAF_CODE": 342964000000.0,
    "PF_TYPE": 5,
    "Shape_Leng": 0.10120093791,
    "Slope": 0.005961853379729,
    "TopElev": 1232.0,
    "Tosegment": 3029175,
    "end_x": -113.6820833333357,
    "end_y": 49.3012500000014,
    "flow_acc": 298.757,
    "seg_id": 3004117,
    "start_x": -113.77375000000228,
    "start_y": 49.292500000001496,
    "islake": 0,
    "lakeId": 0,
    "RATEACV": 0.0,
    "RATEBCV": 0.0,
    "lake_Vol": 0.0
  }
}