{
  "data": {
    "BotElev": 256.0,
    "Length": 12832.38941506234,
    "OBJECTID": null,
    "PFAF": "3335852",
    "PFAF_CODE": 333585200000.0,
    "PF_TYPE": 6,
    "Shape_Leng": 0.1479727319,
    "Slope": 0.007558997538381,
    "TopElev": 353.0,
    "Tosegment": 3038108,
    "end_x": -109.98020833324796,
    "end_y": 66.8967361106831,
    "flow_acc": 314.086,
    "seg_id": 3005186,
    "start_x": -109.88125000018732,
    "start_y": 66.84048611124507,
    "islake": 0,
    "lakeId": 0,
    "RATEACV": 0.0,
    "RATEBCV": 0.0,
    "lake_Vol": 0.0
  }
}