{
  "data": {
    "BotElev": 169.0,
    "Length": 29351.948048094677,
    "OBJECTID": null,
    "PFAF": "333414",
    "PFAF_CODE": 333414000000.0,
    "PF_TYPE": 5,
    "Shape_Leng": 0.30345921854,
    "Slope": 0.008483252954523,
    "TopElev": 418.0,
    "Tosegment": 3042778,
    "end_x": -115.54895833336036,
    "end_y": 67.24673611088286,
    "flow_acc": 320.913,
    "seg_id": 3005586,
    "start_x": -115.34999999960024,
    "start_y": 67.10194444488036,
    "islake": 0,
    "lakeId": 0,
    "RATEACV": 0.0,
    "RATEBCV": 0.0,
    "lake_Vol": 0.0
  }
}