{
  "data": {
    "BotElev": 345.0,
    "Length": 8166.666269537171,
    "OBJECTID": null,
    "PFAF": "3284852",
    "PFAF_CODE": 328485200000.0,
    "PF_TYPE": 6,
    "Shape_Leng": 0.12267661731,
    "Slope": 0.000612244927731,
    "TopElev": 350.0,
    "Tosegment": 3038044,
    "end_x": -104.28229166666677,
    "end_y": 59.038402777777776,
    "flow_acc": 312.225,
    "seg_id": 3005076,
    "start_x": -104.17083333333346,
    "start_y": 59.06548611111111,
    "islake": 0,
    "lakeId": 0,
    "RATEACV": 0.0,
    "RATEBCV": 0.0,
    "lake_Vol": 0.0
  }
}