{
  "data": {
    "BotElev": 701.0,
    "Length": 25287.144088886922,
    "OBJECTID": null,
    "PFAF": "324784",
    "PFAF_CODE": 324784000000.0,
    "PF_TYPE": 5,
    "Shape_Leng": 0.26709287805,
    "Slope": 0.006880966841822,
    "TopElev": 875.0,
    "Tosegment": 3036379,
    "end_x": -127.50520833333343,
    "end_y": 60.496736111111204,
    "flow_acc": 312.528,
    "seg_id": 3005095,
    "start_x": -127.71458333333345,
    "start_y": 60.545694444444564,
    "islake": 0,
    "lakeId": 0,
    "RATEACV": 0.0,
    "RATEBCV": 0.0,
    "lake_Vol": 0.0
  }
}