{
  "data": {
    "BotElev": 219.0,
    "Length": 15922.835370621733,
    "OBJECTID": null,
    "PFAF": "3285122",
    "PFAF_CODE": 328512200000.0,
    "PF_TYPE": 6,
    "Shape_Leng": 0.16435598534,
    "Slope": 0.001632875012196,
    "TopElev": 245.0,
    "Tosegment": 3024786,
    "end_x": -110.29479166666681,
    "end_y": 58.705069444444575,
    "flow_acc": 311.336,
    "seg_id": 3005008,
    "start_x": -110.2020833333334,
    "start_y": 58.762361111111204,
    "islake": 0,
    "lakeId": 0,
    "RATEACV": 0.0,
    "RATEBCV": 0.0,
    "lake_Vol": 0.0
  }
}