{
  "data": {
    "BotElev": 262.0,
    "Length": 21559.77569670126,
    "OBJECTID": null,
    "PFAF": "3284342",
    "PFAF_CODE": 328434200000.0,
    "PF_TYPE": 6,
    "Shape_Leng": 0.20875954472,
    "Slope": 0.002690194963804,
    "TopElev": 320.0,
    "Tosegment": 3027341,
    "end_x": -109.89895833333338,
    "end_y": 59.53631944444447,
    "flow_acc": 323.505,
    "seg_id": 3005762,
    "start_x": -109.88125000000008,
    "start_y": 59.658194444444575,
    "islake": 0,
    "lakeId": 0,
    "RATEACV": 0.0,
    "RATEBCV": 0.0,
    "lake_Vol": 0.0
  }
}