{
  "data": {
    "BotElev": 234.0,
    "Length": 21970.04145127516,
    "OBJECTID": null,
    "PFAF": "326454",
    "PFAF_CODE": 326454000000.0,
    "PF_TYPE": 5,
    "Shape_Leng": 0.24862629257,
    "Slope": 0.00236685943972,
    "TopElev": 286.0,
    "Tosegment": 3037184,
    "end_x": -114.32395833333345,
    "end_y": 63.03631944444447,
    "flow_acc": 324.319,
    "seg_id": 3005820,
    "start_x": -114.48541666666677,
    "start_y": 63.1196527777779,
    "islake": 0,
    "lakeId": 0,
    "RATEACV": 0.0,
    "RATEBCV": 0.0,
    "lake_Vol": 0.0
  }
}