{
  "data": {
    "BotElev": 579.0,
    "Length": 18331.846840192247,
    "OBJECTID": null,
    "PFAF": "3389292",
    "PFAF_CODE": 338929200000.0,
    "PF_TYPE": 6,
    "Shape_Leng": 0.14440653589,
    "Slope": 0.000545498775283,
    "TopElev": 589.0,
    "Tosegment": 3023477,
    "end_x": -107.53708333322913,
    "end_y": 53.40791666672095,
    "flow_acc": 312.945,
    "seg_id": 3005122,
    "start_x": -107.45999999989999,
    "start_y": 53.3249999996504,
    "islake": 0,
    "lakeId": 0,
    "RATEACV": 0.0,
    "RATEBCV": 0.0,
    "lake_Vol": 0.0
  }
}