{
  "data": {
    "BotElev": 331.0,
    "Length": 15512.481588012783,
    "OBJECTID": null,
    "PFAF": "3274596",
    "PFAF_CODE": 327459600000.0,
    "PF_TYPE": 6,
    "Shape_Leng": 0.17167831582,
    "Slope": 0.000386785310007,
    "TopElev": 337.0,
    "Tosegment": 3042079,
    "end_x": -118.22812500000009,
    "end_y": 58.86548611111124,
    "flow_acc": 318.57,
    "seg_id": 3005457,
    "start_x": -118.31041666666681,
    "start_y": 58.79777777777781,
    "islake": 0,
    "lakeId": 0,
    "RATEACV": 0.0,
    "RATEBCV": 0.0,
    "lake_Vol": 0.0
  }
}