{
  "data": {
    "BotElev": 394.0,
    "Length": 5667.886936033271,
    "OBJECTID": null,
    "PFAF": "326964",
    "PFAF_CODE": 326964000000.0,
    "PF_TYPE": 5,
    "Shape_Leng": 0.04760258834,
    "Slope": 0.0,
    "TopElev": 394.0,
    "Tosegment": 3030685,
    "end_x": -109.29895833333347,
    "end_y": 64.28423611111117,
    "flow_acc": 324.469,
    "seg_id": 3005829,
    "start_x": -109.29791666666682,
    "start_y": 64.3227777777779,
    "islake": 0,
    "lakeId": 0,
    "RATEACV": 0.0,
    "RATEBCV": 0.0,
    "lake_Vol": 0.0
  }
}