{
  "data": {
    "BotElev": 157.0,
    "Length": 12835.994480688507,
    "OBJECTID": null,
    "PFAF": "3262374",
    "PFAF_CODE": 326237400000.0,
    "PF_TYPE": 6,
    "Shape_Leng": 0.13583017669,
    "Slope": 0.002492989541881,
    "TopElev": 189.0,
    "Tosegment": 3043079,
    "end_x": -115.75729166666679,
    "end_y": 62.51965277777788,
    "flow_acc": 324.944,
    "seg_id": 3005862,
    "start_x": -115.83541666666679,
    "start_y": 62.47798611111125,
    "islake": 0,
    "lakeId": 0,
    "RATEACV": 0.0,
    "RATEBCV": 0.0,
    "lake_Vol": 0.0
  }
}