{
  "data": {
    "BotElev": 362.0,
    "Length": 24240.590588044743,
    "OBJECTID": null,
    "PFAF": "3293143",
    "PFAF_CODE": 329314300000.0,
    "PF_TYPE": 5,
    "Shape_Leng": 0.22204846067,
    "Slope": 0.006724258611108,
    "TopElev": 525.0,
    "Tosegment": 3018967,
    "end_x": -115.88645833333345,
    "end_y": 58.648819444444484,
    "flow_acc": 324.659,
    "seg_id": 3005841,
    "start_x": -115.93958333333347,
    "start_y": 58.769652777777765,
    "islake": 0,
    "lakeId": 0,
    "RATEACV": 0.0,
    "RATEBCV": 0.0,
    "lake_Vol": 0.0
  }
}