{
  "data": {
    "BotElev": 524.0,
    "Length": 6735.765239762376,
    "OBJECTID": null,
    "PFAF": "3385692",
    "PFAF_CODE": 338569200000.0,
    "PF_TYPE": 6,
    "Shape_Leng": 0.07698012876,
    "Slope": 0.000148461231115,
    "TopElev": 525.0,
    "Tosegment": 3023051,
    "end_x": -106.11291666677073,
    "end_y": 56.774583333254384,
    "flow_acc": 311.635,
    "seg_id": 3005028,
    "start_x": -106.0574999998251,
    "start_y": 56.782499999575464,
    "islake": 0,
    "lakeId": 0,
    "RATEACV": 0.0,
    "RATEBCV": 0.0,
    "lake_Vol": 0.0
  }
}