{
  "data": {
    "BotElev": 529.0,
    "Length": 4760.374782772602,
    "OBJECTID": null,
    "PFAF": "34241852",
    "PFAF_CODE": 342418520000.0,
    "PF_TYPE": 7,
    "Shape_Leng": 0.05611210315,
    "Slope": -0.000210067493765,
    "TopElev": 528.0,
    "Tosegment": 3034010,
    "end_x": -107.3354166666706,
    "end_y": 51.702083333334144,
    "flow_acc": 313.498,
    "seg_id": 3005154,
    "start_x": -107.38333333333719,
    "start_y": 51.69333333333424,
    "islake": 0,
    "lakeId": 0,
    "RATEACV": 0.0,
    "RATEBCV": 0.0,
    "lake_Vol": 0.0
  }
}