{
  "data": {
    "BotElev": 1149.0,
    "Length": 5575.762690096813,
    "OBJECTID": null,
    "PFAF": "3188992",
    "PFAF_CODE": 318899200000.0,
    "PF_TYPE": 6,
    "Shape_Leng": 0.08108397962,
    "Slope": 0.015065203572812,
    "TopElev": 1233.0,
    "Tosegment": 3023649,
    "end_x": -130.55520833333333,
    "end_y": 63.759236111111136,
    "flow_acc": 320.543,
    "seg_id": 3005561,
    "start_x": -130.5000000000001,
    "start_y": 63.799861111111056,
    "islake": 0,
    "lakeId": 0,
    "RATEACV": 0.0,
    "RATEBCV": 0.0,
    "lake_Vol": 0.0
  }
}