{
  "data": {
    "BotElev": 951.0,
    "Length": 10753.148348128985,
    "OBJECTID": null,
    "PFAF": "3299226",
    "PFAF_CODE": 329922600000.0,
    "PF_TYPE": 6,
    "Shape_Leng": 0.09106917382,
    "Slope": 0.009299602010736,
    "TopElev": 1051.0,
    "Tosegment": 3024344,
    "end_x": -125.71979166666677,
    "end_y": 56.417569444444496,
    "flow_acc": 323.75,
    "seg_id": 3005781,
    "start_x": -125.77500000000003,
    "start_y": 56.459236111111125,
    "islake": 0,
    "lakeId": 0,
    "RATEACV": 0.0,
    "RATEBCV": 0.0,
    "lake_Vol": 0.0
  }
}