{
  "data": {
    "BotElev": 106.0,
    "Length": 4409.536305827622,
    "OBJECTID": null,
    "PFAF": "322124",
    "PFAF_CODE": 322124000000.0,
    "PF_TYPE": 5,
    "Shape_Leng": 0.04752855937,
    "Slope": 0.000453562429536,
    "TopElev": 108.0,
    "Tosegment": 3035394,
    "end_x": -125.4947916666668,
    "end_y": 65.30715277777784,
    "flow_acc": 324.802,
    "seg_id": 3005855,
    "start_x": -125.49166666666679,
    "start_y": 65.33631944444443,
    "islake": 0,
    "lakeId": 0,
    "RATEACV": 0.0,
    "RATEBCV": 0.0,
    "lake_Vol": 0.0
  }
}