{
  "data": {
    "BotElev": 349.0,
    "Length": 3560.452108133612,
    "OBJECTID": null,
    "PFAF": "338342",
    "PFAF_CODE": 338342000000.0,
    "PF_TYPE": 5,
    "Shape_Leng": 0.02904103546,
    "Slope": -0.00084258962314,
    "TopElev": 346.0,
    "Tosegment": 3018744,
    "end_x": -103.8412500003871,
    "end_y": 55.3170833329296,
    "flow_acc": 321.844,
    "seg_id": 3005644,
    "start_x": -103.85166666688315,
    "start_y": 55.29333333306704,
    "islake": 0,
    "lakeId": 0,
    "RATEACV": 0.0,
    "RATEBCV": 0.0,
    "lake_Vol": 0.0
  }
}