{
  "data": {
    "BotElev": 247.0,
    "Length": 15815.385762967959,
    "OBJECTID": null,
    "PFAF": "32223723",
    "PFAF_CODE": 322237230000.0,
    "PF_TYPE": 6,
    "Shape_Leng": 0.14431156796,
    "Slope": 0.000695525241361,
    "TopElev": 258.0,
    "Tosegment": 3022904,
    "end_x": -121.34687500000013,
    "end_y": 64.37381944444445,
    "flow_acc": 315.021,
    "seg_id": 3005238,
    "start_x": -121.25000000000011,
    "start_y": 64.29465277777786,
    "islake": 0,
    "lakeId": 0,
    "RATEACV": 0.0,
    "RATEBCV": 0.0,
    "lake_Vol": 0.0
  }
}