{
  "data": {
    "BotElev": 1402.0,
    "Length": 16592.27375866404,
    "OBJECTID": null,
    "PFAF": "3424994",
    "PFAF_CODE": 342499400000.0,
    "PF_TYPE": 6,
    "Shape_Leng": 0.1242339465,
    "Slope": 0.013922142520062,
    "TopElev": 1633.0,
    "Tosegment": 3030126,
    "end_x": -116.7229166666682,
    "end_y": 51.96791666666746,
    "flow_acc": 316.496,
    "seg_id": 3005334,
    "start_x": -116.68791666666829,
    "start_y": 51.8816666666674,
    "islake": 0,
    "lakeId": 0,
    "RATEACV": 0.0,
    "RATEBCV": 0.0,
    "lake_Vol": 0.0
  }
}