{
  "data": {
    "BotElev": 678.0,
    "Length": 4366.927036662166,
    "OBJECTID": null,
    "PFAF": "380952",
    "PFAF_CODE": 380952000000.0,
    "PF_TYPE": 5,
    "Shape_Leng": 0.04694543648,
    "Slope": 0.000457987958857,
    "TopElev": 680.0,
    "Tosegment": -9999,
    "end_x": -105.17874999999782,
    "end_y": 49.49874999999804,
    "flow_acc": 322.664,
    "seg_id": 3005697,
    "start_x": -105.21916666666448,
    "start_y": 49.49749999999801,
    "islake": 0,
    "lakeId": 0,
    "RATEACV": 0.0,
    "RATEBCV": 0.0,
    "lake_Vol": 0.0
  }
}