{
  "data": {
    "BotElev": 439.0,
    "Length": 14670.175509618093,
    "OBJECTID": null,
    "PFAF": "3386822",
    "PFAF_CODE": 338682200000.0,
    "PF_TYPE": 6,
    "Shape_Leng": 0.12056980385,
    "Slope": 0.000272662041254,
    "TopElev": 443.0,
    "Tosegment": 3028707,
    "end_x": -109.43791666642096,
    "end_y": 56.406250000237435,
    "flow_acc": 313.108,
    "seg_id": 3005127,
    "start_x": -109.40416666675821,
    "start_y": 56.49124999988766,
    "islake": 0,
    "lakeId": 0,
    "RATEACV": 0.0,
    "RATEBCV": 0.0,
    "lake_Vol": 0.0
  }
}