{
  "data": {
    "BotElev": 444.0,
    "Length": 12612.445536850188,
    "OBJECTID": null,
    "PFAF": "3334842",
    "PFAF_CODE": 333484200000.0,
    "PF_TYPE": 6,
    "Shape_Leng": 0.20845072872,
    "Slope": 0.000396433822877,
    "TopElev": 449.0,
    "Tosegment": 3025175,
    "end_x": -110.87187500023106,
    "end_y": 65.08006944464927,
    "flow_acc": 326.453,
    "seg_id": 3005958,
    "start_x": -110.67499999994999,
    "start_y": 65.08423611070805,
    "islake": 0,
    "lakeId": 0,
    "RATEACV": 0.0,
    "RATEBCV": 0.0,
    "lake_Vol": 0.0
  }
}