{
  "data": {
    "BotElev": 914.0,
    "Length": 5068.728112606376,
    "OBJECTID": null,
    "PFAF": "3249884",
    "PFAF_CODE": 324988400000.0,
    "PF_TYPE": 6,
    "Shape_Leng": 0.04544522604,
    "Slope": 0.00394576303082,
    "TopElev": 934.0,
    "Tosegment": 3020991,
    "end_x": -131.00104166666665,
    "end_y": 60.81131944444451,
    "flow_acc": 315.577,
    "seg_id": 3005273,
    "start_x": -131.03541666666672,
    "start_y": 60.83215277777782,
    "islake": 0,
    "lakeId": 0,
    "RATEACV": 0.0,
    "RATEBCV": 0.0,
    "lake_Vol": 0.0
  }
}