{
  "data": {
    "BotElev": 864.0,
    "Length": 14377.241464445986,
    "OBJECTID": null,
    "PFAF": "3212964",
    "PFAF_CODE": 321296400000.0,
    "PF_TYPE": 6,
    "Shape_Leng": 0.20941310409,
    "Slope": 0.011963351970219,
    "TopElev": 1036.0,
    "Tosegment": 3023017,
    "end_x": -138.96145833333344,
    "end_y": 65.13423611111114,
    "flow_acc": 321.163,
    "seg_id": 3005602,
    "start_x": -139.05625000000003,
    "start_y": 64.99152777777789,
    "islake": 0,
    "lakeId": 0,
    "RATEACV": 0.0,
    "RATEBCV": 0.0,
    "lake_Vol": 0.0
  }
}