{
  "data": {
    "BotElev": 653.0,
    "Length": 15706.03894995973,
    "OBJECTID": null,
    "PFAF": "315282",
    "PFAF_CODE": 315282000000.0,
    "PF_TYPE": 5,
    "Shape_Leng": 0.12282362304,
    "Slope": 0.018655244707689,
    "TopElev": 946.0,
    "Tosegment": 3034095,
    "end_x": -127.0904166666657,
    "end_y": 56.32458333333307,
    "flow_acc": 322.196,
    "seg_id": 3005663,
    "start_x": -127.13083333333236,
    "start_y": 56.41749999999962,
    "islake": 0,
    "lakeId": 0,
    "RATEACV": 0.0,
    "RATEBCV": 0.0,
    "lake_Vol": 0.0
  }
}