{
  "data": {
    "BotElev": 157.0,
    "Length": 26225.42886554118,
    "OBJECTID": null,
    "PFAF": "326212",
    "PFAF_CODE": 326212000000.0,
    "PF_TYPE": 5,
    "Shape_Leng": 0.36679676217,
    "Slope": 0.000800749536172,
    "TopElev": 178.0,
    "Tosegment": 3043317,
    "end_x": -114.7927083333334,
    "end_y": 62.090486111111204,
    "flow_acc": 314.803,
    "seg_id": 3005230,
    "start_x": -115.10625000000016,
    "start_y": 62.00611111111124,
    "islake": 0,
    "lakeId": 0,
    "RATEACV": 0.0,
    "RATEBCV": 0.0,
    "lake_Vol": 0.0
  }
}