{
  "data": {
    "BotElev": 4.0,
    "Length": 24731.890469871465,
    "OBJECTID": null,
    "PFAF": "333382",
    "PFAF_CODE": 333382000000.0,
    "PF_TYPE": 5,
    "Shape_Leng": 0.35725573936,
    "Slope": 0.000727805261063,
    "TopElev": 22.0,
    "Tosegment": 3035084,
    "end_x": -115.8864583335851,
    "end_y": 67.76756944467417,
    "flow_acc": 313.262,
    "seg_id": 3005135,
    "start_x": -116.07499999994991,
    "start_y": 67.74673611078293,
    "islake": 0,
    "lakeId": 0,
    "RATEACV": 0.0,
    "RATEBCV": 0.0,
    "lake_Vol": 0.0
  }
}