{
  "data": {
    "BotElev": 865.0,
    "Length": 13983.836333541294,
    "OBJECTID": null,
    "PFAF": "324884",
    "PFAF_CODE": 324884000000.0,
    "PF_TYPE": 5,
    "Shape_Leng": 0.15931367239,
    "Slope": 0.011656314913314,
    "TopElev": 1028.0,
    "Tosegment": 3026179,
    "end_x": -126.41354166666679,
    "end_y": 58.12173611111103,
    "flow_acc": 318.254,
    "seg_id": 3005437,
    "start_x": -126.26458333333346,
    "start_y": 58.12590277777787,
    "islake": 0,
    "lakeId": 0,
    "RATEACV": 0.0,
    "RATEBCV": 0.0,
    "lake_Vol": 0.0
  }
}