{
  "data": {
    "BotElev": 767.0,
    "Length": 16929.92195844229,
    "OBJECTID": null,
    "PFAF": "3294825",
    "PFAF_CODE": 329482500000.0,
    "PF_TYPE": 5,
    "Shape_Leng": 0.19898373606,
    "Slope": 0.003662155097477,
    "TopElev": 829.0,
    "Tosegment": 3020065,
    "end_x": -119.74062500000008,
    "end_y": 55.28423611111117,
    "flow_acc": 323.961,
    "seg_id": 3005797,
    "start_x": -119.91041666666672,
    "start_y": 55.24465277777779,
    "islake": 0,
    "lakeId": 0,
    "RATEACV": 0.0,
    "RATEBCV": 0.0,
    "lake_Vol": 0.0
  }
}