{
  "data": {
    "BotElev": 155.0,
    "Length": 41701.77201136568,
    "OBJECTID": null,
    "PFAF": "322692",
    "PFAF_CODE": 322692000000.0,
    "PF_TYPE": 5,
    "Shape_Leng": 0.59163600286,
    "Slope": 2.3979796344e-05,
    "TopElev": 156.0,
    "Tosegment": 3036977,
    "end_x": -125.05312500000014,
    "end_y": 66.04465277777786,
    "flow_acc": 339.795,
    "seg_id": 3006799,
    "start_x": -124.6708333333334,
    "start_y": 65.99048611111112,
    "islake": 0,
    "lakeId": 0,
    "RATEACV": 0.0,
    "RATEBCV": 0.0,
    "lake_Vol": 0.0
  }
}