{
  "data": {
    "BotElev": 324.0,
    "Length": 11153.198479503511,
    "OBJECTID": null,
    "PFAF": "3262626",
    "PFAF_CODE": 326262600000.0,
    "PF_TYPE": 6,
    "Shape_Leng": 0.10105436803,
    "Slope": 0.001613886817587,
    "TopElev": 342.0,
    "Tosegment": 3031353,
    "end_x": -114.36145833333347,
    "end_y": 63.78006944444445,
    "flow_acc": 339.545,
    "seg_id": 3006780,
    "start_x": -114.33958333333345,
    "start_y": 63.86027777777781,
    "islake": 0,
    "lakeId": 0,
    "RATEACV": 0.0,
    "RATEBCV": 0.0,
    "lake_Vol": 0.0
  }
}