{
  "data": {
    "BotElev": 540.0,
    "Length": 2450.841261399244,
    "OBJECTID": null,
    "PFAF": "329266",
    "PFAF_CODE": 329266000000.0,
    "PF_TYPE": 5,
    "Shape_Leng": 0.03388219993,
    "Slope": 0.0,
    "TopElev": 540.0,
    "Tosegment": 3032518,
    "end_x": -113.91354166666679,
    "end_y": 56.125902777777924,
    "flow_acc": 329.95,
    "seg_id": 3006177,
    "start_x": -113.93750000000011,
    "start_y": 56.101944444444484,
    "islake": 0,
    "lakeId": 0,
    "RATEACV": 0.0,
    "RATEBCV": 0.0,
    "lake_Vol": 0.0
  }
}