{
  "data": {
    "BotElev": 207.0,
    "Length": 9202.687651396374,
    "OBJECTID": null,
    "PFAF": "323656",
    "PFAF_CODE": 323656000000.0,
    "PF_TYPE": 5,
    "Shape_Leng": 0.08489320279,
    "Slope": 0.000325991722597,
    "TopElev": 210.0,
    "Tosegment": 3039716,
    "end_x": -120.60937500000006,
    "end_y": 62.6717361111111,
    "flow_acc": 337.567,
    "seg_id": 3006669,
    "start_x": -120.5437500000001,
    "start_y": 62.63527777777779,
    "islake": 0,
    "lakeId": 0,
    "RATEACV": 0.0,
    "RATEBCV": 0.0,
    "lake_Vol": 0.0
  }
}