{
  "data": {
    "BotElev": 830.0,
    "Length": 19655.785552560144,
    "OBJECTID": null,
    "PFAF": "31556292",
    "PFAF_CODE": 315562920000.0,
    "PF_TYPE": 7,
    "Shape_Leng": 0.21629126074,
    "Slope": 0.008089221342735,
    "TopElev": 989.0,
    "Tosegment": 3023213,
    "end_x": -136.84270833333335,
    "end_y": 59.990486111111295,
    "flow_acc": 328.253,
    "seg_id": 3006058,
    "start_x": -136.6479166666668,
    "start_y": 59.99361111111119,
    "islake": 0,
    "lakeId": 0,
    "RATEACV": 0.0,
    "RATEBCV": 0.0,
    "lake_Vol": 0.0
  }
}