{
  "data": {
    "BotElev": 155.0,
    "Length": 26018.177984717757,
    "OBJECTID": null,
    "PFAF": "322864",
    "PFAF_CODE": 322864000000.0,
    "PF_TYPE": 5,
    "Shape_Leng": 0.27305946353,
    "Slope": 0.008455626682592,
    "TopElev": 375.0,
    "Tosegment": 3026128,
    "end_x": -118.03645833333343,
    "end_y": 66.59673611111123,
    "flow_acc": 335.646,
    "seg_id": 3006544,
    "start_x": -118.20937500000014,
    "start_y": 66.72486111111118,
    "islake": 0,
    "lakeId": 0,
    "RATEACV": 0.0,
    "RATEBCV": 0.0,
    "lake_Vol": 0.0
  }
}