{
  "data": {
    "BotElev": 527.0,
    "Length": 14546.774763334706,
    "OBJECTID": null,
    "PFAF": "3212934",
    "PFAF_CODE": 321293400000.0,
    "PF_TYPE": 6,
    "Shape_Leng": 0.20377855937,
    "Slope": 0.00515578203555,
    "TopElev": 602.0,
    "Tosegment": 3036967,
    "end_x": -138.2302083333334,
    "end_y": 65.53631944444453,
    "flow_acc": 333.614,
    "seg_id": 3006408,
    "start_x": -138.42708333333343,
    "start_y": 65.52381944444443,
    "islake": 0,
    "lakeId": 0,
    "RATEACV": 0.0,
    "RATEBCV": 0.0,
    "lake_Vol": 0.0
  }
}