{
  "data": {
    "BotElev": 482.0,
    "Length": 57562.140181863564,
    "OBJECTID": null,
    "PFAF": "32846952",
    "PFAF_CODE": 328469520000.0,
    "PF_TYPE": 7,
    "Shape_Leng": 0.44762799107,
    "Slope": 0.0,
    "TopElev": 482.0,
    "Tosegment": 3035230,
    "end_x": -106.3114583333334,
    "end_y": 57.69256944444453,
    "flow_acc": 336.247,
    "seg_id": 3006587,
    "start_x": -106.42500000000018,
    "start_y": 57.322777777777844,
    "islake": 0,
    "lakeId": 0,
    "RATEACV": 0.0,
    "RATEBCV": 0.0,
    "lake_Vol": 0.0
  }
}