{
  "data": {
    "BotElev": 884.0,
    "Length": 12515.165101797089,
    "OBJECTID": null,
    "PFAF": "3249882",
    "PFAF_CODE": 324988200000.0,
    "PF_TYPE": 6,
    "Shape_Leng": 0.18325404329,
    "Slope": 0.01630022443497,
    "TopElev": 1088.0,
    "Tosegment": 3027042,
    "end_x": -130.73854166666672,
    "end_y": 60.78215277777775,
    "flow_acc": 329.637,
    "seg_id": 3006151,
    "start_x": -130.88541666666663,
    "start_y": 60.70611111111123,
    "islake": 0,
    "lakeId": 0,
    "RATEACV": 0.0,
    "RATEBCV": 0.0,
    "lake_Vol": 0.0
  }
}