{
  "data": {
    "BotElev": 1.0,
    "Length": 606.9703762408666,
    "OBJECTID": null,
    "PFAF": "3199912",
    "PFAF_CODE": 319991200000.0,
    "PF_TYPE": 6,
    "Shape_Leng": 0.01178511302,
    "Slope": 0.0,
    "TopElev": 1.0,
    "Tosegment": -9999,
    "end_x": -138.91250000000014,
    "end_y": 69.37486111111122,
    "flow_acc": 334.004,
    "seg_id": 3006437,
    "start_x": -138.9208333333334,
    "start_y": 69.36652777777778,
    "islake": 0,
    "lakeId": 0,
    "RATEACV": 0.0,
    "RATEBCV": 0.0,
    "lake_Vol": 0.0
  }
}