{
  "data": {
    "BotElev": 432.0,
    "Length": 13465.317679001746,
    "OBJECTID": null,
    "PFAF": "34234423",
    "PFAF_CODE": 342344230000.0,
    "PF_TYPE": 6,
    "Shape_Leng": 0.12988961031,
    "Slope": 0.001039708110402,
    "TopElev": 446.0,
    "Tosegment": 3017818,
    "end_x": -104.59041666667133,
    "end_y": 53.47375000000034,
    "flow_acc": 332.799,
    "seg_id": 3006359,
    "start_x": -104.69333333333805,
    "start_y": 53.497083333333705,
    "islake": 0,
    "lakeId": 0,
    "RATEACV": 0.0,
    "RATEBCV": 0.0,
    "lake_Vol": 0.0
  }
}