{
  "data": {
    "BotElev": 248.0,
    "Length": 639.5017538336708,
    "OBJECTID": null,
    "PFAF": "3291363",
    "PFAF_CODE": 329136300000.0,
    "PF_TYPE": 5,
    "Shape_Leng": 0.00441941738,
    "Slope": -0.001563717369038,
    "TopElev": 247.0,
    "Tosegment": 3017410,
    "end_x": -113.81770833333343,
    "end_y": 58.78215277777781,
    "flow_acc": 328.958,
    "seg_id": 3006108,
    "start_x": -113.82083333333338,
    "start_y": 58.78527777777771,
    "islake": 0,
    "lakeId": 0,
    "RATEACV": 0.0,
    "RATEBCV": 0.0,
    "lake_Vol": 0.0
  }
}