{
  "data": {
    "BotElev": 214.0,
    "Length": 9298.34348851047,
    "OBJECTID": null,
    "PFAF": "3367323",
    "PFAF_CODE": 336732300000.0,
    "PF_TYPE": 5,
    "Shape_Leng": 0.11391181155,
    "Slope": 0.002473558868676,
    "TopElev": 237.0,
    "Tosegment": 3019094,
    "end_x": -104.5114583329356,
    "end_y": 63.28423611070798,
    "flow_acc": 335.596,
    "seg_id": 3006540,
    "start_x": -104.43333333376631,
    "start_y": 63.331111111288806,
    "islake": 0,
    "lakeId": 0,
    "RATEACV": 0.0,
    "RATEBCV": 0.0,
    "lake_Vol": 0.0
  }
}