{
  "data": {
    "BotElev": 672.0,
    "Length": 4042.6083651467898,
    "OBJECTID": null,
    "PFAF": "3146642",
    "PFAF_CODE": 314664200000.0,
    "PF_TYPE": 6,
    "Shape_Leng": 0.03939129385,
    "Slope": 0.003710475674399,
    "TopElev": 687.0,
    "Tosegment": 3030476,
    "end_x": -121.35375000000045,
    "end_y": 54.350416666666774,
    "flow_acc": 335.231,
    "seg_id": 3006509,
    "start_x": -121.3470833333339,
    "start_y": 54.37916666666683,
    "islake": 0,
    "lakeId": 0,
    "RATEACV": 0.0,
    "RATEBCV": 0.0,
    "lake_Vol": 0.0
  }
}