{
  "data": {
    "BotElev": 918.0,
    "Length": 3105.718399452879,
    "OBJECTID": null,
    "PFAF": "3154784",
    "PFAF_CODE": 315478400000.0,
    "PF_TYPE": 6,
    "Shape_Leng": 0.03849873734,
    "Slope": 0.04218025691675,
    "TopElev": 1049.0,
    "Tosegment": 3026288,
    "end_x": -127.92874999999879,
    "end_y": 58.031249999999204,
    "flow_acc": 337.5,
    "seg_id": 3006661,
    "start_x": -127.91208333333202,
    "start_y": 58.061666666665815,
    "islake": 0,
    "lakeId": 0,
    "RATEACV": 0.0,
    "RATEBCV": 0.0,
    "lake_Vol": 0.0
  }
}