{
  "data": {
    "BotElev": 1296.0,
    "Length": 6041.917478832768,
    "OBJECTID": null,
    "PFAF": "31892994",
    "PFAF_CODE": 318929940000.0,
    "PF_TYPE": 7,
    "Shape_Leng": 0.07074134192,
    "Slope": 0.014895933338266,
    "TopElev": 1386.0,
    "Tosegment": 3029234,
    "end_x": -138.828125,
    "end_y": 60.74465277777773,
    "flow_acc": 341.754,
    "seg_id": 3006897,
    "start_x": -138.83437500000014,
    "start_y": 60.69569444444437,
    "islake": 0,
    "lakeId": 0,
    "RATEACV": 0.0,
    "RATEBCV": 0.0,
    "lake_Vol": 0.0
  }
}