{
  "data": {
    "BotElev": 480.0,
    "Length": 5479.739038669494,
    "OBJECTID": null,
    "PFAF": "3276498",
    "PFAF_CODE": 327649800000.0,
    "PF_TYPE": 6,
    "Shape_Leng": 0.06706747532,
    "Slope": -0.000364980884288,
    "TopElev": 478.0,
    "Tosegment": 3028981,
    "end_x": -107.39062500000011,
    "end_y": 60.44048611111111,
    "flow_acc": 332.795,
    "seg_id": 3006357,
    "start_x": -107.32916666666677,
    "start_y": 60.42694444444453,
    "islake": 0,
    "lakeId": 0,
    "RATEACV": 0.0,
    "RATEBCV": 0.0,
    "lake_Vol": 0.0
  }
}