{
  "data": {
    "BotElev": 346.0,
    "Length": 5668.922057167064,
    "OBJECTID": null,
    "PFAF": "3332823",
    "PFAF_CODE": 333282300000.0,
    "PF_TYPE": 5,
    "Shape_Leng": 0.09516181114,
    "Slope": 0.000176400379105,
    "TopElev": 347.0,
    "Tosegment": 3021590,
    "end_x": -122.34270833372261,
    "end_y": 67.46965277785358,
    "flow_acc": 337.142,
    "seg_id": 3006637,
    "start_x": -122.42708333332916,
    "start_y": 67.44361111116399,
    "islake": 0,
    "lakeId": 0,
    "RATEACV": 0.0,
    "RATEBCV": 0.0,
    "lake_Vol": 0.0
  }
}