{
  "data": {
    "BotElev": 537.0,
    "Length": 13458.564720055532,
    "OBJECTID": null,
    "PFAF": "3287834",
    "PFAF_CODE": 328783400000.0,
    "PF_TYPE": 6,
    "Shape_Leng": 0.10838939986,
    "Slope": 0.000148604256219,
    "TopElev": 539.0,
    "Tosegment": 3035023,
    "end_x": -112.12604166666677,
    "end_y": 54.865486111111125,
    "flow_acc": 340.057,
    "seg_id": 3006814,
    "start_x": -112.03750000000008,
    "start_y": 54.81756944444447,
    "islake": 0,
    "lakeId": 0,
    "RATEACV": 0.0,
    "RATEBCV": 0.0,
    "lake_Vol": 0.0
  }
}