{
  "data": {
    "BotElev": 802.0,
    "Length": 996.3238545771048,
    "OBJECTID": null,
    "PFAF": "3148722",
    "PFAF_CODE": 314872200000.0,
    "PF_TYPE": 6,
    "Shape_Leng": 0.015707702,
    "Slope": -0.001003689709331,
    "TopElev": 801.0,
    "Tosegment": 3021918,
    "end_x": -124.98041666666626,
    "end_y": 54.97958333333355,
    "flow_acc": 335.478,
    "seg_id": 3006530,
    "start_x": -124.9683333333328,
    "start_y": 54.98833333333329,
    "islake": 0,
    "lakeId": 0,
    "RATEACV": 0.0,
    "RATEBCV": 0.0,
    "lake_Vol": 0.0
  }
}