{
  "data": {
    "BotElev": 609.0,
    "Length": 12443.943035260949,
    "OBJECTID": null,
    "PFAF": "3289322",
    "PFAF_CODE": 328932200000.0,
    "PF_TYPE": 6,
    "Shape_Leng": 0.13905986946,
    "Slope": 0.00281261332528,
    "TopElev": 644.0,
    "Tosegment": 3022114,
    "end_x": -114.5114583333334,
    "end_y": 54.482152777777856,
    "flow_acc": 345.506,
    "seg_id": 3007108,
    "start_x": -114.62708333333347,
    "start_y": 54.45819444444447,
    "islake": 0,
    "lakeId": 0,
    "RATEACV": 0.0,
    "RATEBCV": 0.0,
    "lake_Vol": 0.0
  }
}