{
  "data": {
    "BotElev": 411.0,
    "Length": 15100.575613891198,
    "OBJECTID": null,
    "PFAF": "333466",
    "PFAF_CODE": 333466000000.0,
    "PF_TYPE": 5,
    "Shape_Leng": 0.1453225704,
    "Slope": 0.001589343387541,
    "TopElev": 435.0,
    "Tosegment": 3025648,
    "end_x": -112.42395833331028,
    "end_y": 65.6488194448616,
    "flow_acc": 358.044,
    "seg_id": 3007834,
    "start_x": -112.51666666683303,
    "start_y": 65.7238194447117,
    "islake": 0,
    "lakeId": 0,
    "RATEACV": 0.0,
    "RATEBCV": 0.0,
    "lake_Vol": 0.0
  }
}