{
  "data": {
    "BotElev": 181.0,
    "Length": 22878.472777403204,
    "OBJECTID": null,
    "PFAF": "3224582",
    "PFAF_CODE": 322458200000.0,
    "PF_TYPE": 6,
    "Shape_Leng": 0.31859668098,
    "Slope": 0.0027099710983,
    "TopElev": 243.0,
    "Tosegment": 3028316,
    "end_x": -118.15312500000016,
    "end_y": 64.63423611111125,
    "flow_acc": 355.796,
    "seg_id": 3007704,
    "start_x": -118.43750000000011,
    "start_y": 64.61756944444454,
    "islake": 0,
    "lakeId": 0,
    "RATEACV": 0.0,
    "RATEBCV": 0.0,
    "lake_Vol": 0.0
  }
}