{
  "data": {
    "BotElev": 434.0,
    "Length": 29391.840719038442,
    "OBJECTID": null,
    "PFAF": "3293382",
    "PFAF_CODE": 329338200000.0,
    "PF_TYPE": 6,
    "Shape_Leng": 0.35675024036,
    "Slope": 0.005137480208995,
    "TopElev": 585.0,
    "Tosegment": 3028067,
    "end_x": -116.58229166666672,
    "end_y": 57.55506944444443,
    "flow_acc": 352.61,
    "seg_id": 3007513,
    "start_x": -116.2625000000001,
    "start_y": 57.58423611111118,
    "islake": 0,
    "lakeId": 0,
    "RATEACV": 0.0,
    "RATEBCV": 0.0,
    "lake_Vol": 0.0
  }
}