{
  "data": {
    "BotElev": 693.0,
    "Length": 11132.297898866573,
    "OBJECTID": null,
    "PFAF": "3234443",
    "PFAF_CODE": 323444300000.0,
    "PF_TYPE": 5,
    "Shape_Leng": 0.1042227332,
    "Slope": 0.0,
    "TopElev": 693.0,
    "Tosegment": 3018007,
    "end_x": -126.19270833333348,
    "end_y": 63.82173611111108,
    "flow_acc": 345.061,
    "seg_id": 3007087,
    "start_x": -126.27708333333345,
    "start_y": 63.86965277777773,
    "islake": 0,
    "lakeId": 0,
    "RATEACV": 0.0,
    "RATEBCV": 0.0,
    "lake_Vol": 0.0
  }
}