{
  "data": {
    "BotElev": 403.0,
    "Length": 6394.060225876876,
    "OBJECTID": null,
    "PFAF": "3269723",
    "PFAF_CODE": 326972300000.0,
    "PF_TYPE": 5,
    "Shape_Leng": 0.0907857593,
    "Slope": 0.0,
    "TopElev": 403.0,
    "Tosegment": 3028703,
    "end_x": -109.87604166666677,
    "end_y": 63.69048611111117,
    "flow_acc": 348.861,
    "seg_id": 3007313,
    "start_x": -109.95000000000016,
    "start_y": 63.64986111111125,
    "islake": 0,
    "lakeId": 0,
    "RATEACV": 0.0,
    "RATEBCV": 0.0,
    "lake_Vol": 0.0
  }
}