{
  "data": {
    "BotElev": 592.0,
    "Length": 18460.147697537905,
    "OBJECTID": null,
    "PFAF": "3424542",
    "PFAF_CODE": 342454200000.0,
    "PF_TYPE": 6,
    "Shape_Leng": 0.15840061317,
    "Slope": 0.001300097940343,
    "TopElev": 616.0,
    "Tosegment": 3032868,
    "end_x": -108.87458333333694,
    "end_y": 53.45625000000024,
    "flow_acc": 343.898,
    "seg_id": 3007020,
    "start_x": -108.99541666667028,
    "start_y": 53.52083333333377,
    "islake": 0,
    "lakeId": 0,
    "RATEACV": 0.0,
    "RATEBCV": 0.0,
    "lake_Vol": 0.0
  }
}