{
  "data": {
    "BotElev": 681.0,
    "Length": 11057.518156825741,
    "OBJECTID": null,
    "PFAF": "323272",
    "PFAF_CODE": 323272000000.0,
    "PF_TYPE": 5,
    "Shape_Leng": 0.11865800859,
    "Slope": 0.010400163795256,
    "TopElev": 796.0,
    "Tosegment": 3038302,
    "end_x": -128.00312500000013,
    "end_y": 64.01548611111116,
    "flow_acc": 345.789,
    "seg_id": 3007125,
    "start_x": -127.89999999999998,
    "start_y": 63.98215277777774,
    "islake": 0,
    "lakeId": 0,
    "RATEACV": 0.0,
    "RATEBCV": 0.0,
    "lake_Vol": 0.0
  }
}