{
  "data": {
    "BotElev": 442.0,
    "Length": 17990.041494584962,
    "OBJECTID": null,
    "PFAF": "3128152",
    "PFAF_CODE": 312815200000.0,
    "PF_TYPE": 6,
    "Shape_Leng": 0.12354359057,
    "Slope": 0.009282913552493,
    "TopElev": 609.0,
    "Tosegment": 3041573,
    "end_x": -118.23125000000113,
    "end_y": 51.01375000000127,
    "flow_acc": 344.672,
    "seg_id": 3007069,
    "start_x": -118.31500000000125,
    "start_y": 51.0829166666677,
    "islake": 0,
    "lakeId": 0,
    "RATEACV": 0.0,
    "RATEBCV": 0.0,
    "lake_Vol": 0.0
  }
}