{
  "data": {
    "BotElev": 287.0,
    "Length": 797.7936729629897,
    "OBJECTID": null,
    "PFAF": "3381962",
    "PFAF_CODE": 338196200000.0,
    "PF_TYPE": 6,
    "Shape_Leng": 0.01159517788,
    "Slope": -0.01002765535892,
    "TopElev": 279.0,
    "Tosegment": 3029436,
    "end_x": -101.91458333295441,
    "end_y": 55.931250000287434,
    "flow_acc": 352.894,
    "seg_id": 3007536,
    "start_x": -101.90333333306683,
    "start_y": 55.93041666689578,
    "islake": 0,
    "lakeId": 0,
    "RATEACV": 0.0,
    "RATEBCV": 0.0,
    "lake_Vol": 0.0
  }
}