{
  "data": {
    "BotElev": 933.0,
    "Length": 17489.96073104044,
    "OBJECTID": null,
    "PFAF": "329884",
    "PFAF_CODE": 329884000000.0,
    "PF_TYPE": 5,
    "Shape_Leng": 0.1725539621,
    "Slope": 0.001886796689111,
    "TopElev": 966.0,
    "Tosegment": 3023849,
    "end_x": -125.93020833333338,
    "end_y": 57.736319444444575,
    "flow_acc": 347.645,
    "seg_id": 3007239,
    "start_x": -125.88958333333346,
    "start_y": 57.825902777777856,
    "islake": 0,
    "lakeId": 0,
    "RATEACV": 0.0,
    "RATEBCV": 0.0,
    "lake_Vol": 0.0
  }
}