{
  "data": {
    "BotElev": 193.0,
    "Length": 15162.653247041473,
    "OBJECTID": null,
    "PFAF": "326242",
    "PFAF_CODE": 326242000000.0,
    "PF_TYPE": 5,
    "Shape_Leng": 0.18676715058,
    "Slope": 0.001450933398104,
    "TopElev": 215.0,
    "Tosegment": 3029289,
    "end_x": -115.19687500000015,
    "end_y": 62.8904861111111,
    "flow_acc": 357.2,
    "seg_id": 3007790,
    "start_x": -115.0729166666668,
    "start_y": 62.94152777777788,
    "islake": 0,
    "lakeId": 0,
    "RATEACV": 0.0,
    "RATEBCV": 0.0,
    "lake_Vol": 0.0
  }
}