{
  "data": {
    "BotElev": 799.0,
    "Length": 11693.463603634034,
    "OBJECTID": null,
    "PFAF": "3212894",
    "PFAF_CODE": 321289400000.0,
    "PF_TYPE": 6,
    "Shape_Leng": 0.14969862304,
    "Slope": 0.014024929273225,
    "TopElev": 963.0,
    "Tosegment": 3030942,
    "end_x": -136.3593750000001,
    "end_y": 64.74465277777784,
    "flow_acc": 356.79,
    "seg_id": 3007769,
    "start_x": -136.40520833333346,
    "start_y": 64.62277777777769,
    "islake": 0,
    "lakeId": 0,
    "RATEACV": 0.0,
    "RATEBCV": 0.0,
    "lake_Vol": 0.0
  }
}