{
  "data": {
    "BotElev": 580.0,
    "Length": 7696.961368854753,
    "OBJECTID": null,
    "PFAF": "31869844",
    "PFAF_CODE": 318698440000.0,
    "PF_TYPE": 7,
    "Shape_Leng": 0.11124894778,
    "Slope": 0.005326777417112,
    "TopElev": 621.0,
    "Tosegment": 3021936,
    "end_x": -139.69687499999998,
    "end_y": 66.19673611111108,
    "flow_acc": 357.03,
    "seg_id": 3007780,
    "start_x": -139.80208333333343,
    "start_y": 66.1863194444444,
    "islake": 0,
    "lakeId": 0,
    "RATEACV": 0.0,
    "RATEBCV": 0.0,
    "lake_Vol": 0.0
  }
}