{
  "data": {
    "BotElev": 4.0,
    "Length": 25810.195593588494,
    "OBJECTID": null,
    "PFAF": "333812",
    "PFAF_CODE": 333812000000.0,
    "PF_TYPE": 5,
    "Shape_Leng": 0.28154085406,
    "Slope": 0.000852376337879,
    "TopElev": 26.0,
    "Tosegment": 3040483,
    "end_x": -103.99270833352273,
    "end_y": 67.9654861107955,
    "flow_acc": 343.899,
    "seg_id": 3007021,
    "start_x": -103.79062500044336,
    "start_y": 67.84777777822194,
    "islake": 0,
    "lakeId": 0,
    "RATEACV": 0.0,
    "RATEBCV": 0.0,
    "lake_Vol": 0.0
  }
}