{
  "data": {
    "BotElev": 646.0,
    "Length": 24210.615194020367,
    "OBJECTID": null,
    "PFAF": "34247722",
    "PFAF_CODE": 342477220000.0,
    "PF_TYPE": 7,
    "Shape_Leng": 0.2133219395,
    "Slope": 0.002230426594585,
    "TopElev": 700.0,
    "Tosegment": 3024674,
    "end_x": -113.54708333333576,
    "end_y": 53.45541666666708,
    "flow_acc": 358.692,
    "seg_id": 3007866,
    "start_x": -113.61416666666906,
    "start_y": 53.3100000000004,
    "islake": 0,
    "lakeId": 0,
    "RATEACV": 0.0,
    "RATEBCV": 0.0,
    "lake_Vol": 0.0
  }
}