{
  "data": {
    "BotElev": 986.0,
    "Length": 3849.3429279230545,
    "OBJECTID": null,
    "PFAF": "318888",
    "PFAF_CODE": 318888000000.0,
    "PF_TYPE": 5,
    "Shape_Leng": 0.05766181152,
    "Slope": 0.007793537900295,
    "TopElev": 1016.0,
    "Tosegment": 3024259,
    "end_x": -131.2906250000001,
    "end_y": 63.78006944444445,
    "flow_acc": 354.255,
    "seg_id": 3007624,
    "start_x": -131.2520833333332,
    "start_y": 63.81027777777774,
    "islake": 0,
    "lakeId": 0,
    "RATEACV": 0.0,
    "RATEBCV": 0.0,
    "lake_Vol": 0.0
  }
}