{
  "data": {
    "BotElev": 732.0,
    "Length": 13360.684847962193,
    "OBJECTID": null,
    "PFAF": "34256042",
    "PFAF_CODE": 342560420000.0,
    "PF_TYPE": 7,
    "Shape_Leng": 0.09942598599,
    "Slope": 0.001197543403057,
    "TopElev": 748.0,
    "Tosegment": 3028198,
    "end_x": -110.00458333333665,
    "end_y": 49.98375000000135,
    "flow_acc": 356.014,
    "seg_id": 3007716,
    "start_x": -109.95250000000334,
    "start_y": 49.927083333334565,
    "islake": 0,
    "lakeId": 0,
    "RATEACV": 0.0,
    "RATEBCV": 0.0,
    "lake_Vol": 0.0
  }
}