{
  "data": {
    "BotElev": 822.0,
    "Length": 16023.333153380572,
    "OBJECTID": null,
    "PFAF": "3128542",
    "PFAF_CODE": 312854200000.0,
    "PF_TYPE": 6,
    "Shape_Leng": 0.18544714994,
    "Slope": 0.021219055782303,
    "TopElev": 1162.0,
    "Tosegment": 3025193,
    "end_x": -117.48458333333474,
    "end_y": 51.4612500000012,
    "flow_acc": 358.46,
    "seg_id": 3007853,
    "start_x": -117.62000000000137,
    "start_y": 51.38041666666766,
    "islake": 0,
    "lakeId": 0,
    "RATEACV": 0.0,
    "RATEBCV": 0.0,
    "lake_Vol": 0.0
  }
}