{
  "data": {
    "BotElev": 516.0,
    "Length": 16403.532553972294,
    "OBJECTID": null,
    "PFAF": "3292483",
    "PFAF_CODE": 329248300000.0,
    "PF_TYPE": 5,
    "Shape_Leng": 0.19279506367,
    "Slope": 0.001828874353819,
    "TopElev": 546.0,
    "Tosegment": 3017607,
    "end_x": -115.39687500000014,
    "end_y": 56.53840277777772,
    "flow_acc": 352.819,
    "seg_id": 3007529,
    "start_x": -115.5729166666668,
    "start_y": 56.53840277777772,
    "islake": 0,
    "lakeId": 0,
    "RATEACV": 0.0,
    "RATEBCV": 0.0,
    "lake_Vol": 0.0
  }
}