{
  "data": {
    "BotElev": 667.0,
    "Length": 15285.043091625155,
    "OBJECTID": null,
    "PFAF": "3214922",
    "PFAF_CODE": 321492200000.0,
    "PF_TYPE": 6,
    "Shape_Leng": 0.18123203756,
    "Slope": 0.009290127554681,
    "TopElev": 809.0,
    "Tosegment": 3022599,
    "end_x": -131.1260416666667,
    "end_y": 65.10298611111119,
    "flow_acc": 354.534,
    "seg_id": 3007637,
    "start_x": -130.96875000000006,
    "start_y": 65.06652777777788,
    "islake": 0,
    "lakeId": 0,
    "RATEACV": 0.0,
    "RATEBCV": 0.0,
    "lake_Vol": 0.0
  }
}