{
  "data": {
    "BotElev": 214.0,
    "Length": 6445.558908378442,
    "OBJECTID": null,
    "PFAF": "322472",
    "PFAF_CODE": 322472000000.0,
    "PF_TYPE": 5,
    "Shape_Leng": 0.05464150429,
    "Slope": -0.000310291167675,
    "TopElev": 212.0,
    "Tosegment": 3038433,
    "end_x": -117.20520833333347,
    "end_y": 64.56131944444445,
    "flow_acc": 346.182,
    "seg_id": 3007150,
    "start_x": -117.18229166666674,
    "start_y": 64.52277777777778,
    "islake": 0,
    "lakeId": 0,
    "RATEACV": 0.0,
    "RATEBCV": 0.0,
    "lake_Vol": 0.0
  }
}