{
  "data": {
    "BotElev": 934.0,
    "Length": 1799.9970064772333,
    "OBJECTID": null,
    "PFAF": "3155282",
    "PFAF_CODE": 315528200000.0,
    "PF_TYPE": 6,
    "Shape_Leng": 0.01895220057,
    "Slope": 0.002777782397419,
    "TopElev": 939.0,
    "Tosegment": 3023357,
    "end_x": -131.7820833333309,
    "end_y": 58.5895833333326,
    "flow_acc": 352.847,
    "seg_id": 3007532,
    "start_x": -131.76416666666444,
    "start_y": 58.58874999999904,
    "islake": 0,
    "lakeId": 0,
    "RATEACV": 0.0,
    "RATEBCV": 0.0,
    "lake_Vol": 0.0
  }
}