{
  "data": {
    "BotElev": 289.0,
    "Length": 15353.012646881758,
    "OBJECTID": null,
    "PFAF": "3285927",
    "PFAF_CODE": 328592700000.0,
    "PF_TYPE": 5,
    "Shape_Leng": 0.12843381725,
    "Slope": 0.001954013892257,
    "TopElev": 319.0,
    "Tosegment": 3022329,
    "end_x": -111.23020833333351,
    "end_y": 57.41548611111125,
    "flow_acc": 354.49,
    "seg_id": 3007635,
    "start_x": -111.15833333333347,
    "start_y": 57.34986111111118,
    "islake": 0,
    "lakeId": 0,
    "RATEACV": 0.0,
    "RATEBCV": 0.0,
    "lake_Vol": 0.0
  }
}