{
  "data": {
    "BotElev": 25.0,
    "Length": 13707.934459472452,
    "OBJECTID": null,
    "PFAF": "321123",
    "PFAF_CODE": 321123000000.0,
    "PF_TYPE": 4,
    "Shape_Leng": 0.20926504615,
    "Slope": 0.010213063128797,
    "TopElev": 165.0,
    "Tosegment": 3020581,
    "end_x": -135.50312499999995,
    "end_y": 68.20090277777786,
    "flow_acc": 352.63,
    "seg_id": 3007516,
    "start_x": -135.63125000000014,
    "start_y": 68.07694444444445,
    "islake": 0,
    "lakeId": 0,
    "RATEACV": 0.0,
    "RATEBCV": 0.0,
    "lake_Vol": 0.0
  }
}