{
  "data": {
    "BotElev": 323.0,
    "Length": 20627.401028732,
    "OBJECTID": null,
    "PFAF": "326684",
    "PFAF_CODE": 326684000000.0,
    "PF_TYPE": 5,
    "Shape_Leng": 0.2022261302,
    "Slope": 0.003490502749217,
    "TopElev": 395.0,
    "Tosegment": 3030645,
    "end_x": -107.87187500000016,
    "end_y": 62.717569444444564,
    "flow_acc": 379.367,
    "seg_id": 3008930,
    "start_x": -107.88333333333344,
    "start_y": 62.832152777777765,
    "islake": 0,
    "lakeId": 0,
    "RATEACV": 0.0,
    "RATEBCV": 0.0,
    "lake_Vol": 0.0
  }
}