{
  "data": {
    "BotElev": 697.0,
    "Length": 18012.97551584047,
    "OBJECTID": null,
    "PFAF": "318824",
    "PFAF_CODE": 318824000000.0,
    "PF_TYPE": 5,
    "Shape_Leng": 0.24336189271,
    "Slope": 0.002942323435314,
    "TopElev": 750.0,
    "Tosegment": 3030099,
    "end_x": -136.10104166666673,
    "end_y": 64.11965277777807,
    "flow_acc": 372.419,
    "seg_id": 3008585,
    "start_x": -135.86458333333337,
    "start_y": 64.13631944444455,
    "islake": 0,
    "lakeId": 0,
    "RATEACV": 0.0,
    "RATEBCV": 0.0,
    "lake_Vol": 0.0
  }
}