{
  "data": {
    "BotElev": 705.0,
    "Length": 9813.991632689884,
    "OBJECTID": null,
    "PFAF": "34256012",
    "PFAF_CODE": 342560120000.0,
    "PF_TYPE": 7,
    "Shape_Leng": 0.09945559757,
    "Slope": 0.000203790677112,
    "TopElev": 707.0,
    "Tosegment": -9999,
    "end_x": -109.89625000000336,
    "end_y": 50.11375000000123,
    "flow_acc": 377.223,
    "seg_id": 3008833,
    "start_x": -109.8150000000033,
    "start_y": 50.12500000000125,
    "islake": 0,
    "lakeId": 0,
    "RATEACV": 0.0,
    "RATEBCV": 0.0,
    "lake_Vol": 0.0
  }
}