{
  "data": {
    "BotElev": 613.0,
    "Length": 36154.85814098451,
    "OBJECTID": null,
    "PFAF": "349286",
    "PFAF_CODE": 349286000000.0,
    "PF_TYPE": 5,
    "Shape_Leng": 0.33681857241,
    "Slope": 0.003291397231762,
    "TopElev": 732.0,
    "Tosegment": 3032939,
    "end_x": -102.98458333333843,
    "end_y": 49.83041666666787,
    "flow_acc": 374.23,
    "seg_id": 3008681,
    "start_x": -102.78916666667175,
    "start_y": 49.91250000000127,
    "islake": 0,
    "lakeId": 0,
    "RATEACV": 0.0,
    "RATEBCV": 0.0,
    "lake_Vol": 0.0
  }
}