{
  "data": {
    "BotElev": 957.0,
    "Length": 8045.791657696858,
    "OBJECTID": null,
    "PFAF": "3899448",
    "PFAF_CODE": 389944800000.0,
    "PF_TYPE": 6,
    "Shape_Leng": 0.06910533906,
    "Slope": 0.006214428875022,
    "TopElev": 1007.0,
    "Tosegment": 3031955,
    "end_x": -109.21291666666411,
    "end_y": 49.50041666666459,
    "flow_acc": 362.203,
    "seg_id": 3008066,
    "start_x": -109.21166666666414,
    "start_y": 49.53791666666456,
    "islake": 0,
    "lakeId": 0,
    "RATEACV": 0.0,
    "RATEBCV": 0.0,
    "lake_Vol": 0.0
  }
}