{
  "data": {
    "BotElev": 384.0,
    "Length": 20855.405923651393,
    "OBJECTID": null,
    "PFAF": "338228",
    "PFAF_CODE": 338228000000.0,
    "PF_TYPE": 5,
    "Shape_Leng": 0.23417472473,
    "Slope": 0.001534374354407,
    "TopElev": 416.0,
    "Tosegment": 3026102,
    "end_x": -103.89541666634602,
    "end_y": 56.24791666662105,
    "flow_acc": 376.647,
    "seg_id": 3008806,
    "start_x": -104.08666666623361,
    "start_y": 56.2787500003123,
    "islake": 0,
    "lakeId": 0,
    "RATEACV": 0.0,
    "RATEBCV": 0.0,
    "lake_Vol": 0.0
  }
}