{
  "data": {
    "BotElev": 5.0,
    "Length": 9952.803433379482,
    "OBJECTID": null,
    "PFAF": "3337322",
    "PFAF_CODE": 333732200000.0,
    "PF_TYPE": 6,
    "Shape_Leng": 0.08661909117,
    "Slope": 0.00753556528088,
    "TopElev": 80.0,
    "Tosegment": 3035103,
    "end_x": -106.97812500036844,
    "end_y": 67.14881944456181,
    "flow_acc": 379.224,
    "seg_id": 3008922,
    "start_x": -106.99583333314172,
    "start_y": 67.2081944442183,
    "islake": 0,
    "lakeId": 0,
    "RATEACV": 0.0,
    "RATEBCV": 0.0,
    "lake_Vol": 0.0
  }
}