{
  "data": {
    "BotElev": 580.0,
    "Length": 22273.033912720184,
    "OBJECTID": null,
    "PFAF": "31532943",
    "PFAF_CODE": 315329430000.0,
    "PF_TYPE": 6,
    "Shape_Leng": 0.18490485194,
    "Slope": 0.006510114453568,
    "TopElev": 725.0,
    "Tosegment": 3020072,
    "end_x": -128.14874999999864,
    "end_y": 56.51874999999961,
    "flow_acc": 361.847,
    "seg_id": 3008045,
    "start_x": -128.25749999999869,
    "start_y": 56.6124999999995,
    "islake": 0,
    "lakeId": 0,
    "RATEACV": 0.0,
    "RATEBCV": 0.0,
    "lake_Vol": 0.0
  }
}