{
  "data": {
    "BotElev": 286.0,
    "Length": 19129.835193843257,
    "OBJECTID": null,
    "PFAF": "321169",
    "PFAF_CODE": 321169000000.0,
    "PF_TYPE": 4,
    "Shape_Leng": 0.22587038521,
    "Slope": 0.007422959924177,
    "TopElev": 428.0,
    "Tosegment": 3020411,
    "end_x": -136.2656250000001,
    "end_y": 67.72590277777789,
    "flow_acc": 367.908,
    "seg_id": 3008345,
    "start_x": -136.28750000000014,
    "start_y": 67.87069444444455,
    "islake": 0,
    "lakeId": 0,
    "RATEACV": 0.0,
    "RATEBCV": 0.0,
    "lake_Vol": 0.0
  }
}