{
  "data": {
    "BotElev": 932.0,
    "Length": 13716.83704079638,
    "OBJECTID": null,
    "PFAF": "324298",
    "PFAF_CODE": 324298000000.0,
    "PF_TYPE": 5,
    "Shape_Leng": 0.15063559693,
    "Slope": 0.013414171171732,
    "TopElev": 1116.0,
    "Tosegment": 3027377,
    "end_x": -129.30104166666678,
    "end_y": 62.71965277777775,
    "flow_acc": 373.461,
    "seg_id": 3008640,
    "start_x": -129.28125,
    "start_y": 62.824861111111204,
    "islake": 0,
    "lakeId": 0,
    "RATEACV": 0.0,
    "RATEBCV": 0.0,
    "lake_Vol": 0.0
  }
}