{
  "data": {
    "BotElev": 7.0,
    "Length": 7685.8784849121585,
    "OBJECTID": null,
    "PFAF": "3153372",
    "PFAF_CODE": 315337200000.0,
    "PF_TYPE": 6,
    "Shape_Leng": 0.09672378541,
    "Slope": 0.002081739911893,
    "TopElev": 23.0,
    "Tosegment": -9999,
    "end_x": -130.52958333333123,
    "end_y": 55.15708333333339,
    "flow_acc": 377.359,
    "seg_id": 3008843,
    "start_x": -130.45583333333127,
    "start_y": 55.197916666666856,
    "islake": 0,
    "lakeId": 0,
    "RATEACV": 0.0,
    "RATEBCV": 0.0,
    "lake_Vol": 0.0
  }
}