{
  "data": {
    "BotElev": 361.0,
    "Length": 26640.017451319913,
    "OBJECTID": null,
    "PFAF": "3364912",
    "PFAF_CODE": 336491200000.0,
    "PF_TYPE": 6,
    "Shape_Leng": 0.37191310491,
    "Slope": 0.000412912642422,
    "TopElev": 372.0,
    "Tosegment": 3036373,
    "end_x": -104.25937499995626,
    "end_y": 60.70715277787849,
    "flow_acc": 372.328,
    "seg_id": 3008576,
    "start_x": -104.5791666665084,
    "start_y": 60.62277777737262,
    "islake": 0,
    "lakeId": 0,
    "RATEACV": 0.0,
    "RATEBCV": 0.0,
    "lake_Vol": 0.0
  }
}