{
  "data": {
    "BotElev": 1360.0,
    "Length": 8580.4762160264,
    "OBJECTID": null,
    "PFAF": "3424865",
    "PFAF_CODE": 342486500000.0,
    "PF_TYPE": 5,
    "Shape_Leng": 0.0845097402,
    "Slope": 0.009090404545882,
    "TopElev": 1438.0,
    "Tosegment": 3023496,
    "end_x": -116.3437500000017,
    "end_y": 52.61291666666716,
    "flow_acc": 361.392,
    "seg_id": 3008017,
    "start_x": -116.37625000000173,
    "start_y": 52.57333333333395,
    "islake": 0,
    "lakeId": 0,
    "RATEACV": 0.0,
    "RATEBCV": 0.0,
    "lake_Vol": 0.0
  }
}