{
  "data": {
    "BotElev": 327.0,
    "Length": 4222.153537498558,
    "OBJECTID": null,
    "PFAF": "328528",
    "PFAF_CODE": 328528000000.0,
    "PF_TYPE": 5,
    "Shape_Leng": 0.05830266953,
    "Slope": -0.000236845958139,
    "TopElev": 326.0,
    "Tosegment": 3029922,
    "end_x": -109.41979166666681,
    "end_y": 58.307152777777844,
    "flow_acc": 378.75,
    "seg_id": 3008900,
    "start_x": -109.36666666666673,
    "start_y": 58.31548611111111,
    "islake": 0,
    "lakeId": 0,
    "RATEACV": 0.0,
    "RATEBCV": 0.0,
    "lake_Vol": 0.0
  }
}