{
  "data": {
    "BotElev": 50.0,
    "Length": 9177.438943662068,
    "OBJECTID": null,
    "PFAF": "3199942",
    "PFAF_CODE": 319994200000.0,
    "PF_TYPE": 6,
    "Shape_Leng": 0.14789870423,
    "Slope": 0.00119859146626,
    "TopElev": 61.0,
    "Tosegment": 3031654,
    "end_x": -138.20104166666664,
    "end_y": 68.98423611111122,
    "flow_acc": 365.603,
    "seg_id": 3008241,
    "start_x": -138.31458333333336,
    "start_y": 68.9373611111111,
    "islake": 0,
    "lakeId": 0,
    "RATEACV": 0.0,
    "RATEBCV": 0.0,
    "lake_Vol": 0.0
  }
}