{
  "data": {
    "BotElev": 535.0,
    "Length": 15277.238524522398,
    "OBJECTID": null,
    "PFAF": "34244162",
    "PFAF_CODE": 342441620000.0,
    "PF_TYPE": 7,
    "Shape_Leng": 0.16334138999,
    "Slope": 0.003992868207306,
    "TopElev": 596.0,
    "Tosegment": 3024883,
    "end_x": -108.9654166666702,
    "end_y": 52.8087500000006,
    "flow_acc": 379.686,
    "seg_id": 3008945,
    "start_x": -109.10500000000354,
    "start_y": 52.805416666667156,
    "islake": 0,
    "lakeId": 0,
    "RATEACV": 0.0,
    "RATEBCV": 0.0,
    "lake_Vol": 0.0
  }
}