{
  "data": {
    "BotElev": 489.0,
    "Length": 31396.907020888724,
    "OBJECTID": null,
    "PFAF": "3424184",
    "PFAF_CODE": 342418400000.0,
    "PF_TYPE": 6,
    "Shape_Leng": 0.22599960902,
    "Slope": 0.000987358403787,
    "TopElev": 520.0,
    "Tosegment": 3035378,
    "end_x": -107.10208333333736,
    "end_y": 52.061250000000655,
    "flow_acc": 369.783,
    "seg_id": 3008435,
    "start_x": -107.01000000000408,
    "start_y": 51.91416666666743,
    "islake": 0,
    "lakeId": 0,
    "RATEACV": 0.0,
    "RATEBCV": 0.0,
    "lake_Vol": 0.0
  }
}