{
  "data": {
    "BotElev": 1094.0,
    "Length": 15642.213202792462,
    "OBJECTID": null,
    "PFAF": "3151863",
    "PFAF_CODE": 315186300000.0,
    "PF_TYPE": 5,
    "Shape_Leng": 0.13493867239,
    "Slope": 0.003196478615384,
    "TopElev": 1144.0,
    "Tosegment": 3019697,
    "end_x": -125.27624999999938,
    "end_y": 52.4970833333341,
    "flow_acc": 369.811,
    "seg_id": 3008437,
    "start_x": -125.15166666666607,
    "start_y": 52.4754166666674,
    "islake": 0,
    "lakeId": 0,
    "RATEACV": 0.0,
    "RATEBCV": 0.0,
    "lake_Vol": 0.0
  }
}