{
  "data": {
    "BotElev": 332.0,
    "Length": 3381.5196560118807,
    "OBJECTID": null,
    "PFAF": "323824",
    "PFAF_CODE": 323824000000.0,
    "PF_TYPE": 5,
    "Shape_Leng": 0.02504336517,
    "Slope": 0.0,
    "TopElev": 332.0,
    "Tosegment": 3028375,
    "end_x": -122.72187500000013,
    "end_y": 61.80506944444443,
    "flow_acc": 365.386,
    "seg_id": 3008223,
    "start_x": -122.70416666666671,
    "start_y": 61.78736111111124,
    "islake": 0,
    "lakeId": 0,
    "RATEACV": 0.0,
    "RATEBCV": 0.0,
    "lake_Vol": 0.0
  }
}