{
  "data": {
    "BotElev": 209.0,
    "Length": 25499.433917969418,
    "OBJECTID": null,
    "PFAF": "328524",
    "PFAF_CODE": 328524000000.0,
    "PF_TYPE": 5,
    "Shape_Leng": 0.23032046639,
    "Slope": 0.001568662274177,
    "TopElev": 249.0,
    "Tosegment": 3035063,
    "end_x": -110.4947916666668,
    "end_y": 58.6092361111111,
    "flow_acc": 377.063,
    "seg_id": 3008827,
    "start_x": -110.43437500000016,
    "start_y": 58.470694444444405,
    "islake": 0,
    "lakeId": 0,
    "RATEACV": 0.0,
    "RATEBCV": 0.0,
    "lake_Vol": 0.0
  }
}