{
  "data": {
    "BotElev": 599.0,
    "Length": 218.80699663648022,
    "OBJECTID": null,
    "PFAF": "3189614",
    "PFAF_CODE": 318961400000.0,
    "PF_TYPE": 6,
    "Shape_Leng": 0.00441941738,
    "Slope": 0.031991664378217,
    "TopElev": 606.0,
    "Tosegment": 3041927,
    "end_x": -135.23020833333345,
    "end_y": 61.390486111111215,
    "flow_acc": 376.745,
    "seg_id": 3008812,
    "start_x": -135.23333333333346,
    "start_y": 61.38736111111109,
    "islake": 0,
    "lakeId": 0,
    "RATEACV": 0.0,
    "RATEBCV": 0.0,
    "lake_Vol": 0.0
  }
}