{
  "data": {
    "BotElev": 996.0,
    "Length": 1778.4938037303525,
    "OBJECTID": null,
    "PFAF": "3298972",
    "PFAF_CODE": 329897200000.0,
    "PF_TYPE": 6,
    "Shape_Leng": 0.01447864056,
    "Slope": 0.010683197186376,
    "TopElev": 1015.0,
    "Tosegment": 3035131,
    "end_x": -126.57604166666681,
    "end_y": 57.29048611111119,
    "flow_acc": 365.742,
    "seg_id": 3008247,
    "start_x": -126.5729166666668,
    "start_y": 57.2790277777778,
    "islake": 0,
    "lakeId": 0,
    "RATEACV": 0.0,
    "RATEBCV": 0.0,
    "lake_Vol": 0.0
  }
}