{
  "data": {
    "BotElev": 458.0,
    "Length": 8161.651074198669,
    "OBJECTID": null,
    "PFAF": "3186988",
    "PFAF_CODE": 318698800000.0,
    "PF_TYPE": 6,
    "Shape_Leng": 0.11449134192,
    "Slope": 0.005023493362711,
    "TopElev": 499.0,
    "Tosegment": 3025548,
    "end_x": -139.58437500000008,
    "end_y": 66.63631944444444,
    "flow_acc": 375.206,
    "seg_id": 3008742,
    "start_x": -139.53750000000002,
    "start_y": 66.71340277777784,
    "islake": 0,
    "lakeId": 0,
    "RATEACV": 0.0,
    "RATEBCV": 0.0,
    "lake_Vol": 0.0
  }
}