{
  "data": {
    "BotElev": 5.0,
    "Length": 19572.26018074372,
    "OBJECTID": null,
    "PFAF": "3335712",
    "PFAF_CODE": 333571200000.0,
    "PF_TYPE": 6,
    "Shape_Leng": 0.15899959624,
    "Slope": 0.008123742405409,
    "TopElev": 164.0,
    "Tosegment": -9999,
    "end_x": -111.53645833328534,
    "end_y": 67.71444444455551,
    "flow_acc": 361.318,
    "seg_id": 3008012,
    "start_x": -111.50833333311681,
    "start_y": 67.5852777778473,
    "islake": 0,
    "lakeId": 0,
    "RATEACV": 0.0,
    "RATEBCV": 0.0,
    "lake_Vol": 0.0
  }
}