{
  "data": {
    "BotElev": 716.0,
    "Length": 20259.96438310552,
    "OBJECTID": null,
    "PFAF": "3152632",
    "PFAF_CODE": 315263200000.0,
    "PF_TYPE": 6,
    "Shape_Leng": 0.1809547558,
    "Slope": 0.005873652971435,
    "TopElev": 835.0,
    "Tosegment": 3037381,
    "end_x": -126.69624999999917,
    "end_y": 55.43208333333348,
    "flow_acc": 371.362,
    "seg_id": 3008522,
    "start_x": -126.85083333333239,
    "start_y": 55.47083333333313,
    "islake": 0,
    "lakeId": 0,
    "RATEACV": 0.0,
    "RATEBCV": 0.0,
    "lake_Vol": 0.0
  }
}