{
  "data": {
    "BotElev": 531.0,
    "Length": 9683.644752746108,
    "OBJECTID": null,
    "PFAF": "3153268",
    "PFAF_CODE": 315326800000.0,
    "PF_TYPE": 6,
    "Shape_Leng": 0.09045643935,
    "Slope": 0.002271871858348,
    "TopElev": 553.0,
    "Tosegment": 3029936,
    "end_x": -129.84624999999824,
    "end_y": 56.72708333333293,
    "flow_acc": 366.755,
    "seg_id": 3008292,
    "start_x": -129.9199999999982,
    "start_y": 56.7441666666661,
    "islake": 0,
    "lakeId": 0,
    "RATEACV": 0.0,
    "RATEBCV": 0.0,
    "lake_Vol": 0.0
  }
}