{
  "data": {
    "BotElev": -4.0,
    "Length": 21711.239918848016,
    "OBJECTID": null,
    "PFAF": "315382",
    "PFAF_CODE": 315382000000.0,
    "PF_TYPE": 5,
    "Shape_Leng": 0.22035323463,
    "Slope": 0.001796304593647,
    "TopElev": 35.0,
    "Tosegment": 3022758,
    "end_x": -131.51208333333125,
    "end_y": 56.22124999999966,
    "flow_acc": 369.458,
    "seg_id": 3008417,
    "start_x": -131.31749999999795,
    "start_y": 56.220416666666324,
    "islake": 0,
    "lakeId": 0,
    "RATEACV": 0.0,
    "RATEBCV": 0.0,
    "lake_Vol": 0.0
  }
}