{
  "data": {
    "BotElev": 4.0,
    "Length": 10119.097373084825,
    "OBJECTID": null,
    "PFAF": "33399732",
    "PFAF_CODE": 333997320000.0,
    "PF_TYPE": 7,
    "Shape_Leng": 0.1081366493,
    "Slope": 0.011167003916828,
    "TopElev": 117.0,
    "Tosegment": -9999,
    "end_x": -111.35312499971889,
    "end_y": 68.59986111110152,
    "flow_acc": 380.526,
    "seg_id": 3008993,
    "start_x": -111.40624999983754,
    "start_y": 68.65611111143875,
    "islake": 0,
    "lakeId": 0,
    "RATEACV": 0.0,
    "RATEBCV": 0.0,
    "lake_Vol": 0.0
  }
}