{
  "data": {
    "BotElev": 1.0,
    "Length": 3931.7082855385556,
    "OBJECTID": null,
    "PFAF": "33397776",
    "PFAF_CODE": 333977760000.0,
    "PF_TYPE": 7,
    "Shape_Leng": 0.04828681145,
    "Slope": 0.00152605421467,
    "TopElev": 7.0,
    "Tosegment": -9999,
    "end_x": -103.18333333356645,
    "end_y": 69.10090277774111,
    "flow_acc": 396.391,
    "seg_id": 3009803,
    "start_x": -103.21875000001234,
    "start_y": 69.07277777757247,
    "islake": 0,
    "lakeId": 0,
    "RATEACV": 0.0,
    "RATEBCV": 0.0,
    "lake_Vol": 0.0
  }
}