{
  "data": {
    "BotElev": 157.0,
    "Length": 29778.407767007353,
    "OBJECTID": null,
    "PFAF": "326236",
    "PFAF_CODE": 326236000000.0,
    "PF_TYPE": 5,
    "Shape_Leng": 0.30883357369,
    "Slope": 0.00050372068639,
    "TopElev": 172.0,
    "Tosegment": 3043101,
    "end_x": -115.18020833333338,
    "end_y": 62.47798611111125,
    "flow_acc": 392.903,
    "seg_id": 3009625,
    "start_x": -115.01979166666683,
    "start_y": 62.626944444444575,
    "islake": 0,
    "lakeId": 0,
    "RATEACV": 0.0,
    "RATEBCV": 0.0,
    "lake_Vol": 0.0
  }
}