{
  "data": {
    "BotElev": 389.0,
    "Length": 23926.431880339867,
    "OBJECTID": null,
    "PFAF": "322498",
    "PFAF_CODE": 322498000000.0,
    "PF_TYPE": 5,
    "Shape_Leng": 0.33197232727,
    "Slope": 0.0012956382362,
    "TopElev": 420.0,
    "Tosegment": 3026435,
    "end_x": -115.57187500000009,
    "end_y": 65.24465277777773,
    "flow_acc": 397.017,
    "seg_id": 3009833,
    "start_x": -115.32916666666677,
    "start_y": 65.33319444444453,
    "islake": 0,
    "lakeId": 0,
    "RATEACV": 0.0,
    "RATEBCV": 0.0,
    "lake_Vol": 0.0
  }
}