{
  "data": {
    "BotElev": 463.0,
    "Length": 8035.665657484914,
    "OBJECTID": null,
    "PFAF": "328584",
    "PFAF_CODE": 328584000000.0,
    "PF_TYPE": 5,
    "Shape_Leng": 0.08108397962,
    "Slope": 0.000497780790105,
    "TopElev": 467.0,
    "Tosegment": 3032913,
    "end_x": -112.29062500000015,
    "end_y": 56.834236111111125,
    "flow_acc": 392.595,
    "seg_id": 3009613,
    "start_x": -112.31458333333347,
    "start_y": 56.785277777777765,
    "islake": 0,
    "lakeId": 0,
    "RATEACV": 0.0,
    "RATEBCV": 0.0,
    "lake_Vol": 0.0
  }
}