{
  "data": {
    "BotElev": 498.0,
    "Length": 8168.002901794393,
    "OBJECTID": null,
    "PFAF": "338818",
    "PFAF_CODE": 338818000000.0,
    "PF_TYPE": 5,
    "Shape_Leng": 0.10200465811,
    "Slope": -0.000367286843072,
    "TopElev": 495.0,
    "Tosegment": 3038095,
    "end_x": -109.32208333307932,
    "end_y": 54.44208333377895,
    "flow_acc": 386.313,
    "seg_id": 3009299,
    "start_x": -109.35666666703304,
    "start_y": 54.46416666685832,
    "islake": 0,
    "lakeId": 0,
    "RATEACV": 0.0,
    "RATEBCV": 0.0,
    "lake_Vol": 0.0
  }
}