{
  "data": {
    "BotElev": 495.0,
    "Length": 29114.088988018055,
    "OBJECTID": null,
    "PFAF": "325492",
    "PFAF_CODE": 325492000000.0,
    "PF_TYPE": 5,
    "Shape_Leng": 0.32591901145,
    "Slope": 0.001305209996976,
    "TopElev": 533.0,
    "Tosegment": 3034397,
    "end_x": -121.19062500000007,
    "end_y": 60.55506944444454,
    "flow_acc": 382.583,
    "seg_id": 3009104,
    "start_x": -121.48750000000007,
    "start_y": 60.61340277777782,
    "islake": 0,
    "lakeId": 0,
    "RATEACV": 0.0,
    "RATEBCV": 0.0,
    "lake_Vol": 0.0
  }
}