{
  "data": {
    "BotElev": 1.0,
    "Length": 16501.568058073128,
    "OBJECTID": null,
    "PFAF": "33399774",
    "PFAF_CODE": 333997740000.0,
    "PF_TYPE": 7,
    "Shape_Leng": 0.26136634237,
    "Slope": 0.002848214171804,
    "TopElev": 48.0,
    "Tosegment": -9999,
    "end_x": -113.54375000006235,
    "end_y": 68.96236111127644,
    "flow_acc": 387.272,
    "seg_id": 3009350,
    "start_x": -113.30624999963771,
    "start_y": 68.92694444483044,
    "islake": 0,
    "lakeId": 0,
    "RATEACV": 0.0,
    "RATEBCV": 0.0,
    "lake_Vol": 0.0
  }
}