{
  "data": {
    "BotElev": 0.0,
    "Length": 15647.081870305454,
    "OBJECTID": null,
    "PFAF": "31515954",
    "PFAF_CODE": 315159540000.0,
    "PF_TYPE": 7,
    "Shape_Leng": 0.12758673033,
    "Slope": 0.000958645204539,
    "TopElev": 15.0,
    "Tosegment": -9999,
    "end_x": -127.3904166666656,
    "end_y": 52.104583333334006,
    "flow_acc": 386.754,
    "seg_id": 3009322,
    "start_x": -127.27999999999884,
    "start_y": 52.07833333333423,
    "islake": 0,
    "lakeId": 0,
    "RATEACV": 0.0,
    "RATEBCV": 0.0,
    "lake_Vol": 0.0
  }
}