{
  "data": {
    "BotElev": 444.0,
    "Length": 39834.20111352528,
    "OBJECTID": null,
    "PFAF": "3295363",
    "PFAF_CODE": 329536300000.0,
    "PF_TYPE": 5,
    "Shape_Leng": 0.46228535337,
    "Slope": 0.00574882873507,
    "TopElev": 673.0,
    "Tosegment": 3021628,
    "end_x": -118.76979166666678,
    "end_y": 55.86340277777788,
    "flow_acc": 389.923,
    "seg_id": 3009476,
    "start_x": -119.19166666666666,
    "start_y": 55.83006944444452,
    "islake": 0,
    "lakeId": 0,
    "RATEACV": 0.0,
    "RATEBCV": 0.0,
    "lake_Vol": 0.0
  }
}