{
  "data": {
    "BotElev": 509.0,
    "Length": 17089.164835161948,
    "OBJECTID": null,
    "PFAF": "3385883",
    "PFAF_CODE": 338588300000.0,
    "PF_TYPE": 5,
    "Shape_Leng": 0.20205459322,
    "Slope": 0.000760715934652,
    "TopElev": 522.0,
    "Tosegment": 3027195,
    "end_x": -106.78375000026222,
    "end_y": 56.93041666669592,
    "flow_acc": 384.108,
    "seg_id": 3009193,
    "start_x": -106.63833333331661,
    "start_y": 57.01874999991264,
    "islake": 0,
    "lakeId": 0,
    "RATEACV": 0.0,
    "RATEBCV": 0.0,
    "lake_Vol": 0.0
  }
}