{
  "data": {
    "BotElev": 224.0,
    "Length": 25316.13506373894,
    "OBJECTID": null,
    "PFAF": "329116",
    "PFAF_CODE": 329116000000.0,
    "PF_TYPE": 5,
    "Shape_Leng": 0.24367070995,
    "Slope": 0.001185015008194,
    "TopElev": 254.0,
    "Tosegment": 3044669,
    "end_x": -112.86770833333344,
    "end_y": 59.06131944444451,
    "flow_acc": 395.543,
    "seg_id": 3009752,
    "start_x": -113.05833333333345,
    "start_y": 59.14569444444447,
    "islake": 0,
    "lakeId": 0,
    "RATEACV": 0.0,
    "RATEBCV": 0.0,
    "lake_Vol": 0.0
  }
}