{
  "data": {
    "BotElev": 1.0,
    "Length": 11748.61168116858,
    "OBJECTID": null,
    "PFAF": "33397774",
    "PFAF_CODE": 333977740000.0,
    "PF_TYPE": 7,
    "Shape_Leng": 0.19843487053,
    "Slope": 0.001276746598412,
    "TopElev": 16.0,
    "Tosegment": -9999,
    "end_x": -103.2416666664833,
    "end_y": 69.18840277756618,
    "flow_acc": 397.453,
    "seg_id": 3009856,
    "start_x": -103.42083333309176,
    "start_y": 69.19569444474291,
    "islake": 0,
    "lakeId": 0,
    "RATEACV": 0.0,
    "RATEBCV": 0.0,
    "lake_Vol": 0.0
  }
}