{
  "data": {
    "BotElev": 787.0,
    "Length": 23117.426577930208,
    "OBJECTID": null,
    "PFAF": "3189762",
    "PFAF_CODE": 318976200000.0,
    "PF_TYPE": 6,
    "Shape_Leng": 0.23130606653,
    "Slope": 0.000302801870113,
    "TopElev": 794.0,
    "Tosegment": 3023586,
    "end_x": -133.55312500000014,
    "end_y": 60.45090277777797,
    "flow_acc": 396.211,
    "seg_id": 3009791,
    "start_x": -133.76458333333346,
    "start_y": 60.49881944444462,
    "islake": 0,
    "lakeId": 0,
    "RATEACV": 0.0,
    "RATEBCV": 0.0,
    "lake_Vol": 0.0
  }
}