{
  "data": {
    "BotElev": 413.0,
    "Length": 35674.36981734321,
    "OBJECTID": null,
    "PFAF": "3274543",
    "PFAF_CODE": 327454300000.0,
    "PF_TYPE": 5,
    "Shape_Leng": 0.31905355617,
    "Slope": 0.000812908543262,
    "TopElev": 442.0,
    "Tosegment": 3023202,
    "end_x": -117.08437500000014,
    "end_y": 58.93840277777781,
    "flow_acc": 390.642,
    "seg_id": 3009512,
    "start_x": -116.8229166666668,
    "start_y": 58.818611111111125,
    "islake": 0,
    "lakeId": 0,
    "RATEACV": 0.0,
    "RATEBCV": 0.0,
    "lake_Vol": 0.0
  }
}