{
  "data": {
    "BotElev": 683.0,
    "Length": 30624.037662562332,
    "OBJECTID": null,
    "PFAF": "3189662",
    "PFAF_CODE": 318966200000.0,
    "PF_TYPE": 6,
    "Shape_Leng": 0.2657244317,
    "Slope": 0.003363370994215,
    "TopElev": 786.0,
    "Tosegment": 3029562,
    "end_x": -134.2510416666667,
    "end_y": 59.61340277777805,
    "flow_acc": 381.258,
    "seg_id": 3009038,
    "start_x": -134.16666666666674,
    "start_y": 59.397777777778,
    "islake": 0,
    "lakeId": 0,
    "RATEACV": 0.0,
    "RATEBCV": 0.0,
    "lake_Vol": 0.0
  }
}