{
  "data": {
    "BotElev": 193.0,
    "Length": 16491.068684799688,
    "OBJECTID": null,
    "PFAF": "325876",
    "PFAF_CODE": 325876000000.0,
    "PF_TYPE": 5,
    "Shape_Leng": 0.14746723177,
    "Slope": 0.002001083169972,
    "TopElev": 226.0,
    "Tosegment": 3038364,
    "end_x": -117.53854166666667,
    "end_y": 62.19048611111111,
    "flow_acc": 400.33,
    "seg_id": 3009996,
    "start_x": -117.5260416666668,
    "start_y": 62.29986111111123,
    "islake": 0,
    "lakeId": 0,
    "RATEACV": 0.0,
    "RATEBCV": 0.0,
    "lake_Vol": 0.0
  }
}