{
  "data": {
    "BotElev": 191.0,
    "Length": 22044.112342356246,
    "OBJECTID": null,
    "PFAF": "3333672",
    "PFAF_CODE": 333367200000.0,
    "PF_TYPE": 6,
    "Shape_Leng": 0.30467961,
    "Slope": 0.003356905410875,
    "TopElev": 265.0,
    "Tosegment": 3033449,
    "end_x": -118.44062499994362,
    "end_y": 68.00923611115775,
    "flow_acc": 381.418,
    "seg_id": 3009047,
    "start_x": -118.63333333326665,
    "start_y": 67.87277777817212,
    "islake": 0,
    "lakeId": 0,
    "RATEACV": 0.0,
    "RATEBCV": 0.0,
    "lake_Vol": 0.0
  }
}