{
  "data": {
    "BotElev": 1227.0,
    "Length": 9333.189612144794,
    "OBJECTID": null,
    "PFAF": "3298984",
    "PFAF_CODE": 329898400000.0,
    "PF_TYPE": 6,
    "Shape_Leng": 0.1282244317,
    "Slope": 0.002678612675721,
    "TopElev": 1252.0,
    "Tosegment": 3023861,
    "end_x": -127.24479166666674,
    "end_y": 57.00923611111125,
    "flow_acc": 380.761,
    "seg_id": 3009009,
    "start_x": -127.32083333333344,
    "start_y": 56.92694444444453,
    "islake": 0,
    "lakeId": 0,
    "RATEACV": 0.0,
    "RATEBCV": 0.0,
    "lake_Vol": 0.0
  }
}