{
  "data": {
    "BotElev": 768.0,
    "Length": 23678.636163063442,
    "OBJECTID": null,
    "PFAF": "31886625",
    "PFAF_CODE": 318866250000.0,
    "PF_TYPE": 6,
    "Shape_Leng": 0.31017661731,
    "Slope": 0.001858215131015,
    "TopElev": 812.0,
    "Tosegment": 3022143,
    "end_x": -133.71354166666663,
    "end_y": 64.20506944444452,
    "flow_acc": 398.063,
    "seg_id": 3009889,
    "start_x": -133.41666666666663,
    "start_y": 64.20090277777774,
    "islake": 0,
    "lakeId": 0,
    "RATEACV": 0.0,
    "RATEBCV": 0.0,
    "lake_Vol": 0.0
  }
}