{
  "data": {
    "BotElev": 578.0,
    "Length": 18860.1175049513,
    "OBJECTID": null,
    "PFAF": "324832",
    "PFAF_CODE": 324832000000.0,
    "PF_TYPE": 5,
    "Shape_Leng": 0.18216901145,
    "Slope": 0.004453842876533,
    "TopElev": 662.0,
    "Tosegment": 3040824,
    "end_x": -127.62395833333346,
    "end_y": 59.21756944444451,
    "flow_acc": 408.411,
    "seg_id": 3010323,
    "start_x": -127.77187500000008,
    "start_y": 59.260277777777844,
    "islake": 0,
    "lakeId": 0,
    "RATEACV": 0.0,
    "RATEBCV": 0.0,
    "lake_Vol": 0.0
  }
}