{
  "data": {
    "BotElev": 700.0,
    "Length": 25105.264799671597,
    "OBJECTID": null,
    "PFAF": "314932",
    "PFAF_CODE": 314932000000.0,
    "PF_TYPE": 5,
    "Shape_Leng": 0.27688708499,
    "Slope": 0.004182389663597,
    "TopElev": 805.0,
    "Tosegment": 3040423,
    "end_x": -124.62124999999958,
    "end_y": 53.7762500000004,
    "flow_acc": 420.433,
    "seg_id": 3010870,
    "start_x": -124.3924999999997,
    "start_y": 53.811250000000314,
    "islake": 0,
    "lakeId": 0,
    "RATEACV": 0.0,
    "RATEBCV": 0.0,
    "lake_Vol": 0.0
  }
}