{
  "data": {
    "BotElev": 951.0,
    "Length": 10990.441734078464,
    "OBJECTID": null,
    "PFAF": "3299227",
    "PFAF_CODE": 329922700000.0,
    "PF_TYPE": 5,
    "Shape_Leng": 0.1187193362,
    "Slope": -0.000545928921255,
    "TopElev": 945.0,
    "Tosegment": 3024344,
    "end_x": -125.71979166666677,
    "end_y": 56.417569444444496,
    "flow_acc": 412.196,
    "seg_id": 3010501,
    "start_x": -125.83333333333343,
    "start_y": 56.417569444444496,
    "islake": 0,
    "lakeId": 0,
    "RATEACV": 0.0,
    "RATEBCV": 0.0,
    "lake_Vol": 0.0
  }
}