{
  "data": {
    "BotElev": 365.0,
    "Length": 49485.85621192911,
    "OBJECTID": null,
    "PFAF": "344972",
    "PFAF_CODE": 344972000000.0,
    "PF_TYPE": 5,
    "Shape_Leng": 0.39874666282,
    "Slope": 0.004041558847511,
    "TopElev": 565.0,
    "Tosegment": 3037565,
    "end_x": -102.4095833333385,
    "end_y": 52.82541666666714,
    "flow_acc": 405.898,
    "seg_id": 3010214,
    "start_x": -102.63583333333855,
    "start_y": 53.031666666667206,
    "islake": 0,
    "lakeId": 0,
    "RATEACV": 0.0,
    "RATEBCV": 0.0,
    "lake_Vol": 0.0
  }
}