{
  "data": {
    "BotElev": 56.0,
    "Length": 25613.86708405206,
    "OBJECTID": null,
    "PFAF": "3337366",
    "PFAF_CODE": 333736600000.0,
    "PF_TYPE": 6,
    "Shape_Leng": 0.21630395933,
    "Slope": 0.001639736782508,
    "TopElev": 98.0,
    "Tosegment": 3026160,
    "end_x": -105.11770833307304,
    "end_y": 67.6342361110078,
    "flow_acc": 403.4,
    "seg_id": 3010119,
    "start_x": -105.14062500044338,
    "start_y": 67.46236111067685,
    "islake": 0,
    "lakeId": 0,
    "RATEACV": 0.0,
    "RATEBCV": 0.0,
    "lake_Vol": 0.0
  }
}