{
  "data": {
    "BotElev": 731.0,
    "Length": 7613.152381642965,
    "OBJECTID": null,
    "PFAF": "314288",
    "PFAF_CODE": 314288000000.0,
    "PF_TYPE": 5,
    "Shape_Leng": 0.06677792804,
    "Slope": 0.00420325226606,
    "TopElev": 763.0,
    "Tosegment": 3029001,
    "end_x": -119.13208333333444,
    "end_y": 52.47458333333424,
    "flow_acc": 421.088,
    "seg_id": 3010897,
    "start_x": -119.11583333333425,
    "start_y": 52.52416666666744,
    "islake": 0,
    "lakeId": 0,
    "RATEACV": 0.0,
    "RATEBCV": 0.0,
    "lake_Vol": 0.0
  }
}