{
  "data": {
    "BotElev": 583.0,
    "Length": 27149.699030292653,
    "OBJECTID": null,
    "PFAF": "34247182",
    "PFAF_CODE": 342471820000.0,
    "PF_TYPE": 7,
    "Shape_Leng": 0.22565443106,
    "Slope": 0.00209947078737,
    "TopElev": 640.0,
    "Tosegment": 3024486,
    "end_x": -112.31625000000275,
    "end_y": 54.12291666666687,
    "flow_acc": 408.75,
    "seg_id": 3010340,
    "start_x": -112.3741666666694,
    "start_y": 54.235000000000184,
    "islake": 0,
    "lakeId": 0,
    "RATEACV": 0.0,
    "RATEBCV": 0.0,
    "lake_Vol": 0.0
  }
}