{
  "data": {
    "BotElev": 327.0,
    "Length": 19212.366900800236,
    "OBJECTID": null,
    "PFAF": "3276936",
    "PFAF_CODE": 327693600000.0,
    "PF_TYPE": 6,
    "Shape_Leng": 0.28167621138,
    "Slope": 0.001665593841989,
    "TopElev": 359.0,
    "Tosegment": 3040340,
    "end_x": -107.82395833333351,
    "end_y": 61.93840277777775,
    "flow_acc": 406.39,
    "seg_id": 3010236,
    "start_x": -107.5770833333334,
    "start_y": 62.00819444444443,
    "islake": 0,
    "lakeId": 0,
    "RATEACV": 0.0,
    "RATEBCV": 0.0,
    "lake_Vol": 0.0
  }
}