{
  "data": {
    "BotElev": 698.0,
    "Length": 25774.893865023805,
    "OBJECTID": null,
    "PFAF": "314622",
    "PFAF_CODE": 314622000000.0,
    "PF_TYPE": 5,
    "Shape_Leng": 0.21745899457,
    "Slope": 0.001707087533722,
    "TopElev": 742.0,
    "Tosegment": 3035223,
    "end_x": -122.8895833333334,
    "end_y": 54.26375000000024,
    "flow_acc": 403.316,
    "seg_id": 3010115,
    "start_x": -122.99000000000012,
    "start_y": 54.34458333333379,
    "islake": 0,
    "lakeId": 0,
    "RATEACV": 0.0,
    "RATEBCV": 0.0,
    "lake_Vol": 0.0
  }
}