{
  "data": {
    "BotElev": 599.0,
    "Length": 15638.85590510716,
    "OBJECTID": null,
    "PFAF": "3389845",
    "PFAF_CODE": 338984500000.0,
    "PF_TYPE": 5,
    "Shape_Leng": 0.18156135846,
    "Slope": -0.000447603075473,
    "TopElev": 592.0,
    "Tosegment": 3020729,
    "end_x": -111.0012500002872,
    "end_y": 54.71374999966292,
    "flow_acc": 408.319,
    "seg_id": 3010318,
    "start_x": -110.88166666668326,
    "start_y": 54.710833333691426,
    "islake": 0,
    "lakeId": 0,
    "RATEACV": 0.0,
    "RATEBCV": 0.0,
    "lake_Vol": 0.0
  }
}