{
  "data": {
    "BotElev": 203.0,
    "Length": 24531.5832020264,
    "OBJECTID": null,
    "PFAF": "324322",
    "PFAF_CODE": 324322000000.0,
    "PF_TYPE": 5,
    "Shape_Leng": 0.290885191,
    "Slope": 0.005584637521018,
    "TopElev": 340.0,
    "Tosegment": 3026353,
    "end_x": -123.20312500000011,
    "end_y": 60.771736111111125,
    "flow_acc": 406.467,
    "seg_id": 3010238,
    "start_x": -122.95833333333348,
    "start_y": 60.788402777777776,
    "islake": 0,
    "lakeId": 0,
    "RATEACV": 0.0,
    "RATEBCV": 0.0,
    "lake_Vol": 0.0
  }
}