{
  "data": {
    "BotElev": 610.0,
    "Length": 10831.11265431301,
    "OBJECTID": null,
    "PFAF": "3389982",
    "PFAF_CODE": 338998200000.0,
    "PF_TYPE": 6,
    "Shape_Leng": 0.12889805823,
    "Slope": 9.2326617949e-05,
    "TopElev": 611.0,
    "Tosegment": 3025356,
    "end_x": -112.41458333355394,
    "end_y": 54.6120833330794,
    "flow_acc": 418.914,
    "seg_id": 3010794,
    "start_x": -112.53916666660837,
    "start_y": 54.62083333369145,
    "islake": 0,
    "lakeId": 0,
    "RATEACV": 0.0,
    "RATEBCV": 0.0,
    "lake_Vol": 0.0
  }
}