{
  "data": {
    "BotElev": 342.0,
    "Length": 15134.197512556293,
    "OBJECTID": null,
    "PFAF": "324662",
    "PFAF_CODE": 324662000000.0,
    "PF_TYPE": 5,
    "Shape_Leng": 0.15681156796,
    "Slope": 0.00819336472232,
    "TopElev": 466.0,
    "Tosegment": 3030623,
    "end_x": -122.17812500000008,
    "end_y": 58.477986111111136,
    "flow_acc": 418.86,
    "seg_id": 3010793,
    "start_x": -122.25,
    "start_y": 58.40298611111115,
    "islake": 0,
    "lakeId": 0,
    "RATEACV": 0.0,
    "RATEBCV": 0.0,
    "lake_Vol": 0.0
  }
}