{
  "data": {
    "BotElev": 572.0,
    "Length": 96706.37998348668,
    "OBJECTID": null,
    "PFAF": "328874",
    "PFAF_CODE": 328874000000.0,
    "PF_TYPE": 5,
    "Shape_Leng": 1.22532677969,
    "Slope": 2.0681158785e-05,
    "TopElev": 574.0,
    "Tosegment": 3038473,
    "end_x": -114.81770833333343,
    "end_y": 55.40506944444445,
    "flow_acc": 409.249,
    "seg_id": 3010363,
    "start_x": -116.03958333333338,
    "start_y": 55.409236111111056,
    "islake": 0,
    "lakeId": 0,
    "RATEACV": 0.0,
    "RATEBCV": 0.0,
    "lake_Vol": 0.0
  }
}