{
  "data": {
    "BotElev": 327.0,
    "Length": 30671.904072334262,
    "OBJECTID": null,
    "PFAF": "326845",
    "PFAF_CODE": 326845000000.0,
    "PF_TYPE": 4,
    "Shape_Leng": 0.35949983442,
    "Slope": 0.002021393906742,
    "TopElev": 389.0,
    "Tosegment": 3021261,
    "end_x": -109.46354166666674,
    "end_y": 63.11340277777788,
    "flow_acc": 418.441,
    "seg_id": 3010778,
    "start_x": -109.36666666666673,
    "start_y": 63.28944444444454,
    "islake": 0,
    "lakeId": 0,
    "RATEACV": 0.0,
    "RATEBCV": 0.0,
    "lake_Vol": 0.0
  }
}