{
  "data": {
    "BotElev": 592.0,
    "Length": 17607.006158902484,
    "OBJECTID": null,
    "PFAF": "342428",
    "PFAF_CODE": 342428000000.0,
    "PF_TYPE": 5,
    "Shape_Leng": 0.1921332671,
    "Slope": 0.00136309374708,
    "TopElev": 616.0,
    "Tosegment": 3029808,
    "end_x": -108.5404166666703,
    "end_y": 51.762916666667365,
    "flow_acc": 413.197,
    "seg_id": 3010555,
    "start_x": -108.70416666667023,
    "start_y": 51.748333333334074,
    "islake": 0,
    "lakeId": 0,
    "RATEACV": 0.0,
    "RATEBCV": 0.0,
    "lake_Vol": 0.0
  }
}