{
  "data": {
    "BotElev": 390.0,
    "Length": 3679.699967613885,
    "OBJECTID": null,
    "PFAF": "329238",
    "PFAF_CODE": 329238000000.0,
    "PF_TYPE": 5,
    "Shape_Leng": 0.03416561445,
    "Slope": 0.011685735353006,
    "TopElev": 433.0,
    "Tosegment": 3041948,
    "end_x": -115.22604166666673,
    "end_y": 57.26131944444444,
    "flow_acc": 414.154,
    "seg_id": 3010594,
    "start_x": -115.23541666666677,
    "start_y": 57.23631944444446,
    "islake": 0,
    "lakeId": 0,
    "RATEACV": 0.0,
    "RATEBCV": 0.0,
    "lake_Vol": 0.0
  }
}