{
  "data": {
    "BotElev": 749.0,
    "Length": 18459.514590341434,
    "OBJECTID": null,
    "PFAF": "3212892",
    "PFAF_CODE": 321289200000.0,
    "PF_TYPE": 6,
    "Shape_Leng": 0.22463729543,
    "Slope": 0.011051211504052,
    "TopElev": 953.0,
    "Tosegment": 3033184,
    "end_x": -136.5906250000001,
    "end_y": 64.7779861111112,
    "flow_acc": 412.956,
    "seg_id": 3010540,
    "start_x": -136.61458333333343,
    "start_y": 64.61548611111118,
    "islake": 0,
    "lakeId": 0,
    "RATEACV": 0.0,
    "RATEBCV": 0.0,
    "lake_Vol": 0.0
  }
}