{
  "data": {
    "BotElev": 409.0,
    "Length": 18776.815509626187,
    "OBJECTID": null,
    "PFAF": "3276486",
    "PFAF_CODE": 327648600000.0,
    "PF_TYPE": 6,
    "Shape_Leng": 0.23893721425,
    "Slope": 0.001864000846259,
    "TopElev": 444.0,
    "Tosegment": 3031418,
    "end_x": -107.79479166666675,
    "end_y": 59.86756944444443,
    "flow_acc": 408.049,
    "seg_id": 3010309,
    "start_x": -107.60625000000016,
    "start_y": 59.93944444444452,
    "islake": 0,
    "lakeId": 0,
    "RATEACV": 0.0,
    "RATEBCV": 0.0,
    "lake_Vol": 0.0
  }
}