{
  "data": {
    "BotElev": 322.0,
    "Length": 37044.12231761258,
    "OBJECTID": null,
    "PFAF": "3349382",
    "PFAF_CODE": 334938200000.0,
    "PF_TYPE": 6,
    "Shape_Leng": 0.38048122573,
    "Slope": 0.001619690149103,
    "TopElev": 382.0,
    "Tosegment": 3025113,
    "end_x": -107.82812499956901,
    "end_y": 65.4279861113701,
    "flow_acc": 402.633,
    "seg_id": 3010085,
    "start_x": -108.06458333325418,
    "start_y": 65.60194444428078,
    "islake": 0,
    "lakeId": 0,
    "RATEACV": 0.0,
    "RATEBCV": 0.0,
    "lake_Vol": 0.0
  }
}