{
  "data": {
    "BotElev": 152.0,
    "Length": 18783.460422250217,
    "OBJECTID": null,
    "PFAF": "3199968",
    "PFAF_CODE": 319996800000.0,
    "PF_TYPE": 6,
    "Shape_Leng": 0.21925024035,
    "Slope": 0.006867744127019,
    "TopElev": 281.0,
    "Tosegment": 3028210,
    "end_x": -137.8281250000001,
    "end_y": 68.5154861111111,
    "flow_acc": 421.408,
    "seg_id": 3010914,
    "start_x": -137.68854166666677,
    "start_y": 68.40194444444461,
    "islake": 0,
    "lakeId": 0,
    "RATEACV": 0.0,
    "RATEBCV": 0.0,
    "lake_Vol": 0.0
  }
}