{
  "data": {
    "BotElev": 898.0,
    "Length": 22829.612026192284,
    "OBJECTID": null,
    "PFAF": "3294942",
    "PFAF_CODE": 329494200000.0,
    "PF_TYPE": 6,
    "Shape_Leng": 0.19877435051,
    "Slope": 0.011914350523694,
    "TopElev": 1170.0,
    "Tosegment": 3028526,
    "end_x": -119.85729166666681,
    "end_y": 54.39673611111124,
    "flow_acc": 436.564,
    "seg_id": 3011546,
    "start_x": -119.86145833333336,
    "start_y": 54.254027777777765,
    "islake": 0,
    "lakeId": 0,
    "RATEACV": 0.0,
    "RATEBCV": 0.0,
    "lake_Vol": 0.0
  }
}