{
  "data": {
    "BotElev": 676.0,
    "Length": 9784.83115952869,
    "OBJECTID": null,
    "PFAF": "329794",
    "PFAF_CODE": 329794000000.0,
    "PF_TYPE": 5,
    "Shape_Leng": 0.0730340608,
    "Slope": 0.006847333276135,
    "TopElev": 743.0,
    "Tosegment": 3043407,
    "end_x": -123.63645833333345,
    "end_y": 56.044652777777856,
    "flow_acc": 423.836,
    "seg_id": 3011013,
    "start_x": -123.66354166666679,
    "start_y": 56.09986111111107,
    "islake": 0,
    "lakeId": 0,
    "RATEACV": 0.0,
    "RATEBCV": 0.0,
    "lake_Vol": 0.0
  }
}