{
  "data": {
    "BotElev": 190.0,
    "Length": 29978.09686532412,
    "OBJECTID": null,
    "PFAF": "325846",
    "PFAF_CODE": 325846000000.0,
    "PF_TYPE": 5,
    "Shape_Leng": 0.37074134192,
    "Slope": 0.000567080694828,
    "TopElev": 207.0,
    "Tosegment": 3032834,
    "end_x": -117.01979166666678,
    "end_y": 62.01131944444455,
    "flow_acc": 424.491,
    "seg_id": 3011043,
    "start_x": -116.70000000000016,
    "start_y": 61.950902777777856,
    "islake": 0,
    "lakeId": 0,
    "RATEACV": 0.0,
    "RATEBCV": 0.0,
    "lake_Vol": 0.0
  }
}