{
  "data": {
    "BotElev": 19.0,
    "Length": 13857.92523072876,
    "OBJECTID": null,
    "PFAF": "3151562",
    "PFAF_CODE": 315156200000.0,
    "PF_TYPE": 6,
    "Shape_Leng": 0.11765103406,
    "Slope": 0.010102522395601,
    "TopElev": 159.0,
    "Tosegment": 3027540,
    "end_x": -126.67624999999913,
    "end_y": 51.64791666666764,
    "flow_acc": 427.04,
    "seg_id": 3011148,
    "start_x": -126.67874999999913,
    "start_y": 51.562500000000796,
    "islake": 0,
    "lakeId": 0,
    "RATEACV": 0.0,
    "RATEBCV": 0.0,
    "lake_Vol": 0.0
  }
}