{
  "data": {
    "BotElev": 312.0,
    "Length": 14754.117560226165,
    "OBJECTID": null,
    "PFAF": "3336242",
    "PFAF_CODE": 333624200000.0,
    "PF_TYPE": 6,
    "Shape_Leng": 0.22182637466,
    "Slope": 0.003456662168498,
    "TopElev": 363.0,
    "Tosegment": 3024275,
    "end_x": -108.31145833343533,
    "end_y": 66.03840277756626,
    "flow_acc": 444.712,
    "seg_id": 3011865,
    "start_x": -108.12916666660834,
    "start_y": 66.08736111072676,
    "islake": 0,
    "lakeId": 0,
    "RATEACV": 0.0,
    "RATEBCV": 0.0,
    "lake_Vol": 0.0
  }
}