{
  "data": {
    "BotElev": 290.0,
    "Length": 10862.313481238161,
    "OBJECTID": null,
    "PFAF": "342228",
    "PFAF_CODE": 342228000000.0,
    "PF_TYPE": 5,
    "Shape_Leng": 0.07299113148,
    "Slope": -9.2061419672e-05,
    "TopElev": 289.0,
    "Tosegment": 3023763,
    "end_x": -101.60875000000544,
    "end_y": 54.59791666666683,
    "flow_acc": 426.469,
    "seg_id": 3011127,
    "start_x": -101.65000000000538,
    "start_y": 54.653333333333364,
    "islake": 0,
    "lakeId": 0,
    "RATEACV": 0.0,
    "RATEBCV": 0.0,
    "lake_Vol": 0.0
  }
}