{
  "data": {
    "BotElev": 428.0,
    "Length": 37201.41328175736,
    "OBJECTID": null,
    "PFAF": "31281172",
    "PFAF_CODE": 312811720000.0,
    "PF_TYPE": 7,
    "Shape_Leng": 0.27276527155,
    "Slope": 0.005967515220957,
    "TopElev": 650.0,
    "Tosegment": 3042040,
    "end_x": -117.92291666666813,
    "end_y": 50.099583333334806,
    "flow_acc": 443.902,
    "seg_id": 3011831,
    "start_x": -118.02583333333467,
    "start_y": 50.267083333334654,
    "islake": 0,
    "lakeId": 0,
    "RATEACV": 0.0,
    "RATEBCV": 0.0,
    "lake_Vol": 0.0
  }
}