{
  "data": {
    "BotElev": 334.0,
    "Length": 36316.36755381459,
    "OBJECTID": null,
    "PFAF": "3293362",
    "PFAF_CODE": 329336200000.0,
    "PF_TYPE": 6,
    "Shape_Leng": 0.36157046639,
    "Slope": 0.00269850776939,
    "TopElev": 432.0,
    "Tosegment": 3025482,
    "end_x": -116.87604166666671,
    "end_y": 57.77590277777779,
    "flow_acc": 431.721,
    "seg_id": 3011335,
    "start_x": -116.58333333333343,
    "start_y": 57.688402777777924,
    "islake": 0,
    "lakeId": 0,
    "RATEACV": 0.0,
    "RATEBCV": 0.0,
    "lake_Vol": 0.0
  }
}