{
  "data": {
    "BotElev": 646.0,
    "Length": 18962.987892647492,
    "OBJECTID": null,
    "PFAF": "31896925",
    "PFAF_CODE": 318969250000.0,
    "PF_TYPE": 6,
    "Shape_Leng": 0.20718171282,
    "Slope": 0.032378863683084,
    "TopElev": 1260.0,
    "Tosegment": 3022790,
    "end_x": -134.07812500000006,
    "end_y": 59.259236111111136,
    "flow_acc": 428.965,
    "seg_id": 3011236,
    "start_x": -134.11249999999995,
    "start_y": 59.09361111111116,
    "islake": 0,
    "lakeId": 0,
    "RATEACV": 0.0,
    "RATEBCV": 0.0,
    "lake_Vol": 0.0
  }
}