{
  "data": {
    "BotElev": 726.0,
    "Length": 21612.56880909191,
    "OBJECTID": null,
    "PFAF": "3424484",
    "PFAF_CODE": 342448400000.0,
    "PF_TYPE": 6,
    "Shape_Leng": 0.21081685895,
    "Slope": 0.001989583023648,
    "TopElev": 769.0,
    "Tosegment": 3026198,
    "end_x": -113.3795833333358,
    "end_y": 53.04208333333389,
    "flow_acc": 434.482,
    "seg_id": 3011459,
    "start_x": -113.55833333333578,
    "start_y": 53.0679166666672,
    "islake": 0,
    "lakeId": 0,
    "RATEACV": 0.0,
    "RATEBCV": 0.0,
    "lake_Vol": 0.0
  }
}