{
  "data": {
    "BotElev": 545.0,
    "Length": 36013.81784843912,
    "OBJECTID": null,
    "PFAF": "3247585",
    "PFAF_CODE": 324758500000.0,
    "PF_TYPE": 5,
    "Shape_Leng": 0.3914647214,
    "Slope": 0.008052464785057,
    "TopElev": 835.0,
    "Tosegment": 3021870,
    "end_x": -126.55312500000014,
    "end_y": 59.47173611111111,
    "flow_acc": 425.921,
    "seg_id": 3011098,
    "start_x": -126.75833333333344,
    "start_y": 59.32902777777781,
    "islake": 0,
    "lakeId": 0,
    "RATEACV": 0.0,
    "RATEBCV": 0.0,
    "lake_Vol": 0.0
  }
}