{
  "data": {
    "BotElev": 774.0,
    "Length": 32711.24100789982,
    "OBJECTID": null,
    "PFAF": "3145462",
    "PFAF_CODE": 314546200000.0,
    "PF_TYPE": 6,
    "Shape_Leng": 0.34535323463,
    "Slope": 0.000244564246219,
    "TopElev": 782.0,
    "Tosegment": 3032656,
    "end_x": -121.39791666666696,
    "end_y": 52.36291666666739,
    "flow_acc": 438.277,
    "seg_id": 3011611,
    "start_x": -121.07666666666722,
    "start_y": 52.3837500000007,
    "islake": 0,
    "lakeId": 0,
    "RATEACV": 0.0,
    "RATEBCV": 0.0,
    "lake_Vol": 0.0
  }
}