{
  "data": {
    "BotElev": 89.0,
    "Length": 7613.184810567052,
    "OBJECTID": null,
    "PFAF": "331964",
    "PFAF_CODE": 331964000000.0,
    "PF_TYPE": 5,
    "Shape_Leng": 0.09185808916,
    "Slope": 0.002364319328623,
    "TopElev": 107.0,
    "Tosegment": 3030810,
    "end_x": -129.4239583335102,
    "end_y": 69.03840277786605,
    "flow_acc": 442.711,
    "seg_id": 3011781,
    "start_x": -129.35208333297942,
    "start_y": 69.00611111073925,
    "islake": 0,
    "lakeId": 0,
    "RATEACV": 0.0,
    "RATEBCV": 0.0,
    "lake_Vol": 0.0
  }
}