{
  "data": {
    "BotElev": 529.0,
    "Length": 22982.2181620821,
    "OBJECTID": null,
    "PFAF": "3246844",
    "PFAF_CODE": 324684400000.0,
    "PF_TYPE": 6,
    "Shape_Leng": 0.18541140559,
    "Slope": 0.004090118688156,
    "TopElev": 623.0,
    "Tosegment": 3024584,
    "end_x": -120.75312500000013,
    "end_y": 57.844652777777924,
    "flow_acc": 429.607,
    "seg_id": 3011260,
    "start_x": -120.72812500000009,
    "start_y": 57.69986111111109,
    "islake": 0,
    "lakeId": 0,
    "RATEACV": 0.0,
    "RATEBCV": 0.0,
    "lake_Vol": 0.0
  }
}