{
  "data": {
    "BotElev": 362.0,
    "Length": 13017.414649033091,
    "OBJECTID": null,
    "PFAF": "3382662",
    "PFAF_CODE": 338266200000.0,
    "PF_TYPE": 6,
    "Shape_Leng": 0.16505711748,
    "Slope": 0.001613223559838,
    "TopElev": 383.0,
    "Tosegment": 3033467,
    "end_x": -103.7287499997127,
    "end_y": 57.09291666637108,
    "flow_acc": 440.161,
    "seg_id": 3011689,
    "start_x": -103.85999999990003,
    "start_y": 57.096249999937584,
    "islake": 0,
    "lakeId": 0,
    "RATEACV": 0.0,
    "RATEBCV": 0.0,
    "lake_Vol": 0.0
  }
}