{
  "data": {
    "BotElev": 61.0,
    "Length": 14703.856238797402,
    "OBJECTID": null,
    "PFAF": "32332",
    "PFAF_CODE": 323320000000.0,
    "PF_TYPE": 4,
    "Shape_Leng": 0.19151334765,
    "Slope": 0.005984824563763,
    "TopElev": 149.0,
    "Tosegment": 3045319,
    "end_x": -124.78437500000013,
    "end_y": 64.43006944444454,
    "flow_acc": 448.119,
    "seg_id": 3011995,
    "start_x": -124.63333333333338,
    "start_y": 64.46548611111115,
    "islake": 0,
    "lakeId": 0,
    "RATEACV": 0.0,
    "RATEBCV": 0.0,
    "lake_Vol": 0.0
  }
}