{
  "data": {
    "BotElev": 490.0,
    "Length": 17198.471475839826,
    "OBJECTID": null,
    "PFAF": "3423474",
    "PFAF_CODE": 342347400000.0,
    "PF_TYPE": 6,
    "Shape_Leng": 0.15903682648,
    "Slope": 0.0,
    "TopElev": 490.0,
    "Tosegment": 3030502,
    "end_x": -105.25041666667113,
    "end_y": 53.79791666666688,
    "flow_acc": 429.074,
    "seg_id": 3011240,
    "start_x": -105.27000000000447,
    "start_y": 53.72500000000031,
    "islake": 0,
    "lakeId": 0,
    "RATEACV": 0.0,
    "RATEBCV": 0.0,
    "lake_Vol": 0.0
  }
}