{
  "data": {
    "BotElev": 2.0,
    "Length": 11420.601417596568,
    "OBJECTID": null,
    "PFAF": "3151954",
    "PFAF_CODE": 315195400000.0,
    "PF_TYPE": 6,
    "Shape_Leng": 0.13641329958,
    "Slope": 0.00691732397545,
    "TopElev": 81.0,
    "Tosegment": -9999,
    "end_x": -128.5112499999986,
    "end_y": 53.847083333333615,
    "flow_acc": 423.729,
    "seg_id": 3011012,
    "start_x": -128.40708333333203,
    "start_y": 53.89833333333371,
    "islake": 0,
    "lakeId": 0,
    "RATEACV": 0.0,
    "RATEBCV": 0.0,
    "lake_Vol": 0.0
  }
}