{
  "data": {
    "BotElev": 450.0,
    "Length": 18905.422622840986,
    "OBJECTID": null,
    "PFAF": "344899",
    "PFAF_CODE": 344899000000.0,
    "PF_TYPE": 3,
    "Shape_Leng": 0.19665527283,
    "Slope": 0.006717649350328,
    "TopElev": 577.0,
    "Tosegment": 3021792,
    "end_x": -102.18041666667199,
    "end_y": 52.30541666666727,
    "flow_acc": 440.763,
    "seg_id": 3011714,
    "start_x": -102.02833333333865,
    "start_y": 52.33833333333399,
    "islake": 0,
    "lakeId": 0,
    "RATEACV": 0.0,
    "RATEBCV": 0.0,
    "lake_Vol": 0.0
  }
}