{
  "data": {
    "BotElev": 484.0,
    "Length": 14535.891929918947,
    "OBJECTID": null,
    "PFAF": "3154263",
    "PFAF_CODE": 315426300000.0,
    "PF_TYPE": 5,
    "Shape_Leng": 0.12037776567,
    "Slope": 0.014171816975056,
    "TopElev": 690.0,
    "Tosegment": 3022629,
    "end_x": -130.6429166666647,
    "end_y": 57.049583333332805,
    "flow_acc": 427.535,
    "seg_id": 3011177,
    "start_x": -130.6991666666646,
    "start_y": 57.124583333332794,
    "islake": 0,
    "lakeId": 0,
    "RATEACV": 0.0,
    "RATEBCV": 0.0,
    "lake_Vol": 0.0
  }
}