{
  "data": {
    "BotElev": 250.0,
    "Length": 21420.62185414962,
    "OBJECTID": null,
    "PFAF": "323692",
    "PFAF_CODE": 323692000000.0,
    "PF_TYPE": 5,
    "Shape_Leng": 0.22987629257,
    "Slope": 0.000420155869483,
    "TopElev": 259.0,
    "Tosegment": 3035653,
    "end_x": -119.48229166666681,
    "end_y": 62.98006944444455,
    "flow_acc": 442.313,
    "seg_id": 3011771,
    "start_x": -119.62083333333345,
    "start_y": 63.05506944444454,
    "islake": 0,
    "lakeId": 0,
    "RATEACV": 0.0,
    "RATEBCV": 0.0,
    "lake_Vol": 0.0
  }
}