{
  "data": {
    "BotElev": 110.0,
    "Length": 30148.307362243522,
    "OBJECTID": null,
    "PFAF": "336582",
    "PFAF_CODE": 336582000000.0,
    "PF_TYPE": 5,
    "Shape_Leng": 0.41661277995,
    "Slope": 0.00135994367801,
    "TopElev": 151.0,
    "Tosegment": 3037098,
    "end_x": -102.55729166627737,
    "end_y": 64.13215277732888,
    "flow_acc": 462.001,
    "seg_id": 3012519,
    "start_x": -102.90624999973755,
    "start_y": 64.03527777774735,
    "islake": 0,
    "lakeId": 0,
    "RATEACV": 0.0,
    "RATEBCV": 0.0,
    "lake_Vol": 0.0
  }
}