{
  "data": {
    "BotElev": 208.0,
    "Length": 31090.167531759507,
    "OBJECTID": null,
    "PFAF": "3276346",
    "PFAF_CODE": 327634600000.0,
    "PF_TYPE": 6,
    "Shape_Leng": 0.30079635624,
    "Slope": 0.00032164509856,
    "TopElev": 218.0,
    "Tosegment": 3026400,
    "end_x": -111.56562500000013,
    "end_y": 60.21965277777775,
    "flow_acc": 463.899,
    "seg_id": 3012585,
    "start_x": -111.39583333333343,
    "start_y": 60.088402777777844,
    "islake": 0,
    "lakeId": 0,
    "RATEACV": 0.0,
    "RATEBCV": 0.0,
    "lake_Vol": 0.0
  }
}