{
  "data": {
    "BotElev": 808.0,
    "Length": 15618.338683658287,
    "OBJECTID": null,
    "PFAF": "3188666",
    "PFAF_CODE": 318866600000.0,
    "PF_TYPE": 6,
    "Shape_Leng": 0.24640760266,
    "Slope": 0.0005762456675,
    "TopElev": 817.0,
    "Tosegment": 3028271,
    "end_x": -135.19479166666667,
    "end_y": 64.38006944444447,
    "flow_acc": 456.619,
    "seg_id": 3012318,
    "start_x": -135.4062500000001,
    "start_y": 64.2956944444445,
    "islake": 0,
    "lakeId": 0,
    "RATEACV": 0.0,
    "RATEBCV": 0.0,
    "lake_Vol": 0.0
  }
}