{
  "data": {
    "BotElev": 59.0,
    "Length": 8531.446836890464,
    "OBJECTID": null,
    "PFAF": "3155614",
    "PFAF_CODE": 315561400000.0,
    "PF_TYPE": 6,
    "Shape_Leng": 0.07275064628,
    "Slope": 0.001640987779407,
    "TopElev": 73.0,
    "Tosegment": 3041444,
    "end_x": -138.2489583333333,
    "end_y": 59.365486111111125,
    "flow_acc": 467.052,
    "seg_id": 3012698,
    "start_x": -138.28958333333333,
    "start_y": 59.4165277777779,
    "islake": 0,
    "lakeId": 0,
    "RATEACV": 0.0,
    "RATEBCV": 0.0,
    "lake_Vol": 0.0
  }
}