{
  "data": {
    "BotElev": 973.0,
    "Length": 17330.008182794438,
    "OBJECTID": null,
    "PFAF": "31295963",
    "PFAF_CODE": 312959630000.0,
    "PF_TYPE": 6,
    "Shape_Leng": 0.13296660044,
    "Slope": 0.004731676934891,
    "TopElev": 1055.0,
    "Tosegment": 3021681,
    "end_x": -115.41541666666865,
    "end_y": 49.1912500000015,
    "flow_acc": 458.677,
    "seg_id": 3012395,
    "start_x": -115.46416666666858,
    "start_y": 49.266666666668186,
    "islake": 0,
    "lakeId": 0,
    "RATEACV": 0.0,
    "RATEBCV": 0.0,
    "lake_Vol": 0.0
  }
}