{
  "data": {
    "BotElev": 662.0,
    "Length": 17062.964069367183,
    "OBJECTID": null,
    "PFAF": "38098",
    "PFAF_CODE": 380980000000.0,
    "PF_TYPE": 4,
    "Shape_Leng": 0.14021025723,
    "Slope": -5.8606464617e-05,
    "TopElev": 661.0,
    "Tosegment": -9999,
    "end_x": -105.37874999999781,
    "end_y": 49.39374999999791,
    "flow_acc": 458.75,
    "seg_id": 3012399,
    "start_x": -105.49583333333118,
    "start_y": 49.44791666666458,
    "islake": 0,
    "lakeId": 0,
    "RATEACV": 0.0,
    "RATEBCV": 0.0,
    "lake_Vol": 0.0
  }
}