{
  "data": {
    "BotElev": 194.0,
    "Length": 5017.271819802836,
    "OBJECTID": null,
    "PFAF": "3258485",
    "PFAF_CODE": 325848500000.0,
    "PF_TYPE": 5,
    "Shape_Leng": 0.07361359121,
    "Slope": 0.0,
    "TopElev": 194.0,
    "Tosegment": 3020379,
    "end_x": -116.65729166666671,
    "end_y": 62.050902777777765,
    "flow_acc": 472.929,
    "seg_id": 3012972,
    "start_x": -116.59791666666678,
    "start_y": 62.08527777777783,
    "islake": 0,
    "lakeId": 0,
    "RATEACV": 0.0,
    "RATEBCV": 0.0,
    "lake_Vol": 0.0
  }
}