{
  "data": {
    "BotElev": 491.0,
    "Length": 14574.511947545809,
    "OBJECTID": null,
    "PFAF": "3187942",
    "PFAF_CODE": 318794200000.0,
    "PF_TYPE": 6,
    "Shape_Leng": 0.17999894779,
    "Slope": 0.004391227660339,
    "TopElev": 555.0,
    "Tosegment": 3031111,
    "end_x": -138.70729166666666,
    "end_y": 63.61965277777779,
    "flow_acc": 471.988,
    "seg_id": 3012934,
    "start_x": -138.53333333333342,
    "start_y": 63.6175694444446,
    "islake": 0,
    "lakeId": 0,
    "RATEACV": 0.0,
    "RATEBCV": 0.0,
    "lake_Vol": 0.0
  }
}