{
  "data": {
    "BotElev": 658.0,
    "Length": 34343.19808746062,
    "OBJECTID": null,
    "PFAF": "3187892",
    "PFAF_CODE": 318789200000.0,
    "PF_TYPE": 6,
    "Shape_Leng": 0.33408106333,
    "Slope": 0.006988283368043,
    "TopElev": 898.0,
    "Tosegment": 3029728,
    "end_x": -137.471875,
    "end_y": 64.08215277777788,
    "flow_acc": 471.3,
    "seg_id": 3012915,
    "start_x": -137.67083333333346,
    "start_y": 64.29361111111132,
    "islake": 0,
    "lakeId": 0,
    "RATEACV": 0.0,
    "RATEBCV": 0.0,
    "lake_Vol": 0.0
  }
}