{
  "data": {
    "BotElev": 348.0,
    "Length": 15099.013650311363,
    "OBJECTID": null,
    "PFAF": "3142652",
    "PFAF_CODE": 314265200000.0,
    "PF_TYPE": 6,
    "Shape_Leng": 0.17168488442,
    "Slope": 0.0,
    "TopElev": 348.0,
    "Tosegment": 3038472,
    "end_x": -119.00291666666783,
    "end_y": 50.994583333334276,
    "flow_acc": 465.785,
    "seg_id": 3012654,
    "start_x": -118.9029166666678,
    "start_y": 51.11166666666759,
    "islake": 0,
    "lakeId": 0,
    "RATEACV": 0.0,
    "RATEBCV": 0.0,
    "lake_Vol": 0.0
  }
}