{
  "data": {
    "BotElev": 593.0,
    "Length": 26360.84220555606,
    "OBJECTID": null,
    "PFAF": "3189582",
    "PFAF_CODE": 318958200000.0,
    "PF_TYPE": 6,
    "Shape_Leng": 0.33642240845,
    "Slope": 0.01081149068674,
    "TopElev": 878.0,
    "Tosegment": 3037390,
    "end_x": -134.68437499999993,
    "end_y": 61.830069444444575,
    "flow_acc": 450.255,
    "seg_id": 3012087,
    "start_x": -134.41458333333338,
    "start_y": 61.91340277777783,
    "islake": 0,
    "lakeId": 0,
    "RATEACV": 0.0,
    "RATEBCV": 0.0,
    "lake_Vol": 0.0
  }
}