{
  "data": {
    "BotElev": 436.0,
    "Length": 31995.791048814684,
    "OBJECTID": null,
    "PFAF": "3276992",
    "PFAF_CODE": 327699200000.0,
    "PF_TYPE": 6,
    "Shape_Leng": 0.45771261697,
    "Slope": 0.000843860992804,
    "TopElev": 463.0,
    "Tosegment": 3034826,
    "end_x": -106.40937500000013,
    "end_y": 60.732152777777856,
    "flow_acc": 472.07,
    "seg_id": 3012939,
    "start_x": -106.80208333333343,
    "start_y": 60.58111111111117,
    "islake": 0,
    "lakeId": 0,
    "RATEACV": 0.0,
    "RATEBCV": 0.0,
    "lake_Vol": 0.0
  }
}