{
  "data": {
    "BotElev": 209.0,
    "Length": 86241.40854552214,
    "OBJECTID": null,
    "PFAF": "328232",
    "PFAF_CODE": 328232000000.0,
    "PF_TYPE": 5,
    "Shape_Leng": 1.15207807226,
    "Slope": 0.000266693232264,
    "TopElev": 232.0,
    "Tosegment": 3040762,
    "end_x": -111.61354166666678,
    "end_y": 58.6384027777778,
    "flow_acc": 471.773,
    "seg_id": 3012929,
    "start_x": -112.71875000000006,
    "start_y": 58.71548611111103,
    "islake": 0,
    "lakeId": 0,
    "RATEACV": 0.0,
    "RATEBCV": 0.0,
    "lake_Vol": 0.0
  }
}