{
  "data": {
    "BotElev": 683.0,
    "Length": 25362.66643013391,
    "OBJECTID": null,
    "PFAF": "3424474",
    "PFAF_CODE": 342447400000.0,
    "PF_TYPE": 6,
    "Shape_Leng": 0.21824326582,
    "Slope": 0.002010829584519,
    "TopElev": 734.0,
    "Tosegment": 3036407,
    "end_x": -112.8745833333358,
    "end_y": 52.94458333333387,
    "flow_acc": 462.186,
    "seg_id": 3012524,
    "start_x": -112.85833333333596,
    "start_y": 53.08041666666708,
    "islake": 0,
    "lakeId": 0,
    "RATEACV": 0.0,
    "RATEBCV": 0.0,
    "lake_Vol": 0.0
  }
}