{
  "data": {
    "BotElev": 267.0,
    "Length": 3085.591298137923,
    "OBJECTID": null,
    "PFAF": "31865822",
    "PFAF_CODE": 318658220000.0,
    "PF_TYPE": 7,
    "Shape_Leng": 0.03459708691,
    "Slope": 0.002592695929894,
    "TopElev": 275.0,
    "Tosegment": 3022723,
    "end_x": -140.14062500000006,
    "end_y": 67.3738194444444,
    "flow_acc": 448.438,
    "seg_id": 3012004,
    "start_x": -140.1125,
    "start_y": 67.3581944444444,
    "islake": 0,
    "lakeId": 0,
    "RATEACV": 0.0,
    "RATEBCV": 0.0,
    "lake_Vol": 0.0
  }
}