{
  "data": {
    "BotElev": 316.0,
    "Length": 7491.619771805888,
    "OBJECTID": null,
    "PFAF": "326842",
    "PFAF_CODE": 326842000000.0,
    "PF_TYPE": 5,
    "Shape_Leng": 0.10831537089,
    "Slope": 0.0,
    "TopElev": 316.0,
    "Tosegment": 3028049,
    "end_x": -109.39895833333338,
    "end_y": 63.08215277777771,
    "flow_acc": 471.253,
    "seg_id": 3012913,
    "start_x": -109.30833333333351,
    "start_y": 63.124861111111215,
    "islake": 0,
    "lakeId": 0,
    "RATEACV": 0.0,
    "RATEBCV": 0.0,
    "lake_Vol": 0.0
  }
}