{
  "data": {
    "BotElev": 873.0,
    "Length": 12231.38269112195,
    "OBJECTID": null,
    "PFAF": "3297292",
    "PFAF_CODE": 329729200000.0,
    "PF_TYPE": 6,
    "Shape_Leng": 0.13583017669,
    "Slope": 0.00899325961568,
    "TopElev": 983.0,
    "Tosegment": 3025107,
    "end_x": -121.20520833333347,
    "end_y": 54.765486111111215,
    "flow_acc": 489.475,
    "seg_id": 3013527,
    "start_x": -121.31458333333347,
    "start_y": 54.73840277777788,
    "islake": 0,
    "lakeId": 0,
    "RATEACV": 0.0,
    "RATEBCV": 0.0,
    "lake_Vol": 0.0
  }
}