{
  "data": {
    "BotElev": 292.0,
    "Length": 16276.787995143444,
    "OBJECTID": null,
    "PFAF": "344943",
    "PFAF_CODE": 344943000000.0,
    "PF_TYPE": 4,
    "Shape_Leng": 0.20196067812,
    "Slope": 0.000982994925336,
    "TopElev": 308.0,
    "Tosegment": 3025591,
    "end_x": -101.65458333333879,
    "end_y": 52.87125000000054,
    "flow_acc": 476.296,
    "seg_id": 3013093,
    "start_x": -101.82666666667205,
    "start_y": 52.83375000000058,
    "islake": 0,
    "lakeId": 0,
    "RATEACV": 0.0,
    "RATEBCV": 0.0,
    "lake_Vol": 0.0
  }
}