{
  "data": {
    "BotElev": 394.0,
    "Length": 14826.704477038036,
    "OBJECTID": null,
    "PFAF": "32764943",
    "PFAF_CODE": 327649430000.0,
    "PF_TYPE": 6,
    "Shape_Leng": 0.13798753899,
    "Slope": 0.001146579809851,
    "TopElev": 411.0,
    "Tosegment": 3022511,
    "end_x": -108.60729166666681,
    "end_y": 60.16340277777783,
    "flow_acc": 482.217,
    "seg_id": 3013288,
    "start_x": -108.65416666666681,
    "start_y": 60.23944444444453,
    "islake": 0,
    "lakeId": 0,
    "RATEACV": 0.0,
    "RATEBCV": 0.0,
    "lake_Vol": 0.0
  }
}