{
  "data": {
    "BotElev": 826.0,
    "Length": 27087.788982817397,
    "OBJECTID": null,
    "PFAF": "31894932",
    "PFAF_CODE": 318949320000.0,
    "PF_TYPE": 7,
    "Shape_Leng": 0.28864109836,
    "Slope": 0.00347019832662,
    "TopElev": 920.0,
    "Tosegment": 3038035,
    "end_x": -131.39479166666666,
    "end_y": 61.72798611111102,
    "flow_acc": 491.745,
    "seg_id": 3013615,
    "start_x": -131.13958333333346,
    "start_y": 61.67277777777781,
    "islake": 0,
    "lakeId": 0,
    "RATEACV": 0.0,
    "RATEBCV": 0.0,
    "lake_Vol": 0.0
  }
}