{
  "data": {
    "BotElev": 638.0,
    "Length": 40753.884403841796,
    "OBJECTID": null,
    "PFAF": "342468",
    "PFAF_CODE": 342468000000.0,
    "PF_TYPE": 5,
    "Shape_Leng": 0.38822889587,
    "Slope": 0.00100603907087,
    "TopElev": 679.0,
    "Tosegment": 3029642,
    "end_x": -112.0829166666694,
    "end_y": 53.45041666666708,
    "flow_acc": 480.149,
    "seg_id": 3013227,
    "start_x": -112.26708333333607,
    "start_y": 53.286666666667145,
    "islake": 0,
    "lakeId": 0,
    "RATEACV": 0.0,
    "RATEBCV": 0.0,
    "lake_Vol": 0.0
  }
}