{
  "data": {
    "BotElev": 240.0,
    "Length": 21763.179339901697,
    "OBJECTID": null,
    "PFAF": "322242",
    "PFAF_CODE": 322242000000.0,
    "PF_TYPE": 5,
    "Shape_Leng": 0.17688138807,
    "Slope": 4.5949168749e-05,
    "TopElev": 241.0,
    "Tosegment": 3029174,
    "end_x": -121.50104166666677,
    "end_y": 64.06965277777783,
    "flow_acc": 488.422,
    "seg_id": 3013485,
    "start_x": -121.40833333333347,
    "start_y": 63.94152777777782,
    "islake": 0,
    "lakeId": 0,
    "RATEACV": 0.0,
    "RATEBCV": 0.0,
    "lake_Vol": 0.0
  }
}