{
  "data": {
    "BotElev": 938.0,
    "Length": 31494.30672931029,
    "OBJECTID": null,
    "PFAF": "31892682",
    "PFAF_CODE": 318926820000.0,
    "PF_TYPE": 7,
    "Shape_Leng": 0.35813138807,
    "Slope": 0.005270793906554,
    "TopElev": 1104.0,
    "Tosegment": 3026053,
    "end_x": -137.51562500000006,
    "end_y": 61.56548611111117,
    "flow_acc": 479.862,
    "seg_id": 3013214,
    "start_x": -137.79583333333335,
    "start_y": 61.55611111111119,
    "islake": 0,
    "lakeId": 0,
    "RATEACV": 0.0,
    "RATEBCV": 0.0,
    "lake_Vol": 0.0
  }
}