{
  "data": {
    "BotElev": 454.0,
    "Length": 28061.129214136534,
    "OBJECTID": null,
    "PFAF": "3291423",
    "PFAF_CODE": 329142300000.0,
    "PF_TYPE": 5,
    "Shape_Leng": 0.25725574179,
    "Slope": 0.005844383479671,
    "TopElev": 618.0,
    "Tosegment": 3026918,
    "end_x": -114.56562500000007,
    "end_y": 58.77590277777779,
    "flow_acc": 504.178,
    "seg_id": 3013980,
    "start_x": -114.61458333333343,
    "start_y": 58.90506944444445,
    "islake": 0,
    "lakeId": 0,
    "RATEACV": 0.0,
    "RATEBCV": 0.0,
    "lake_Vol": 0.0
  }
}