{
  "data": {
    "BotElev": 566.0,
    "Length": 26542.339009133873,
    "OBJECTID": null,
    "PFAF": "349762",
    "PFAF_CODE": 349762000000.0,
    "PF_TYPE": 5,
    "Shape_Leng": 0.27499876725,
    "Slope": 0.002825674104087,
    "TopElev": 641.0,
    "Tosegment": 3029310,
    "end_x": -103.8979166666715,
    "end_y": 50.936250000000996,
    "flow_acc": 499.114,
    "seg_id": 3013839,
    "start_x": -103.69166666667161,
    "start_y": 50.9866666666677,
    "islake": 0,
    "lakeId": 0,
    "RATEACV": 0.0,
    "RATEBCV": 0.0,
    "lake_Vol": 0.0
  }
}