{
  "data": {
    "BotElev": 404.0,
    "Length": 16684.096936199516,
    "OBJECTID": null,
    "PFAF": "3285962",
    "PFAF_CODE": 328596200000.0,
    "PF_TYPE": 6,
    "Shape_Leng": 0.16745032154,
    "Slope": 0.003596238995101,
    "TopElev": 464.0,
    "Tosegment": 3026897,
    "end_x": -111.09062500000016,
    "end_y": 56.84673611111117,
    "flow_acc": 485.513,
    "seg_id": 3013396,
    "start_x": -111.05208333333348,
    "start_y": 56.92902777777772,
    "islake": 0,
    "lakeId": 0,
    "RATEACV": 0.0,
    "RATEBCV": 0.0,
    "lake_Vol": 0.0
  }
}