{
  "data": {
    "BotElev": 1334.0,
    "Length": 12412.456181348214,
    "OBJECTID": null,
    "PFAF": "314426",
    "PFAF_CODE": 314426000000.0,
    "PF_TYPE": 5,
    "Shape_Leng": 0.13704951288,
    "Slope": 0.013615355215026,
    "TopElev": 1503.0,
    "Tosegment": 3023436,
    "end_x": -123.10624999999999,
    "end_y": 51.51041666666771,
    "flow_acc": 474.797,
    "seg_id": 3013033,
    "start_x": -123.18416666666667,
    "start_y": 51.43166666666758,
    "islake": 0,
    "lakeId": 0,
    "RATEACV": 0.0,
    "RATEBCV": 0.0,
    "lake_Vol": 0.0
  }
}