{
  "data": {
    "BotElev": 640.0,
    "Length": 30983.7275213469,
    "OBJECTID": null,
    "PFAF": "324958",
    "PFAF_CODE": 324958000000.0,
    "PF_TYPE": 5,
    "Shape_Leng": 0.36912758514,
    "Slope": 0.005422201053255,
    "TopElev": 808.0,
    "Tosegment": 3041878,
    "end_x": -129.01562500000006,
    "end_y": 60.17381944444446,
    "flow_acc": 498.786,
    "seg_id": 3013831,
    "start_x": -128.8375000000001,
    "start_y": 60.382152777777776,
    "islake": 0,
    "lakeId": 0,
    "RATEACV": 0.0,
    "RATEBCV": 0.0,
    "lake_Vol": 0.0
  }
}