{
  "data": {
    "BotElev": 904.0,
    "Length": 26675.982177730137,
    "OBJECTID": null,
    "PFAF": "342749064",
    "PFAF_CODE": 342749064000.0,
    "PF_TYPE": 4,
    "Shape_Leng": 0.21352414007,
    "Slope": 0.002249214278232,
    "TopElev": 964.0,
    "Tosegment": 3028748,
    "end_x": -112.22291666666945,
    "end_y": 49.47208333333475,
    "flow_acc": 501.246,
    "seg_id": 3013891,
    "start_x": -112.23166666666935,
    "start_y": 49.32000000000136,
    "islake": 0,
    "lakeId": 0,
    "RATEACV": 0.0,
    "RATEBCV": 0.0,
    "lake_Vol": 0.0
  }
}