{
  "data": {
    "BotElev": 401.0,
    "Length": 33117.438222580124,
    "OBJECTID": null,
    "PFAF": "3142622",
    "PFAF_CODE": 314262200000.0,
    "PF_TYPE": 6,
    "Shape_Leng": 0.36265190574,
    "Slope": 0.008635933675721,
    "TopElev": 687.0,
    "Tosegment": 3033626,
    "end_x": -119.45541666666759,
    "end_y": 51.3204166666676,
    "flow_acc": 500.003,
    "seg_id": 3013860,
    "start_x": -119.15416666666772,
    "start_y": 51.401666666667836,
    "islake": 0,
    "lakeId": 0,
    "RATEACV": 0.0,
    "RATEBCV": 0.0,
    "lake_Vol": 0.0
  }
}