{
  "data": {
    "BotElev": 259.0,
    "Length": 35012.43985196389,
    "OBJECTID": null,
    "PFAF": "32626243",
    "PFAF_CODE": 326262430000.0,
    "PF_TYPE": 6,
    "Shape_Leng": 0.44377014165,
    "Slope": 0.001856483017888,
    "TopElev": 324.0,
    "Tosegment": 3021667,
    "end_x": -114.75312500000007,
    "end_y": 63.31548611111117,
    "flow_acc": 491.871,
    "seg_id": 3013618,
    "start_x": -114.43541666666675,
    "start_y": 63.482152777777856,
    "islake": 0,
    "lakeId": 0,
    "RATEACV": 0.0,
    "RATEBCV": 0.0,
    "lake_Vol": 0.0
  }
}