{
  "data": {
    "BotElev": 197.0,
    "Length": 41625.236922290445,
    "OBJECTID": null,
    "PFAF": "3224596",
    "PFAF_CODE": 322459600000.0,
    "PF_TYPE": 6,
    "Shape_Leng": 0.46689619387,
    "Slope": 0.001873863208169,
    "TopElev": 275.0,
    "Tosegment": 3040254,
    "end_x": -117.75937500000003,
    "end_y": 64.64881944444454,
    "flow_acc": 495.761,
    "seg_id": 3013739,
    "start_x": -118.04583333333346,
    "start_y": 64.46548611111115,
    "islake": 0,
    "lakeId": 0,
    "RATEACV": 0.0,
    "RATEBCV": 0.0,
    "lake_Vol": 0.0
  }
}