{
  "data": {
    "BotElev": 1476.0,
    "Length": 29167.63140041656,
    "OBJECTID": null,
    "PFAF": "3424892",
    "PFAF_CODE": 342489200000.0,
    "PF_TYPE": 6,
    "Shape_Leng": 0.33502837884,
    "Slope": 0.009531113314742,
    "TopElev": 1754.0,
    "Tosegment": 3030453,
    "end_x": -116.8145833333349,
    "end_y": 52.7220833333339,
    "flow_acc": 480.563,
    "seg_id": 3013243,
    "start_x": -117.08166666666818,
    "start_y": 52.61958333333388,
    "islake": 0,
    "lakeId": 0,
    "RATEACV": 0.0,
    "RATEBCV": 0.0,
    "lake_Vol": 0.0
  }
}