{
  "data": {
    "BotElev": 739.0,
    "Length": 41693.07269916304,
    "OBJECTID": null,
    "PFAF": "3297272",
    "PFAF_CODE": 329727200000.0,
    "PF_TYPE": 6,
    "Shape_Leng": 0.34649433299,
    "Slope": 0.004413203155537,
    "TopElev": 923.0,
    "Tosegment": 3032781,
    "end_x": -121.0427083333334,
    "end_y": 55.1196527777779,
    "flow_acc": 501.878,
    "seg_id": 3013911,
    "start_x": -120.77708333333345,
    "start_y": 54.98944444444453,
    "islake": 0,
    "lakeId": 0,
    "RATEACV": 0.0,
    "RATEBCV": 0.0,
    "lake_Vol": 0.0
  }
}