{
  "data": {
    "BotElev": 808.0,
    "Length": 14874.69834108451,
    "OBJECTID": null,
    "PFAF": "3188667",
    "PFAF_CODE": 318866700000.0,
    "PF_TYPE": 5,
    "Shape_Leng": 0.169878397,
    "Slope": 0.002621901910594,
    "TopElev": 847.0,
    "Tosegment": 3028271,
    "end_x": -135.19479166666667,
    "end_y": 64.38006944444447,
    "flow_acc": 490.338,
    "seg_id": 3013559,
    "start_x": -135.34791666666678,
    "start_y": 64.4175694444445,
    "islake": 0,
    "lakeId": 0,
    "RATEACV": 0.0,
    "RATEBCV": 0.0,
    "lake_Vol": 0.0
  }
}