{
  "data": {
    "BotElev": 745.0,
    "Length": 11711.016194757629,
    "OBJECTID": null,
    "PFAF": "3212692",
    "PFAF_CODE": 321269200000.0,
    "PF_TYPE": 6,
    "Shape_Leng": 0.15199134192,
    "Slope": 0.003500977141365,
    "TopElev": 786.0,
    "Tosegment": 3030194,
    "end_x": -134.66354166666673,
    "end_y": 64.87590277777775,
    "flow_acc": 483.921,
    "seg_id": 3013347,
    "start_x": -134.74166666666673,
    "start_y": 64.78006944444445,
    "islake": 0,
    "lakeId": 0,
    "RATEACV": 0.0,
    "RATEBCV": 0.0,
    "lake_Vol": 0.0
  }
}