{
  "data": {
    "BotElev": 626.0,
    "Length": 24245.64700747042,
    "OBJECTID": null,
    "PFAF": "3492965",
    "PFAF_CODE": 349296500000.0,
    "PF_TYPE": 5,
    "Shape_Leng": 0.23283378413,
    "Slope": 0.001278580026775,
    "TopElev": 657.0,
    "Tosegment": 3032635,
    "end_x": -104.31041666667147,
    "end_y": 49.483750000001464,
    "flow_acc": 494.051,
    "seg_id": 3013680,
    "start_x": -104.50500000000466,
    "start_y": 49.51250000000135,
    "islake": 0,
    "lakeId": 0,
    "RATEACV": 0.0,
    "RATEBCV": 0.0,
    "lake_Vol": 0.0
  }
}