{
  "data": {
    "BotElev": 422.0,
    "Length": 23102.635399665916,
    "OBJECTID": null,
    "PFAF": "3153264",
    "PFAF_CODE": 315326400000.0,
    "PF_TYPE": 6,
    "Shape_Leng": 0.27536847626,
    "Slope": 0.00934958268887,
    "TopElev": 638.0,
    "Tosegment": 3033540,
    "end_x": -129.43791666666493,
    "end_y": 56.492916666666304,
    "flow_acc": 480.584,
    "seg_id": 3013245,
    "start_x": -129.26416666666512,
    "start_y": 56.625833333332935,
    "islake": 0,
    "lakeId": 0,
    "RATEACV": 0.0,
    "RATEBCV": 0.0,
    "lake_Vol": 0.0
  }
}