{
  "data": {
    "BotElev": 778.0,
    "Length": 12652.061005128255,
    "OBJECTID": null,
    "PFAF": "342762",
    "PFAF_CODE": 342762000000.0,
    "PF_TYPE": 5,
    "Shape_Leng": 0.11551566252,
    "Slope": 0.002292116674765,
    "TopElev": 807.0,
    "Tosegment": 3025995,
    "end_x": -111.54291666666961,
    "end_y": 49.79375000000124,
    "flow_acc": 474.512,
    "seg_id": 3013026,
    "start_x": -111.60666666666958,
    "start_y": 49.73250000000132,
    "islake": 0,
    "lakeId": 0,
    "RATEACV": 0.0,
    "RATEBCV": 0.0,
    "lake_Vol": 0.0
  }
}