{
  "data": {
    "BotElev": 704.0,
    "Length": 24480.438387495742,
    "OBJECTID": null,
    "PFAF": "329988",
    "PFAF_CODE": 329988000000.0,
    "PF_TYPE": 5,
    "Shape_Leng": 0.23160218241,
    "Slope": 0.002164993909058,
    "TopElev": 757.0,
    "Tosegment": 3028838,
    "end_x": -122.75104166666677,
    "end_y": 54.55298611111124,
    "flow_acc": 500.374,
    "seg_id": 3013866,
    "start_x": -122.56041666666675,
    "start_y": 54.53006944444451,
    "islake": 0,
    "lakeId": 0,
    "RATEACV": 0.0,
    "RATEBCV": 0.0,
    "lake_Vol": 0.0
  }
}