{
  "data": {
    "BotElev": 464.0,
    "Length": 36598.46512273405,
    "OBJECTID": null,
    "PFAF": "32841692",
    "PFAF_CODE": 328416920000.0,
    "PF_TYPE": 7,
    "Shape_Leng": 0.45211617635,
    "Slope": 0.00131153041088,
    "TopElev": 512.0,
    "Tosegment": 3031642,
    "end_x": -108.83229166666683,
    "end_y": 58.15715277777781,
    "flow_acc": 476.168,
    "seg_id": 3013087,
    "start_x": -109.13750000000016,
    "start_y": 57.9998611111111,
    "islake": 0,
    "lakeId": 0,
    "RATEACV": 0.0,
    "RATEBCV": 0.0,
    "lake_Vol": 0.0
  }
}