{
  "data": {
    "BotElev": 886.0,
    "Length": 27778.44617616755,
    "OBJECTID": null,
    "PFAF": "329969",
    "PFAF_CODE": 329969000000.0,
    "PF_TYPE": 4,
    "Shape_Leng": 0.25430946353,
    "Slope": 0.004283896919407,
    "TopElev": 1005.0,
    "Tosegment": 3024608,
    "end_x": -125.33229166666678,
    "end_y": 55.41548611111108,
    "flow_acc": 499.24,
    "seg_id": 3013841,
    "start_x": -125.26041666666669,
    "start_y": 55.56340277777787,
    "islake": 0,
    "lakeId": 0,
    "RATEACV": 0.0,
    "RATEBCV": 0.0,
    "lake_Vol": 0.0
  }
}