{
  "data": {
    "BotElev": 910.0,
    "Length": 17323.219969727706,
    "OBJECTID": null,
    "PFAF": "329485",
    "PFAF_CODE": 329485000000.0,
    "PF_TYPE": 4,
    "Shape_Leng": 0.18346342883,
    "Slope": 0.004675805083671,
    "TopElev": 991.0,
    "Tosegment": 3029230,
    "end_x": -120.16354166666679,
    "end_y": 54.986319444444575,
    "flow_acc": 477.974,
    "seg_id": 3013156,
    "start_x": -120.2604166666668,
    "start_y": 54.9165277777779,
    "islake": 0,
    "lakeId": 0,
    "RATEACV": 0.0,
    "RATEBCV": 0.0,
    "lake_Vol": 0.0
  }
}