{
  "data": {
    "BotElev": 864.0,
    "Length": 24050.03283911627,
    "OBJECTID": null,
    "PFAF": "3212965",
    "PFAF_CODE": 321296500000.0,
    "PF_TYPE": 5,
    "Shape_Leng": 0.26451674465,
    "Slope": 0.003076918875539,
    "TopElev": 938.0,
    "Tosegment": 3023017,
    "end_x": -138.96145833333344,
    "end_y": 65.13423611111114,
    "flow_acc": 532.972,
    "seg_id": 3014895,
    "start_x": -138.80000000000007,
    "start_y": 65.00298611111123,
    "islake": 0,
    "lakeId": 0,
    "RATEACV": 0.0,
    "RATEBCV": 0.0,
    "lake_Vol": 0.0
  }
}