{
  "data": {
    "BotElev": 745.0,
    "Length": 23353.58627530945,
    "OBJECTID": null,
    "PFAF": "329996",
    "PFAF_CODE": 329996000000.0,
    "PF_TYPE": 5,
    "Shape_Leng": 0.28255185767,
    "Slope": 0.001884078936798,
    "TopElev": 789.0,
    "Tosegment": 3032472,
    "end_x": -122.26770833333347,
    "end_y": 54.69673611111125,
    "flow_acc": 509.341,
    "seg_id": 3014140,
    "start_x": -122.03958333333344,
    "start_y": 54.78006944444451,
    "islake": 0,
    "lakeId": 0,
    "RATEACV": 0.0,
    "RATEBCV": 0.0,
    "lake_Vol": 0.0
  }
}