{
  "data": {
    "BotElev": 306.0,
    "Length": 37715.29798178038,
    "OBJECTID": null,
    "PFAF": "342236",
    "PFAF_CODE": 342236000000.0,
    "PF_TYPE": 5,
    "Shape_Leng": 0.36851993121,
    "Slope": 0.000821947635545,
    "TopElev": 337.0,
    "Tosegment": 3039480,
    "end_x": -102.6304166666718,
    "end_y": 54.87624999999997,
    "flow_acc": 530.231,
    "seg_id": 3014803,
    "start_x": -102.38416666667189,
    "start_y": 54.985000000000014,
    "islake": 0,
    "lakeId": 0,
    "RATEACV": 0.0,
    "RATEBCV": 0.0,
    "lake_Vol": 0.0
  }
}