{
  "data": {
    "BotElev": 364.0,
    "Length": 7369.228680430043,
    "OBJECTID": null,
    "PFAF": "336652",
    "PFAF_CODE": 336652000000.0,
    "PF_TYPE": 5,
    "Shape_Leng": 0.10478956125,
    "Slope": -0.000135699412159,
    "TopElev": 363.0,
    "Tosegment": 3036756,
    "end_x": -106.47187500003122,
    "end_y": 63.74256944462422,
    "flow_acc": 524.865,
    "seg_id": 3014640,
    "start_x": -106.42291666687055,
    "start_y": 63.773819444112064,
    "islake": 0,
    "lakeId": 0,
    "RATEACV": 0.0,
    "RATEBCV": 0.0,
    "lake_Vol": 0.0
  }
}