{
  "data": {
    "BotElev": 182.0,
    "Length": 30091.019704184248,
    "OBJECTID": null,
    "PFAF": "333612",
    "PFAF_CODE": 333612000000.0,
    "PF_TYPE": 5,
    "Shape_Leng": 0.39261108052,
    "Slope": 0.005217503479225,
    "TopElev": 339.0,
    "Tosegment": 3040889,
    "end_x": -108.86770833367262,
    "end_y": 66.65506944419957,
    "flow_acc": 510.678,
    "seg_id": 3014174,
    "start_x": -108.5333333336664,
    "start_y": 66.62381944471173,
    "islake": 0,
    "lakeId": 0,
    "RATEACV": 0.0,
    "RATEBCV": 0.0,
    "lake_Vol": 0.0
  }
}