{
  "data": {
    "BotElev": 802.0,
    "Length": 17119.033280917156,
    "OBJECTID": null,
    "PFAF": "3145362",
    "PFAF_CODE": 314536200000.0,
    "PF_TYPE": 6,
    "Shape_Leng": 0.1421332671,
    "Slope": 0.005607793292102,
    "TopElev": 898.0,
    "Tosegment": 3028663,
    "end_x": -122.60541666666683,
    "end_y": 52.56458333333421,
    "flow_acc": 507.72,
    "seg_id": 3014086,
    "start_x": -122.62,
    "start_y": 52.451666666667336,
    "islake": 0,
    "lakeId": 0,
    "RATEACV": 0.0,
    "RATEBCV": 0.0,
    "lake_Vol": 0.0
  }
}