{
  "data": {
    "BotElev": 2.0,
    "Length": 23763.050474723834,
    "OBJECTID": null,
    "PFAF": "3155332",
    "PFAF_CODE": 315533200000.0,
    "PF_TYPE": 6,
    "Shape_Leng": 0.29154190702,
    "Slope": 0.000967889203638,
    "TopElev": 25.0,
    "Tosegment": -9999,
    "end_x": -134.55791666666374,
    "end_y": 57.51374999999922,
    "flow_acc": 521.397,
    "seg_id": 3014523,
    "start_x": -134.32249999999698,
    "start_y": 57.59958333333259,
    "islake": 0,
    "lakeId": 0,
    "RATEACV": 0.0,
    "RATEBCV": 0.0,
    "lake_Vol": 0.0
  }
}