{
  "data": {
    "BotElev": 384.0,
    "Length": 41737.36987121863,
    "OBJECTID": null,
    "PFAF": "3334742",
    "PFAF_CODE": 333474200000.0,
    "PF_TYPE": 6,
    "Shape_Leng": 0.6522388313,
    "Slope": 0.000838577037988,
    "TopElev": 419.0,
    "Tosegment": 3032464,
    "end_x": -112.37812500036836,
    "end_y": 65.20715277787849,
    "flow_acc": 527.45,
    "seg_id": 3014722,
    "start_x": -111.78541666694554,
    "start_y": 65.25402777755994,
    "islake": 0,
    "lakeId": 0,
    "RATEACV": 0.0,
    "RATEBCV": 0.0,
    "lake_Vol": 0.0
  }
}