{
  "data": {
    "BotElev": 692.0,
    "Length": 13986.365808598262,
    "OBJECTID": null,
    "PFAF": "318978",
    "PFAF_CODE": 318978000000.0,
    "PF_TYPE": 5,
    "Shape_Leng": 0.13417831582,
    "Slope": 0.00293142625905,
    "TopElev": 733.0,
    "Tosegment": 3041867,
    "end_x": -132.90937500000007,
    "end_y": 60.19673611111119,
    "flow_acc": 531.611,
    "seg_id": 3014846,
    "start_x": -132.90208333333345,
    "start_y": 60.08527777777789,
    "islake": 0,
    "lakeId": 0,
    "RATEACV": 0.0,
    "RATEBCV": 0.0,
    "lake_Vol": 0.0
  }
}