{
  "data": {
    "BotElev": 337.0,
    "Length": 30910.63011928417,
    "OBJECTID": null,
    "PFAF": "336464",
    "PFAF_CODE": 336464000000.0,
    "PF_TYPE": 5,
    "Shape_Leng": 0.29893511002,
    "Slope": 0.001358755866119,
    "TopElev": 379.0,
    "Tosegment": 3037783,
    "end_x": -103.7031249997188,
    "end_y": 61.469652778153375,
    "flow_acc": 513.598,
    "seg_id": 3014274,
    "start_x": -103.86250000007493,
    "start_y": 61.61444444415588,
    "islake": 0,
    "lakeId": 0,
    "RATEACV": 0.0,
    "RATEBCV": 0.0,
    "lake_Vol": 0.0
  }
}