{
  "data": {
    "BotElev": 445.0,
    "Length": 31830.11036889851,
    "OBJECTID": null,
    "PFAF": "324664",
    "PFAF_CODE": 324664000000.0,
    "PF_TYPE": 5,
    "Shape_Leng": 0.37112418814,
    "Slope": 0.004461184656738,
    "TopElev": 587.0,
    "Tosegment": 3028745,
    "end_x": -122.05520833333344,
    "end_y": 58.273819444444484,
    "flow_acc": 515.434,
    "seg_id": 3014343,
    "start_x": -122.28541666666678,
    "start_y": 58.16131944444447,
    "islake": 0,
    "lakeId": 0,
    "RATEACV": 0.0,
    "RATEBCV": 0.0,
    "lake_Vol": 0.0
  }
}