{
  "data": {
    "BotElev": 225.0,
    "Length": 34557.640815033716,
    "OBJECTID": null,
    "PFAF": "321272",
    "PFAF_CODE": 321272000000.0,
    "PF_TYPE": 5,
    "Shape_Leng": 0.40368130688,
    "Slope": 0.006395112478392,
    "TopElev": 446.0,
    "Tosegment": 3041669,
    "end_x": -135.44895833333334,
    "end_y": 65.85298611111119,
    "flow_acc": 509.061,
    "seg_id": 3014131,
    "start_x": -135.6833333333334,
    "start_y": 66.00506944444442,
    "islake": 0,
    "lakeId": 0,
    "RATEACV": 0.0,
    "RATEBCV": 0.0,
    "lake_Vol": 0.0
  }
}