{
  "data": {
    "BotElev": 395.0,
    "Length": 23564.41036071202,
    "OBJECTID": null,
    "PFAF": "333682",
    "PFAF_CODE": 333682000000.0,
    "PF_TYPE": 5,
    "Shape_Leng": 0.27234457591,
    "Slope": 0.002121843883833,
    "TopElev": 445.0,
    "Tosegment": 3029449,
    "end_x": -111.15312500011862,
    "end_y": 66.19256944422455,
    "flow_acc": 515.447,
    "seg_id": 3014344,
    "start_x": -111.30625000003744,
    "start_y": 66.29465277750387,
    "islake": 0,
    "lakeId": 0,
    "RATEACV": 0.0,
    "RATEBCV": 0.0,
    "lake_Vol": 0.0
  }
}