{
  "data": {
    "BotElev": 443.0,
    "Length": 31653.654793318554,
    "OBJECTID": null,
    "PFAF": "3187722",
    "PFAF_CODE": 318772200000.0,
    "PF_TYPE": 6,
    "Shape_Leng": 0.44728324894,
    "Slope": 0.007866390204412,
    "TopElev": 692.0,
    "Tosegment": 3026676,
    "end_x": -139.8510416666668,
    "end_y": 64.46548611111115,
    "flow_acc": 534.808,
    "seg_id": 3014949,
    "start_x": -139.47916666666663,
    "start_y": 64.58006944444475,
    "islake": 0,
    "lakeId": 0,
    "RATEACV": 0.0,
    "RATEBCV": 0.0,
    "lake_Vol": 0.0
  }
}