{
  "data": {
    "BotElev": 453.0,
    "Length": 45489.21145168585,
    "OBJECTID": null,
    "PFAF": "324667",
    "PFAF_CODE": 324667000000.0,
    "PF_TYPE": 4,
    "Shape_Leng": 0.4638272604,
    "Slope": 0.003825082793198,
    "TopElev": 627.0,
    "Tosegment": 3022667,
    "end_x": -122.00104166666677,
    "end_y": 58.23840277777788,
    "flow_acc": 525.672,
    "seg_id": 3014665,
    "start_x": -122.07083333333344,
    "start_y": 58.0259027777779,
    "islake": 0,
    "lakeId": 0,
    "RATEACV": 0.0,
    "RATEBCV": 0.0,
    "lake_Vol": 0.0
  }
}