{
  "data": {
    "BotElev": 385.0,
    "Length": 14126.881139705389,
    "OBJECTID": null,
    "PFAF": "3276962",
    "PFAF_CODE": 327696200000.0,
    "PF_TYPE": 6,
    "Shape_Leng": 0.13856706939,
    "Slope": 0.000212361098698,
    "TopElev": 388.0,
    "Tosegment": 3030977,
    "end_x": -106.76145833333351,
    "end_y": 61.43631944444445,
    "flow_acc": 519.984,
    "seg_id": 3014482,
    "start_x": -106.81562500000018,
    "start_y": 61.341527777777856,
    "islake": 0,
    "lakeId": 0,
    "RATEACV": 0.0,
    "RATEBCV": 0.0,
    "lake_Vol": 0.0
  }
}