{
  "data": {
    "BotElev": 286.0,
    "Length": 32911.85139594594,
    "OBJECTID": null,
    "PFAF": "326672",
    "PFAF_CODE": 326672000000.0,
    "PF_TYPE": 5,
    "Shape_Leng": 0.4397261302,
    "Slope": 0.000820373174246,
    "TopElev": 313.0,
    "Tosegment": 3038676,
    "end_x": -109.97812500000009,
    "end_y": 62.15506944444451,
    "flow_acc": 511.508,
    "seg_id": 3014202,
    "start_x": -109.58958333333351,
    "start_y": 62.11756944444454,
    "islake": 0,
    "lakeId": 0,
    "RATEACV": 0.0,
    "RATEBCV": 0.0,
    "lake_Vol": 0.0
  }
}