{
  "data": {
    "BotElev": 757.0,
    "Length": 28705.824573643167,
    "OBJECTID": null,
    "PFAF": "3249494",
    "PFAF_CODE": 324949400000.0,
    "PF_TYPE": 6,
    "Shape_Leng": 0.31090420566,
    "Slope": 0.009092231415629,
    "TopElev": 1018.0,
    "Tosegment": 3029315,
    "end_x": -130.09479166666677,
    "end_y": 58.8071527777779,
    "flow_acc": 519.265,
    "seg_id": 3014459,
    "start_x": -130.37708333333336,
    "start_y": 58.820694444444484,
    "islake": 0,
    "lakeId": 0,
    "RATEACV": 0.0,
    "RATEBCV": 0.0,
    "lake_Vol": 0.0
  }
}