{
  "data": {
    "BotElev": 496.0,
    "Length": 33801.346007456494,
    "OBJECTID": null,
    "PFAF": "3385683",
    "PFAF_CODE": 338568300000.0,
    "PF_TYPE": 5,
    "Shape_Leng": 0.39929404245,
    "Slope": 0.000266261586092,
    "TopElev": 505.0,
    "Tosegment": 3021740,
    "end_x": -106.22291666637096,
    "end_y": 56.55958333350412,
    "flow_acc": 529.514,
    "seg_id": 3014775,
    "start_x": -105.93083333329162,
    "start_y": 56.67583333354156,
    "islake": 0,
    "lakeId": 0,
    "RATEACV": 0.0,
    "RATEBCV": 0.0,
    "lake_Vol": 0.0
  }
}