{
  "data": {
    "BotElev": 839.0,
    "Length": 44793.80393270607,
    "OBJECTID": null,
    "PFAF": "3145466",
    "PFAF_CODE": 314546600000.0,
    "PF_TYPE": 6,
    "Shape_Leng": 0.37684310345,
    "Slope": 0.003571922586445,
    "TopElev": 999.0,
    "Tosegment": 3028744,
    "end_x": -121.06625000000048,
    "end_y": 52.290416666667284,
    "flow_acc": 512.302,
    "seg_id": 3014228,
    "start_x": -120.81750000000056,
    "start_y": 52.17500000000069,
    "islake": 0,
    "lakeId": 0,
    "RATEACV": 0.0,
    "RATEBCV": 0.0,
    "lake_Vol": 0.0
  }
}