{
  "data": {
    "BotElev": 291.0,
    "Length": 34788.63483849309,
    "OBJECTID": null,
    "PFAF": "326428",
    "PFAF_CODE": 326428000000.0,
    "PF_TYPE": 5,
    "Shape_Leng": 0.38256455903,
    "Slope": 0.001580976093352,
    "TopElev": 346.0,
    "Tosegment": 3024721,
    "end_x": -112.99687500000016,
    "end_y": 63.05715277777779,
    "flow_acc": 535.072,
    "seg_id": 3014958,
    "start_x": -112.7333333333334,
    "start_y": 63.158194444444405,
    "islake": 0,
    "lakeId": 0,
    "RATEACV": 0.0,
    "RATEBCV": 0.0,
    "lake_Vol": 0.0
  }
}