{
  "data": {
    "BotElev": 335.0,
    "Length": 9849.612068235421,
    "OBJECTID": null,
    "PFAF": "3382632",
    "PFAF_CODE": 338263200000.0,
    "PF_TYPE": 6,
    "Shape_Leng": 0.09255711807,
    "Slope": 0.0,
    "TopElev": 335.0,
    "Tosegment": 3040115,
    "end_x": -102.7470833336289,
    "end_y": 57.39541666684585,
    "flow_acc": 508.507,
    "seg_id": 3014111,
    "start_x": -102.67333333296688,
    "start_y": 57.3587500003124,
    "islake": 0,
    "lakeId": 0,
    "RATEACV": 0.0,
    "RATEBCV": 0.0,
    "lake_Vol": 0.0
  }
}