{
  "data": {
    "BotElev": 464.0,
    "Length": 5948.6480134236135,
    "OBJECTID": null,
    "PFAF": "328568",
    "PFAF_CODE": 328568000000.0,
    "PF_TYPE": 5,
    "Shape_Leng": 0.05090631009,
    "Slope": 0.000336210849169,
    "TopElev": 466.0,
    "Tosegment": 3029961,
    "end_x": -110.2760416666668,
    "end_y": 57.21131944444454,
    "flow_acc": 529.404,
    "seg_id": 3014773,
    "start_x": -110.25625000000002,
    "start_y": 57.18111111111108,
    "islake": 0,
    "lakeId": 0,
    "RATEACV": 0.0,
    "RATEBCV": 0.0,
    "lake_Vol": 0.0
  }
}