{
  "data": {
    "BotElev": 312.0,
    "Length": 31675.577040641747,
    "OBJECTID": null,
    "PFAF": "334874",
    "PFAF_CODE": 334874000000.0,
    "PF_TYPE": 5,
    "Shape_Leng": 0.3676851097,
    "Slope": 0.001262802567059,
    "TopElev": 352.0,
    "Tosegment": 3034856,
    "end_x": -106.19895833316048,
    "end_y": 64.5342361109079,
    "flow_acc": 536.748,
    "seg_id": 3014994,
    "start_x": -106.51874999971261,
    "start_y": 64.64986111090161,
    "islake": 0,
    "lakeId": 0,
    "RATEACV": 0.0,
    "RATEBCV": 0.0,
    "lake_Vol": 0.0
  }
}