{
  "data": {
    "BotElev": 325.0,
    "Length": 18829.639355122872,
    "OBJECTID": null,
    "PFAF": "32841643",
    "PFAF_CODE": 328416430000.0,
    "PF_TYPE": 6,
    "Shape_Leng": 0.18282257083,
    "Slope": 0.000159323285137,
    "TopElev": 328.0,
    "Tosegment": 3022157,
    "end_x": -109.17812500000002,
    "end_y": 58.6696527777778,
    "flow_acc": 513.176,
    "seg_id": 3014256,
    "start_x": -109.1364583333334,
    "start_y": 58.568611111111125,
    "islake": 0,
    "lakeId": 0,
    "RATEACV": 0.0,
    "RATEBCV": 0.0,
    "lake_Vol": 0.0
  }
}