{
  "data": {
    "BotElev": 659.0,
    "Length": 30527.01907797186,
    "OBJECTID": null,
    "PFAF": "329952",
    "PFAF_CODE": 329952000000.0,
    "PF_TYPE": 5,
    "Shape_Leng": 0.26155776503,
    "Slope": 0.001670651165439,
    "TopElev": 710.0,
    "Tosegment": 3040859,
    "end_x": -123.75104166666677,
    "end_y": 55.823819444444496,
    "flow_acc": 564.706,
    "seg_id": 3015795,
    "start_x": -123.7645833333334,
    "start_y": 55.61861111111108,
    "islake": 0,
    "lakeId": 0,
    "RATEACV": 0.0,
    "RATEBCV": 0.0,
    "lake_Vol": 0.0
  }
}