{
  "data": {
    "BotElev": 156.0,
    "Length": 89721.56204089565,
    "OBJECTID": null,
    "PFAF": "322912",
    "PFAF_CODE": 322912000000.0,
    "PF_TYPE": 5,
    "Shape_Leng": 1.51838729543,
    "Slope": 0.000702172349288,
    "TopElev": 219.0,
    "Tosegment": 3040470,
    "end_x": -120.95312500000011,
    "end_y": 66.31756944444453,
    "flow_acc": 554.247,
    "seg_id": 3015476,
    "start_x": -119.4833333333334,
    "start_y": 66.41131944444442,
    "islake": 0,
    "lakeId": 0,
    "RATEACV": 0.0,
    "RATEBCV": 0.0,
    "lake_Vol": 0.0
  }
}