{
  "data": {
    "BotElev": 444.0,
    "Length": 35088.179366892866,
    "OBJECTID": null,
    "PFAF": "3276489",
    "PFAF_CODE": 327648900000.0,
    "PF_TYPE": 5,
    "Shape_Leng": 0.45698502863,
    "Slope": 0.001139985052566,
    "TopElev": 484.0,
    "Tosegment": 3025989,
    "end_x": -107.53854166666679,
    "end_y": 60.05298611111124,
    "flow_acc": 557.212,
    "seg_id": 3015548,
    "start_x": -107.15625000000011,
    "start_y": 60.15090277777779,
    "islake": 0,
    "lakeId": 0,
    "RATEACV": 0.0,
    "RATEBCV": 0.0,
    "lake_Vol": 0.0
  }
}