{
  "data": {
    "BotElev": 435.0,
    "Length": 36740.78968574174,
    "OBJECTID": null,
    "PFAF": "32862123",
    "PFAF_CODE": 328621230000.0,
    "PF_TYPE": 6,
    "Shape_Leng": 0.36947232727,
    "Slope": 0.001061490521395,
    "TopElev": 474.0,
    "Tosegment": 3023721,
    "end_x": -110.81562500000013,
    "end_y": 56.37173611111103,
    "flow_acc": 559.113,
    "seg_id": 3015599,
    "start_x": -111.08125000000013,
    "start_y": 56.435277777777856,
    "islake": 0,
    "lakeId": 0,
    "RATEACV": 0.0,
    "RATEBCV": 0.0,
    "lake_Vol": 0.0
  }
}