{
  "data": {
    "BotElev": 524.0,
    "Length": 24494.775927548464,
    "OBJECTID": null,
    "PFAF": "3385693",
    "PFAF_CODE": 338569300000.0,
    "PF_TYPE": 4,
    "Shape_Leng": 0.18915527457,
    "Slope": 0.001061450820244,
    "TopElev": 550.0,
    "Tosegment": 3023051,
    "end_x": -106.11291666677073,
    "end_y": 56.774583333254384,
    "flow_acc": 540.73,
    "seg_id": 3015109,
    "start_x": -106.20500000024975,
    "start_y": 56.895833333641576,
    "islake": 0,
    "lakeId": 0,
    "RATEACV": 0.0,
    "RATEBCV": 0.0,
    "lake_Vol": 0.0
  }
}