{
  "data": {
    "BotElev": 653.0,
    "Length": 14300.007975998637,
    "OBJECTID": null,
    "PFAF": "3249432",
    "PFAF_CODE": 324943200000.0,
    "PF_TYPE": 6,
    "Shape_Leng": 0.19000954472,
    "Slope": 0.009160834051273,
    "TopElev": 784.0,
    "Tosegment": 3039324,
    "end_x": -129.21354166666674,
    "end_y": 59.59465277777775,
    "flow_acc": 540.425,
    "seg_id": 3015096,
    "start_x": -129.3583333333334,
    "start_y": 59.52277777777789,
    "islake": 0,
    "lakeId": 0,
    "RATEACV": 0.0,
    "RATEBCV": 0.0,
    "lake_Vol": 0.0
  }
}