{
  "data": {
    "BotElev": 628.0,
    "Length": 23022.655401215634,
    "OBJECTID": null,
    "PFAF": "342441204",
    "PFAF_CODE": 342441204000.0,
    "PF_TYPE": 8,
    "Shape_Leng": 0.18196067812,
    "Slope": 0.000651532142518,
    "TopElev": 643.0,
    "Tosegment": -9999,
    "end_x": -108.55125000000362,
    "end_y": 52.28125000000068,
    "flow_acc": 556.049,
    "seg_id": 3015522,
    "start_x": -108.67000000000365,
    "start_y": 52.37375000000054,
    "islake": 0,
    "lakeId": 0,
    "RATEACV": 0.0,
    "RATEBCV": 0.0,
    "lake_Vol": 0.0
  }
}