{
  "data": {
    "BotElev": 75.0,
    "Length": 35517.7573443659,
    "OBJECTID": null,
    "PFAF": "3339962",
    "PFAF_CODE": 333996200000.0,
    "PF_TYPE": 6,
    "Shape_Leng": 0.39025703492,
    "Slope": 0.000929112716212,
    "TopElev": 108.0,
    "Tosegment": 3036450,
    "end_x": -109.4677083333728,
    "end_y": 69.0696527773539,
    "flow_acc": 561.375,
    "seg_id": 3015678,
    "start_x": -109.6958333331417,
    "start_y": 69.23840277746626,
    "islake": 0,
    "lakeId": 0,
    "RATEACV": 0.0,
    "RATEBCV": 0.0,
    "lake_Vol": 0.0
  }
}