{
  "data": {
    "BotElev": 775.0,
    "Length": 29005.72037277565,
    "OBJECTID": null,
    "PFAF": "3249994",
    "PFAF_CODE": 324999400000.0,
    "PF_TYPE": 6,
    "Shape_Leng": 0.40484036769,
    "Slope": 0.003137312186372,
    "TopElev": 866.0,
    "Tosegment": 3027230,
    "end_x": -129.6218750000001,
    "end_y": 61.821736111111136,
    "flow_acc": 566.642,
    "seg_id": 3015847,
    "start_x": -129.3437500000001,
    "start_y": 62.02798611111103,
    "islake": 0,
    "lakeId": 0,
    "RATEACV": 0.0,
    "RATEBCV": 0.0,
    "lake_Vol": 0.0
  }
}