{
  "data": {
    "BotElev": 505.0,
    "Length": 28097.585186205935,
    "OBJECTID": null,
    "PFAF": "338976",
    "PFAF_CODE": 338976000000.0,
    "PF_TYPE": 5,
    "Shape_Leng": 0.2896832017,
    "Slope": 0.001601561119996,
    "TopElev": 550.0,
    "Tosegment": 3039463,
    "end_x": -110.61291666677073,
    "end_y": 54.417083332929565,
    "flow_acc": 563.451,
    "seg_id": 3015754,
    "start_x": -110.64416666625857,
    "start_y": 54.537083333229305,
    "islake": 0,
    "lakeId": 0,
    "RATEACV": 0.0,
    "RATEBCV": 0.0,
    "lake_Vol": 0.0
  }
}