{
  "data": {
    "BotElev": 427.0,
    "Length": 4746.331742850409,
    "OBJECTID": null,
    "PFAF": "3128116",
    "PFAF_CODE": 312811600000.0,
    "PF_TYPE": 6,
    "Shape_Leng": 0.03539213562,
    "Slope": 0.009691695079951,
    "TopElev": 473.0,
    "Tosegment": 3042081,
    "end_x": -117.90541666666809,
    "end_y": 49.98541666666824,
    "flow_acc": 540.586,
    "seg_id": 3015103,
    "start_x": -117.88333333333463,
    "start_y": 49.9679166666682,
    "islake": 0,
    "lakeId": 0,
    "RATEACV": 0.0,
    "RATEBCV": 0.0,
    "lake_Vol": 0.0
  }
}