{
  "data": {
    "BotElev": 743.0,
    "Length": 29371.87429919491,
    "OBJECTID": null,
    "PFAF": "31895863",
    "PFAF_CODE": 318958630000.0,
    "PF_TYPE": 6,
    "Shape_Leng": 0.2758090576,
    "Slope": 0.004630279927479,
    "TopElev": 879.0,
    "Tosegment": 3024166,
    "end_x": -134.4218750000001,
    "end_y": 61.446736111111136,
    "flow_acc": 549.533,
    "seg_id": 3015335,
    "start_x": -134.30208333333337,
    "start_y": 61.27277777777789,
    "islake": 0,
    "lakeId": 0,
    "RATEACV": 0.0,
    "RATEBCV": 0.0,
    "lake_Vol": 0.0
  }
}