{
  "data": {
    "BotElev": 452.0,
    "Length": 31439.54642766766,
    "OBJECTID": null,
    "PFAF": "349736",
    "PFAF_CODE": 349736000000.0,
    "PF_TYPE": 5,
    "Shape_Leng": 0.26562481947,
    "Slope": 0.002703601344745,
    "TopElev": 537.0,
    "Tosegment": 3042383,
    "end_x": -102.82458333333847,
    "end_y": 50.64208333333448,
    "flow_acc": 565.045,
    "seg_id": 3015806,
    "start_x": -102.84375000000512,
    "start_y": 50.80833333333436,
    "islake": 0,
    "lakeId": 0,
    "RATEACV": 0.0,
    "RATEBCV": 0.0,
    "lake_Vol": 0.0
  }
}