{
  "data": {
    "BotElev": 265.0,
    "Length": 41627.4615660784,
    "OBJECTID": null,
    "PFAF": "342183",
    "PFAF_CODE": 342183000000.0,
    "PF_TYPE": 4,
    "Shape_Leng": 0.47018659787,
    "Slope": 7.2067810218e-05,
    "TopElev": 268.0,
    "Tosegment": 3029218,
    "end_x": -102.3695833333386,
    "end_y": 53.77875000000029,
    "flow_acc": 551.739,
    "seg_id": 3015401,
    "start_x": -102.77333333333843,
    "start_y": 53.78916666666697,
    "islake": 0,
    "lakeId": 0,
    "RATEACV": 0.0,
    "RATEBCV": 0.0,
    "lake_Vol": 0.0
  }
}