{
  "data": {
    "BotElev": 495.0,
    "Length": 555.102156101434,
    "OBJECTID": null,
    "PFAF": "3254941",
    "PFAF_CODE": 325494100000.0,
    "PF_TYPE": 5,
    "Shape_Leng": 0.00883883476,
    "Slope": 0.0,
    "TopElev": 495.0,
    "Tosegment": 3033313,
    "end_x": -121.23437500000011,
    "end_y": 60.511319444444496,
    "flow_acc": 567.952,
    "seg_id": 3015894,
    "start_x": -121.24062500000014,
    "start_y": 60.50506944444447,
    "islake": 0,
    "lakeId": 0,
    "RATEACV": 0.0,
    "RATEBCV": 0.0,
    "lake_Vol": 0.0
  }
}