{
  "data": {
    "BotElev": 192.0,
    "Length": 42236.56745550357,
    "OBJECTID": null,
    "PFAF": "334914",
    "PFAF_CODE": 334914000000.0,
    "PF_TYPE": 5,
    "Shape_Leng": 0.38710137173,
    "Slope": 0.001988797979109,
    "TopElev": 276.0,
    "Tosegment": 3041460,
    "end_x": -105.38437500040584,
    "end_y": 65.10298611112023,
    "flow_acc": 545.353,
    "seg_id": 3015226,
    "start_x": -105.59583333324161,
    "start_y": 65.32798611067045,
    "islake": 0,
    "lakeId": 0,
    "RATEACV": 0.0,
    "RATEBCV": 0.0,
    "lake_Vol": 0.0
  }
}