{
  "data": {
    "BotElev": 76.0,
    "Length": 53891.59982157639,
    "OBJECTID": null,
    "PFAF": "33399723",
    "PFAF_CODE": 333997230000.0,
    "PF_TYPE": 6,
    "Shape_Leng": 0.90253494813,
    "Slope": 0.001577240243033,
    "TopElev": 161.0,
    "Tosegment": 3027726,
    "end_x": -110.63645833328542,
    "end_y": 68.81756944437456,
    "flow_acc": 559.505,
    "seg_id": 3015611,
    "start_x": -111.43750000022476,
    "start_y": 68.91236111137636,
    "islake": 0,
    "lakeId": 0,
    "RATEACV": 0.0,
    "RATEBCV": 0.0,
    "lake_Vol": 0.0
  }
}