{
  "data": {
    "BotElev": 615.0,
    "Length": 24176.36313715397,
    "OBJECTID": null,
    "PFAF": "324278",
    "PFAF_CODE": 324278000000.0,
    "PF_TYPE": 5,
    "Shape_Leng": 0.23283527219,
    "Slope": 0.014601038129573,
    "TopElev": 968.0,
    "Tosegment": 3039152,
    "end_x": -127.20729166666672,
    "end_y": 61.97381944444453,
    "flow_acc": 560.676,
    "seg_id": 3015652,
    "start_x": -127.2000000000001,
    "start_y": 62.15194444444444,
    "islake": 0,
    "lakeId": 0,
    "RATEACV": 0.0,
    "RATEBCV": 0.0,
    "lake_Vol": 0.0
  }
}