{
  "data": {
    "BotElev": 394.0,
    "Length": 8454.748985642682,
    "OBJECTID": null,
    "PFAF": "333442",
    "PFAF_CODE": 333442000000.0,
    "PF_TYPE": 5,
    "Shape_Leng": 0.14882297716,
    "Slope": 0.0,
    "TopElev": 394.0,
    "Tosegment": 3036926,
    "end_x": -113.50937500035582,
    "end_y": 66.20506944419952,
    "flow_acc": 557.686,
    "seg_id": 3015562,
    "start_x": -113.36875000041215,
    "start_y": 66.22486111135129,
    "islake": 0,
    "lakeId": 0,
    "RATEACV": 0.0,
    "RATEBCV": 0.0,
    "lake_Vol": 0.0
  }
}