{
  "data": {
    "BotElev": 608.0,
    "Length": 26603.12312760761,
    "OBJECTID": null,
    "PFAF": "328845",
    "PFAF_CODE": 328845000000.0,
    "PF_TYPE": 4,
    "Shape_Leng": 0.3032244317,
    "Slope": 0.00131563500391,
    "TopElev": 643.0,
    "Tosegment": 3026899,
    "end_x": -113.87395833333346,
    "end_y": 55.319652777777776,
    "flow_acc": 566.128,
    "seg_id": 3015830,
    "start_x": -113.61041666666677,
    "start_y": 55.33319444444453,
    "islake": 0,
    "lakeId": 0,
    "RATEACV": 0.0,
    "RATEBCV": 0.0,
    "lake_Vol": 0.0
  }
}