{
  "data": {
    "BotElev": 43.0,
    "Length": 38832.41543722737,
    "OBJECTID": null,
    "PFAF": "315544",
    "PFAF_CODE": 315544000000.0,
    "PF_TYPE": 5,
    "Shape_Leng": 0.45252837884,
    "Slope": 0.005794128371018,
    "TopElev": 268.0,
    "Tosegment": 3033949,
    "end_x": -135.88708333332994,
    "end_y": 59.397916666665765,
    "flow_acc": 550.198,
    "seg_id": 3015352,
    "start_x": -136.23083333333,
    "start_y": 59.277916666665476,
    "islake": 0,
    "lakeId": 0,
    "RATEACV": 0.0,
    "RATEBCV": 0.0,
    "lake_Vol": 0.0
  }
}