{
  "data": {
    "BotElev": 77.0,
    "Length": 16851.196982288177,
    "OBJECTID": null,
    "PFAF": "3339964",
    "PFAF_CODE": 333996400000.0,
    "PF_TYPE": 6,
    "Shape_Leng": 0.2033724893,
    "Slope": 0.000415400758021,
    "TopElev": 84.0,
    "Tosegment": 3035888,
    "end_x": -109.79687499968145,
    "end_y": 69.05090277784103,
    "flow_acc": 567.38,
    "seg_id": 3015875,
    "start_x": -109.96875000001239,
    "start_y": 69.11027777749752,
    "islake": 0,
    "lakeId": 0,
    "RATEACV": 0.0,
    "RATEBCV": 0.0,
    "lake_Vol": 0.0
  }
}