{
  "data": {
    "BotElev": 296.0,
    "Length": 27468.28263738078,
    "OBJECTID": null,
    "PFAF": "333622",
    "PFAF_CODE": 333622000000.0,
    "PF_TYPE": 5,
    "Shape_Leng": 0.43075193887,
    "Slope": 0.003130883759109,
    "TopElev": 382.0,
    "Tosegment": 3037654,
    "end_x": -108.59479166680194,
    "end_y": 66.22798611067049,
    "flow_acc": 550.589,
    "seg_id": 3015368,
    "start_x": -108.98125000018729,
    "start_y": 66.17486111145121,
    "islake": 0,
    "lakeId": 0,
    "RATEACV": 0.0,
    "RATEBCV": 0.0,
    "lake_Vol": 0.0
  }
}