{
  "data": {
    "BotElev": 321.0,
    "Length": 13772.909970314084,
    "OBJECTID": null,
    "PFAF": "338212",
    "PFAF_CODE": 338212000000.0,
    "PF_TYPE": 5,
    "Shape_Leng": 0.14911550137,
    "Slope": 0.001887763737369,
    "TopElev": 347.0,
    "Tosegment": 3043455,
    "end_x": -103.1395833332042,
    "end_y": 55.74958333350423,
    "flow_acc": 553.032,
    "seg_id": 3015439,
    "start_x": -103.2633333337663,
    "start_y": 55.76041666669579,
    "islake": 0,
    "lakeId": 0,
    "RATEACV": 0.0,
    "RATEBCV": 0.0,
    "lake_Vol": 0.0
  }
}