{
  "data": {
    "BotElev": 159.0,
    "Length": 59819.417735121686,
    "OBJECTID": null,
    "PFAF": "3274327",
    "PFAF_CODE": 327432700000.0,
    "PF_TYPE": 5,
    "Shape_Leng": 0.48896261697,
    "Slope": 0.001738565902806,
    "TopElev": 263.0,
    "Tosegment": 3022189,
    "end_x": -115.65937500000013,
    "end_y": 60.81340277777775,
    "flow_acc": 545.58,
    "seg_id": 3015231,
    "start_x": -115.67291666666671,
    "start_y": 60.414444444444484,
    "islake": 0,
    "lakeId": 0,
    "RATEACV": 0.0,
    "RATEBCV": 0.0,
    "lake_Vol": 0.0
  }
}