{
  "data": {
    "BotElev": 914.0,
    "Length": 38505.23029894252,
    "OBJECTID": null,
    "PFAF": "3145447",
    "PFAF_CODE": 314544700000.0,
    "PF_TYPE": 5,
    "Shape_Leng": 0.25570944537,
    "Slope": 0.000857026428457,
    "TopElev": 947.0,
    "Tosegment": 3026314,
    "end_x": -120.77208333333391,
    "end_y": 53.07375000000053,
    "flow_acc": 541.072,
    "seg_id": 3015124,
    "start_x": -120.95666666666716,
    "start_y": 53.23083333333375,
    "islake": 0,
    "lakeId": 0,
    "RATEACV": 0.0,
    "RATEBCV": 0.0,
    "lake_Vol": 0.0
  }
}