{
  "data": {
    "BotElev": 491.0,
    "Length": 20340.390282627748,
    "OBJECTID": null,
    "PFAF": "338296",
    "PFAF_CODE": 338296000000.0,
    "PF_TYPE": 5,
    "Shape_Leng": 0.21116203559,
    "Slope": 0.000491632651146,
    "TopElev": 501.0,
    "Tosegment": 3032930,
    "end_x": -105.25874999971262,
    "end_y": 57.43791666622127,
    "flow_acc": 537.006,
    "seg_id": 3015002,
    "start_x": -105.36875000021223,
    "start_y": 57.51666666633366,
    "islake": 0,
    "lakeId": 0,
    "RATEACV": 0.0,
    "RATEBCV": 0.0,
    "lake_Vol": 0.0
  }
}