{
  "data": {
    "BotElev": 370.0,
    "Length": 25843.091663770017,
    "OBJECTID": null,
    "PFAF": "324368",
    "PFAF_CODE": 324368000000.0,
    "PF_TYPE": 5,
    "Shape_Leng": 0.32860727791,
    "Slope": 0.006268599829606,
    "TopElev": 532.0,
    "Tosegment": 3030722,
    "end_x": -122.2135416666668,
    "end_y": 60.26548611111116,
    "flow_acc": 563.797,
    "seg_id": 3015767,
    "start_x": -121.96041666666673,
    "start_y": 60.358194444444564,
    "islake": 0,
    "lakeId": 0,
    "RATEACV": 0.0,
    "RATEBCV": 0.0,
    "lake_Vol": 0.0
  }
}