{
  "data": {
    "BotElev": 809.0,
    "Length": 14305.562169221434,
    "OBJECTID": null,
    "PFAF": "3151845",
    "PFAF_CODE": 315184500000.0,
    "PF_TYPE": 5,
    "Shape_Leng": 0.12843022476,
    "Slope": 0.004403881459167,
    "TopElev": 872.0,
    "Tosegment": 3022214,
    "end_x": -126.18624999999929,
    "end_y": 52.992916666667156,
    "flow_acc": 585.742,
    "seg_id": 3016379,
    "start_x": -126.17416666666583,
    "start_y": 53.07750000000067,
    "islake": 0,
    "lakeId": 0,
    "RATEACV": 0.0,
    "RATEBCV": 0.0,
    "lake_Vol": 0.0
  }
}