{
  "data": {
    "BotElev": 279.0,
    "Length": 26175.28017664218,
    "OBJECTID": null,
    "PFAF": "3421632",
    "PFAF_CODE": 342163200000.0,
    "PF_TYPE": 6,
    "Shape_Leng": 0.20180333077,
    "Slope": -3.8203984571e-05,
    "TopElev": 278.0,
    "Tosegment": 3038740,
    "end_x": -102.93708333333836,
    "end_y": 53.49875000000043,
    "flow_acc": 596.648,
    "seg_id": 3016685,
    "start_x": -103.06208333333842,
    "start_y": 53.612500000000296,
    "islake": 0,
    "lakeId": 0,
    "RATEACV": 0.0,
    "RATEBCV": 0.0,
    "lake_Vol": 0.0
  }
}