{
  "data": {
    "BotElev": 612.0,
    "Length": 47838.99143052586,
    "OBJECTID": null,
    "PFAF": "3189612",
    "PFAF_CODE": 318961200000.0,
    "PF_TYPE": 6,
    "Shape_Leng": 0.49199562556,
    "Slope": 0.00196492436795,
    "TopElev": 706.0,
    "Tosegment": 3041982,
    "end_x": -135.1072916666667,
    "end_y": 61.56548611111117,
    "flow_acc": 586.854,
    "seg_id": 3016422,
    "start_x": -135.4666666666668,
    "start_y": 61.61444444444453,
    "islake": 0,
    "lakeId": 0,
    "RATEACV": 0.0,
    "RATEBCV": 0.0,
    "lake_Vol": 0.0
  }
}