{
  "data": {
    "BotElev": 123.0,
    "Length": 53742.11668596034,
    "OBJECTID": null,
    "PFAF": "322154",
    "PFAF_CODE": 322154000000.0,
    "PF_TYPE": 5,
    "Shape_Leng": 0.61476423429,
    "Slope": 0.002084026586717,
    "TopElev": 235.0,
    "Tosegment": 3044242,
    "end_x": -124.06562500000013,
    "end_y": 65.02173611111112,
    "flow_acc": 576.243,
    "seg_id": 3016135,
    "start_x": -124.10625000000005,
    "start_y": 65.23944444444442,
    "islake": 0,
    "lakeId": 0,
    "RATEACV": 0.0,
    "RATEBCV": 0.0,
    "lake_Vol": 0.0
  }
}