{
  "data": {
    "BotElev": 451.0,
    "Length": 57427.01055900334,
    "OBJECTID": null,
    "PFAF": "3421695",
    "PFAF_CODE": 342169500000.0,
    "PF_TYPE": 4,
    "Shape_Leng": 0.64472892578,
    "Slope": 0.001062217925088,
    "TopElev": 512.0,
    "Tosegment": 3025824,
    "end_x": -105.03541666667127,
    "end_y": 52.906250000000455,
    "flow_acc": 590.926,
    "seg_id": 3016534,
    "start_x": -105.51333333333781,
    "start_y": 52.71333333333382,
    "islake": 0,
    "lakeId": 0,
    "RATEACV": 0.0,
    "RATEBCV": 0.0,
    "lake_Vol": 0.0
  }
}