{
  "data": {
    "BotElev": 801.0,
    "Length": 18689.629301800614,
    "OBJECTID": null,
    "PFAF": "3151842",
    "PFAF_CODE": 315184200000.0,
    "PF_TYPE": 6,
    "Shape_Leng": 0.22476187455,
    "Slope": 0.001123617791498,
    "TopElev": 822.0,
    "Tosegment": 3028101,
    "end_x": -126.19541666666584,
    "end_y": 52.957916666667245,
    "flow_acc": 578.893,
    "seg_id": 3016205,
    "start_x": -126.3674999999991,
    "start_y": 52.868333333333965,
    "islake": 0,
    "lakeId": 0,
    "RATEACV": 0.0,
    "RATEBCV": 0.0,
    "lake_Vol": 0.0
  }
}