{
  "data": {
    "BotElev": 602.0,
    "Length": 36140.68750226074,
    "OBJECTID": null,
    "PFAF": "3189616",
    "PFAF_CODE": 318961600000.0,
    "PF_TYPE": 6,
    "Shape_Leng": 0.36387588664,
    "Slope": 0.004620830746221,
    "TopElev": 769.0,
    "Tosegment": 3041864,
    "end_x": -135.19479166666667,
    "end_y": 61.219652777777696,
    "flow_acc": 580.834,
    "seg_id": 3016252,
    "start_x": -135.39999999999998,
    "start_y": 61.17694444444436,
    "islake": 0,
    "lakeId": 0,
    "RATEACV": 0.0,
    "RATEBCV": 0.0,
    "lake_Vol": 0.0
  }
}