{
  "data": {
    "BotElev": 507.0,
    "Length": 28821.27765387346,
    "OBJECTID": null,
    "PFAF": "3292523",
    "PFAF_CODE": 329252300000.0,
    "PF_TYPE": 5,
    "Shape_Leng": 0.32305946353,
    "Slope": 0.001700132818137,
    "TopElev": 556.0,
    "Tosegment": 3027991,
    "end_x": -114.58437500000008,
    "end_y": 57.36548611111118,
    "flow_acc": 602.518,
    "seg_id": 3016843,
    "start_x": -114.32916666666671,
    "start_y": 57.39881944444454,
    "islake": 0,
    "lakeId": 0,
    "RATEACV": 0.0,
    "RATEBCV": 0.0,
    "lake_Vol": 0.0
  }
}