{
  "data": {
    "BotElev": 489.0,
    "Length": 31220.38085581584,
    "OBJECTID": null,
    "PFAF": "3333296",
    "PFAF_CODE": 333329600000.0,
    "PF_TYPE": 6,
    "Shape_Leng": 0.38140550023,
    "Slope": 0.002786641213693,
    "TopElev": 576.0,
    "Tosegment": 3032207,
    "end_x": -120.73020833334789,
    "end_y": 68.56965277745383,
    "flow_acc": 598.133,
    "seg_id": 3016728,
    "start_x": -120.43333333326655,
    "start_y": 68.49777777782231,
    "islake": 0,
    "lakeId": 0,
    "RATEACV": 0.0,
    "RATEBCV": 0.0,
    "lake_Vol": 0.0
  }
}