{
  "data": {
    "BotElev": 429.0,
    "Length": 38273.6617178048,
    "OBJECTID": null,
    "PFAF": "3128114",
    "PFAF_CODE": 312811400000.0,
    "PF_TYPE": 6,
    "Shape_Leng": 0.2791011302,
    "Slope": 0.005486801904358,
    "TopElev": 639.0,
    "Tosegment": 3042131,
    "end_x": -118.09708333333464,
    "end_y": 49.8487500000013,
    "flow_acc": 588.487,
    "seg_id": 3016469,
    "start_x": -118.09708333333464,
    "start_y": 50.0783333333348,
    "islake": 0,
    "lakeId": 0,
    "RATEACV": 0.0,
    "RATEBCV": 0.0,
    "lake_Vol": 0.0
  }
}