{
  "data": {
    "BotElev": 738.0,
    "Length": 54967.680232865256,
    "OBJECTID": null,
    "PFAF": "3249822",
    "PFAF_CODE": 324982200000.0,
    "PF_TYPE": 6,
    "Shape_Leng": 0.58327944601,
    "Slope": 0.003365614106622,
    "TopElev": 923.0,
    "Tosegment": 3030984,
    "end_x": -129.83020833333342,
    "end_y": 60.33840277777779,
    "flow_acc": 575.105,
    "seg_id": 3016111,
    "start_x": -130.33958333333345,
    "start_y": 60.429027777777776,
    "islake": 0,
    "lakeId": 0,
    "RATEACV": 0.0,
    "RATEBCV": 0.0,
    "lake_Vol": 0.0
  }
}