{
  "data": {
    "BotElev": 193.0,
    "Length": 23257.419540959927,
    "OBJECTID": null,
    "PFAF": "326243",
    "PFAF_CODE": 326243000000.0,
    "PF_TYPE": 4,
    "Shape_Leng": 0.30524643742,
    "Slope": 0.000644955472106,
    "TopElev": 208.0,
    "Tosegment": 3029289,
    "end_x": -115.19687500000015,
    "end_y": 62.8904861111111,
    "flow_acc": 589.831,
    "seg_id": 3016504,
    "start_x": -114.93958333333347,
    "start_y": 62.9352777777778,
    "islake": 0,
    "lakeId": 0,
    "RATEACV": 0.0,
    "RATEBCV": 0.0,
    "lake_Vol": 0.0
  }
}