{
  "data": {
    "BotElev": 486.0,
    "Length": 40772.85195404863,
    "OBJECTID": null,
    "PFAF": "328698",
    "PFAF_CODE": 328698000000.0,
    "PF_TYPE": 5,
    "Shape_Leng": 0.46784586912,
    "Slope": 0.000637679209424,
    "TopElev": 512.0,
    "Tosegment": 3030469,
    "end_x": -108.67187500000011,
    "end_y": 57.550902777777765,
    "flow_acc": 588.976,
    "seg_id": 3016492,
    "start_x": -108.45833333333343,
    "start_y": 57.74256944444443,
    "islake": 0,
    "lakeId": 0,
    "RATEACV": 0.0,
    "RATEBCV": 0.0,
    "lake_Vol": 0.0
  }
}