{
  "data": {
    "BotElev": 663.0,
    "Length": 34136.39003010079,
    "OBJECTID": null,
    "PFAF": "3424778",
    "PFAF_CODE": 342477800000.0,
    "PF_TYPE": 6,
    "Shape_Leng": 0.28720773191,
    "Slope": 0.001699066595761,
    "TopElev": 721.0,
    "Tosegment": 3041442,
    "end_x": -114.3320833333355,
    "end_y": 53.42458333333377,
    "flow_acc": 586.14,
    "seg_id": 3016396,
    "start_x": -114.51500000000215,
    "start_y": 53.54375000000033,
    "islake": 0,
    "lakeId": 0,
    "RATEACV": 0.0,
    "RATEBCV": 0.0,
    "lake_Vol": 0.0
  }
}