{
  "data": {
    "BotElev": 401.0,
    "Length": 28589.328973509815,
    "OBJECTID": null,
    "PFAF": "326996",
    "PFAF_CODE": 326996000000.0,
    "PF_TYPE": 5,
    "Shape_Leng": 0.41737629257,
    "Slope": 0.000314802771633,
    "TopElev": 410.0,
    "Tosegment": 3033782,
    "end_x": -111.19687500000015,
    "end_y": 63.96131944444443,
    "flow_acc": 596.012,
    "seg_id": 3016668,
    "start_x": -111.58541666666673,
    "start_y": 63.98215277777774,
    "islake": 0,
    "lakeId": 0,
    "RATEACV": 0.0,
    "RATEBCV": 0.0,
    "lake_Vol": 0.0
  }
}