{
  "data": {
    "BotElev": -3.0,
    "Length": 11994.558130530058,
    "OBJECTID": null,
    "PFAF": "31515981",
    "PFAF_CODE": 315159810000.0,
    "PF_TYPE": 6,
    "Shape_Leng": 0.11969967526,
    "Slope": 0.005585866463014,
    "TopElev": 64.0,
    "Tosegment": -9999,
    "end_x": -126.67624999999913,
    "end_y": 52.045416666667506,
    "flow_acc": 604.687,
    "seg_id": 3016894,
    "start_x": -126.58041666666583,
    "start_y": 52.06625000000082,
    "islake": 0,
    "lakeId": 0,
    "RATEACV": 0.0,
    "RATEBCV": 0.0,
    "lake_Vol": 0.0
  }
}