{
  "data": {
    "BotElev": 492.0,
    "Length": 44547.638176008455,
    "OBJECTID": null,
    "PFAF": "338282",
    "PFAF_CODE": 338282000000.0,
    "PF_TYPE": 5,
    "Shape_Leng": 0.5453355272,
    "Slope": 0.000583644858955,
    "TopElev": 518.0,
    "Tosegment": 3032730,
    "end_x": -105.11208333357894,
    "end_y": 57.08291666657095,
    "flow_acc": 592.431,
    "seg_id": 3016567,
    "start_x": -105.52916666640851,
    "start_y": 56.88166666688329,
    "islake": 0,
    "lakeId": 0,
    "RATEACV": 0.0,
    "RATEBCV": 0.0,
    "lake_Vol": 0.0
  }
}