{
  "data": {
    "BotElev": 729.0,
    "Length": 22110.61858757307,
    "OBJECTID": null,
    "PFAF": "312852",
    "PFAF_CODE": 312852000000.0,
    "PF_TYPE": 5,
    "Shape_Leng": 0.20492938299,
    "Slope": 0.011894737316296,
    "TopElev": 992.0,
    "Tosegment": 3039472,
    "end_x": -117.6545833333347,
    "end_y": 51.73541666666773,
    "flow_acc": 577.92,
    "seg_id": 3016174,
    "start_x": -117.74166666666815,
    "start_y": 51.61083333333431,
    "islake": 0,
    "lakeId": 0,
    "RATEACV": 0.0,
    "RATEBCV": 0.0,
    "lake_Vol": 0.0
  }
}