{
  "data": {
    "BotElev": 136.0,
    "Length": 15911.956370971133,
    "OBJECTID": null,
    "PFAF": "3235763",
    "PFAF_CODE": 323576300000.0,
    "PF_TYPE": 5,
    "Shape_Leng": 0.19669101718,
    "Slope": 0.00232529546571,
    "TopElev": 173.0,
    "Tosegment": 3026636,
    "end_x": -123.7802083333334,
    "end_y": 63.13006944444436,
    "flow_acc": 581.403,
    "seg_id": 3016270,
    "start_x": -123.88854166666681,
    "start_y": 63.00611111111118,
    "islake": 0,
    "lakeId": 0,
    "RATEACV": 0.0,
    "RATEBCV": 0.0,
    "lake_Vol": 0.0
  }
}