{
  "data": {
    "BotElev": 442.0,
    "Length": 54356.193449509825,
    "OBJECTID": null,
    "PFAF": "338564",
    "PFAF_CODE": 338564000000.0,
    "PF_TYPE": 5,
    "Shape_Leng": 0.5065825532,
    "Slope": 0.000827872541182,
    "TopElev": 487.0,
    "Tosegment": 3034890,
    "end_x": -106.54708333322912,
    "end_y": 56.30958333310451,
    "flow_acc": 582.775,
    "seg_id": 3016308,
    "start_x": -106.84541666674573,
    "start_y": 56.49249999997511,
    "islake": 0,
    "lakeId": 0,
    "RATEACV": 0.0,
    "RATEBCV": 0.0,
    "lake_Vol": 0.0
  }
}