{
  "data": {
    "BotElev": 1136.0,
    "Length": 55436.81339052552,
    "OBJECTID": null,
    "PFAF": "3428622",
    "PFAF_CODE": 342862200000.0,
    "PF_TYPE": 6,
    "Shape_Leng": 0.56482196941,
    "Slope": 0.005826453222061,
    "TopElev": 1459.0,
    "Tosegment": 3028312,
    "end_x": -114.2029166666689,
    "end_y": 50.73291666666768,
    "flow_acc": 611.863,
    "seg_id": 3017071,
    "start_x": -114.65333333333541,
    "start_y": 50.6429166666677,
    "islake": 0,
    "lakeId": 0,
    "RATEACV": 0.0,
    "RATEBCV": 0.0,
    "lake_Vol": 0.0
  }
}