{
  "data": {
    "BotElev": 6.0,
    "Length": 17631.90712112808,
    "OBJECTID": null,
    "PFAF": "315556",
    "PFAF_CODE": 315556000000.0,
    "PF_TYPE": 5,
    "Shape_Leng": 0.18181770072,
    "Slope": 0.02206227592555,
    "TopElev": 395.0,
    "Tosegment": -9999,
    "end_x": -137.03708333332975,
    "end_y": 59.06208333333228,
    "flow_acc": 621.795,
    "seg_id": 3017294,
    "start_x": -137.18833333332952,
    "start_y": 59.07624999999888,
    "islake": 0,
    "lakeId": 0,
    "RATEACV": 0.0,
    "RATEBCV": 0.0,
    "lake_Vol": 0.0
  }
}