{
  "data": {
    "BotElev": 576.0,
    "Length": 59465.68745486696,
    "OBJECTID": null,
    "PFAF": "349743",
    "PFAF_CODE": 349743000000.0,
    "PF_TYPE": 4,
    "Shape_Leng": 0.49435921677,
    "Slope": 0.001126700167233,
    "TopElev": 643.0,
    "Tosegment": 3026683,
    "end_x": -103.16875000000499,
    "end_y": 50.813750000000994,
    "flow_acc": 647.607,
    "seg_id": 3017913,
    "start_x": -103.33083333333838,
    "start_y": 51.07916666666762,
    "islake": 0,
    "lakeId": 0,
    "RATEACV": 0.0,
    "RATEBCV": 0.0,
    "lake_Vol": 0.0
  }
}