{
  "data": {
    "BotElev": 673.0,
    "Length": 25679.01053873372,
    "OBJECTID": null,
    "PFAF": "31896363",
    "PFAF_CODE": 318963630000.0,
    "PF_TYPE": 6,
    "Shape_Leng": 0.28727265201,
    "Slope": 0.003426923318064,
    "TopElev": 761.0,
    "Tosegment": 3026593,
    "end_x": -134.46562500000005,
    "end_y": 60.6800694444446,
    "flow_acc": 617.636,
    "seg_id": 3017203,
    "start_x": -134.21041666666667,
    "start_y": 60.683194444444496,
    "islake": 0,
    "lakeId": 0,
    "RATEACV": 0.0,
    "RATEBCV": 0.0,
    "lake_Vol": 0.0
  }
}