{
  "data": {
    "BotElev": 571.0,
    "Length": 17917.905196132386,
    "OBJECTID": null,
    "PFAF": "34074",
    "PFAF_CODE": 340740000000.0,
    "PF_TYPE": 4,
    "Shape_Leng": 0.18194122762,
    "Slope": 0.001060391814334,
    "TopElev": 590.0,
    "Tosegment": -9999,
    "end_x": -107.94125000000383,
    "end_y": 51.361250000000894,
    "flow_acc": 619.531,
    "seg_id": 3017237,
    "start_x": -108.04833333333715,
    "start_y": 51.25250000000102,
    "islake": 0,
    "lakeId": 0,
    "RATEACV": 0.0,
    "RATEBCV": 0.0,
    "lake_Vol": 0.0
  }
}