{
  "data": {
    "BotElev": 825.0,
    "Length": 25225.927711729702,
    "OBJECTID": null,
    "PFAF": "3145842",
    "PFAF_CODE": 314584200000.0,
    "PF_TYPE": 6,
    "Shape_Leng": 0.18473226296,
    "Slope": 0.005034502653433,
    "TopElev": 952.0,
    "Tosegment": 3034805,
    "end_x": -123.57291666666652,
    "end_y": 53.0554166666671,
    "flow_acc": 646.367,
    "seg_id": 3017889,
    "start_x": -123.47249999999997,
    "start_y": 52.958750000000805,
    "islake": 0,
    "lakeId": 0,
    "RATEACV": 0.0,
    "RATEBCV": 0.0,
    "lake_Vol": 0.0
  }
}