{
  "data": {
    "BotElev": 714.0,
    "Length": 17563.30353342124,
    "OBJECTID": null,
    "PFAF": "314926",
    "PFAF_CODE": 314926000000.0,
    "PF_TYPE": 5,
    "Shape_Leng": 0.20659096911,
    "Slope": 0.003017655528138,
    "TopElev": 767.0,
    "Tosegment": 3034221,
    "end_x": -125.49374999999941,
    "end_y": 53.984583333333546,
    "flow_acc": 631.841,
    "seg_id": 3017551,
    "start_x": -125.66583333333267,
    "start_y": 53.923750000000325,
    "islake": 0,
    "lakeId": 0,
    "RATEACV": 0.0,
    "RATEBCV": 0.0,
    "lake_Vol": 0.0
  }
}