{
  "data": {
    "BotElev": 902.0,
    "Length": 48680.76480298473,
    "OBJECTID": null,
    "PFAF": "31894963",
    "PFAF_CODE": 318949630000.0,
    "PF_TYPE": 6,
    "Shape_Leng": 0.55757726039,
    "Slope": 0.002423955344119,
    "TopElev": 1020.0,
    "Tosegment": 3026974,
    "end_x": -130.140625,
    "end_y": 62.092569444444564,
    "flow_acc": 643.421,
    "seg_id": 3017827,
    "start_x": -129.73958333333343,
    "start_y": 62.14673611111107,
    "islake": 0,
    "lakeId": 0,
    "RATEACV": 0.0,
    "RATEBCV": 0.0,
    "lake_Vol": 0.0
  }
}