{
  "data": {
    "BotElev": 169.0,
    "Length": 39715.55630087162,
    "OBJECTID": null,
    "PFAF": "326167",
    "PFAF_CODE": 326167000000.0,
    "PF_TYPE": 4,
    "Shape_Leng": 0.56117709802,
    "Slope": 0.002845232712944,
    "TopElev": 282.0,
    "Tosegment": 3026050,
    "end_x": -111.72187500000007,
    "end_y": 61.659236111111056,
    "flow_acc": 635.612,
    "seg_id": 3017645,
    "start_x": -111.25208333333347,
    "start_y": 61.838402777777844,
    "islake": 0,
    "lakeId": 0,
    "RATEACV": 0.0,
    "RATEBCV": 0.0,
    "lake_Vol": 0.0
  }
}