{
  "data": {
    "BotElev": 221.0,
    "Length": 21924.48069903387,
    "OBJECTID": null,
    "PFAF": "327942",
    "PFAF_CODE": 327942000000.0,
    "PF_TYPE": 5,
    "Shape_Leng": 0.24727054758,
    "Slope": 0.001322722321139,
    "TopElev": 250.0,
    "Tosegment": 3034753,
    "end_x": -111.25729166666679,
    "end_y": 59.68006944444443,
    "flow_acc": 622.218,
    "seg_id": 3017303,
    "start_x": -111.04791666666677,
    "start_y": 59.67486111111111,
    "islake": 0,
    "lakeId": 0,
    "RATEACV": 0.0,
    "RATEBCV": 0.0,
    "lake_Vol": 0.0
  }
}