{
  "data": {
    "BotElev": 295.0,
    "Length": 40625.77654929154,
    "OBJECTID": null,
    "PFAF": "327278",
    "PFAF_CODE": 327278000000.0,
    "PF_TYPE": 5,
    "Shape_Leng": 0.49829425181,
    "Slope": 0.003839926599575,
    "TopElev": 451.0,
    "Tosegment": 3036640,
    "end_x": -118.66770833333345,
    "end_y": 60.50506944444447,
    "flow_acc": 611.266,
    "seg_id": 3017055,
    "start_x": -119.02083333333343,
    "start_y": 60.284236111111056,
    "islake": 0,
    "lakeId": 0,
    "RATEACV": 0.0,
    "RATEBCV": 0.0,
    "lake_Vol": 0.0
  }
}