{
  "data": {
    "BotElev": 653.0,
    "Length": 13679.087251692037,
    "OBJECTID": null,
    "PFAF": "34072",
    "PFAF_CODE": 340720000000.0,
    "PF_TYPE": 4,
    "Shape_Leng": 0.08629485322,
    "Slope": 0.000511730049761,
    "TopElev": 660.0,
    "Tosegment": -9999,
    "end_x": -109.12625000000355,
    "end_y": 51.2737500000008,
    "flow_acc": 645.666,
    "seg_id": 3017880,
    "start_x": -109.16375000000352,
    "start_y": 51.34333333333433,
    "islake": 0,
    "lakeId": 0,
    "RATEACV": 0.0,
    "RATEBCV": 0.0,
    "lake_Vol": 0.0
  }
}