{
  "data": {
    "BotElev": 851.0,
    "Length": 29916.353505460273,
    "OBJECTID": null,
    "PFAF": "329928",
    "PFAF_CODE": 329928000000.0,
    "PF_TYPE": 5,
    "Shape_Leng": 0.30919101718,
    "Slope": 0.003743771779524,
    "TopElev": 963.0,
    "Tosegment": 3030740,
    "end_x": -125.77604166666674,
    "end_y": 55.91131944444436,
    "flow_acc": 620.289,
    "seg_id": 3017251,
    "start_x": -126.05000000000013,
    "start_y": 55.907152777777924,
    "islake": 0,
    "lakeId": 0,
    "RATEACV": 0.0,
    "RATEBCV": 0.0,
    "lake_Vol": 0.0
  }
}