{
  "data": {
    "BotElev": 369.0,
    "Length": 50980.82164587461,
    "OBJECTID": null,
    "PFAF": "315272",
    "PFAF_CODE": 315272000000.0,
    "PF_TYPE": 5,
    "Shape_Leng": 0.43096578858,
    "Slope": 0.005099957034942,
    "TopElev": 629.0,
    "Tosegment": 3039476,
    "end_x": -127.92124999999879,
    "end_y": 55.8312499999999,
    "flow_acc": 613.324,
    "seg_id": 3017108,
    "start_x": -128.26083333333196,
    "start_y": 55.97708333333327,
    "islake": 0,
    "lakeId": 0,
    "RATEACV": 0.0,
    "RATEBCV": 0.0,
    "lake_Vol": 0.0
  }
}