{
  "data": {
    "BotElev": 697.0,
    "Length": 25642.15279644018,
    "OBJECTID": null,
    "PFAF": "34244723",
    "PFAF_CODE": 342447230000.0,
    "PF_TYPE": 6,
    "Shape_Leng": 0.23481601718,
    "Slope": 0.0,
    "TopElev": 697.0,
    "Tosegment": 3026134,
    "end_x": -112.53291666666934,
    "end_y": 52.87125000000054,
    "flow_acc": 647.788,
    "seg_id": 3017919,
    "start_x": -112.32916666666932,
    "start_y": 52.81958333333375,
    "islake": 0,
    "lakeId": 0,
    "RATEACV": 0.0,
    "RATEBCV": 0.0,
    "lake_Vol": 0.0
  }
}