{
  "data": {
    "BotElev": 968.0,
    "Length": 49270.400514770314,
    "OBJECTID": null,
    "PFAF": "3145862",
    "PFAF_CODE": 314586200000.0,
    "PF_TYPE": 6,
    "Shape_Leng": 0.48910200188,
    "Slope": 0.003795382177661,
    "TopElev": 1155.0,
    "Tosegment": 3029706,
    "end_x": -123.80624999999986,
    "end_y": 53.00791666666714,
    "flow_acc": 630.911,
    "seg_id": 3017526,
    "start_x": -124.21833333333302,
    "start_y": 52.989166666667415,
    "islake": 0,
    "lakeId": 0,
    "RATEACV": 0.0,
    "RATEBCV": 0.0,
    "lake_Vol": 0.0
  }
}