{
  "data": {
    "BotElev": 70.0,
    "Length": 37323.424332379065,
    "OBJECTID": null,
    "PFAF": "3151929",
    "PFAF_CODE": 315192900000.0,
    "PF_TYPE": 5,
    "Shape_Leng": 0.30555630689,
    "Slope": 0.00442081622872,
    "TopElev": 235.0,
    "Tosegment": 3022876,
    "end_x": -127.50541666666561,
    "end_y": 53.0554166666671,
    "flow_acc": 609.914,
    "seg_id": 3017022,
    "start_x": -127.44083333333208,
    "start_y": 52.876666666667234,
    "islake": 0,
    "lakeId": 0,
    "RATEACV": 0.0,
    "RATEBCV": 0.0,
    "lake_Vol": 0.0
  }
}