{
  "data": {
    "BotElev": 438.0,
    "Length": 33222.27023773463,
    "OBJECTID": null,
    "PFAF": "3421692",
    "PFAF_CODE": 342169200000.0,
    "PF_TYPE": 6,
    "Shape_Leng": 0.24717303978,
    "Slope": 0.000301002909447,
    "TopElev": 448.0,
    "Tosegment": 3030947,
    "end_x": -104.90291666667122,
    "end_y": 53.02458333333385,
    "flow_acc": 633.672,
    "seg_id": 3017599,
    "start_x": -104.8537500000046,
    "start_y": 52.84833333333387,
    "islake": 0,
    "lakeId": 0,
    "RATEACV": 0.0,
    "RATEBCV": 0.0,
    "lake_Vol": 0.0
  }
}