{
  "data": {
    "BotElev": 630.0,
    "Length": 31130.873721801385,
    "OBJECTID": null,
    "PFAF": "31259442",
    "PFAF_CODE": 312594420000.0,
    "PF_TYPE": 7,
    "Shape_Leng": 0.30541332949,
    "Slope": 0.008255470190033,
    "TopElev": 887.0,
    "Tosegment": 3030326,
    "end_x": -118.46458333333459,
    "end_y": 49.364583333334906,
    "flow_acc": 622.314,
    "seg_id": 3017305,
    "start_x": -118.32916666666785,
    "start_y": 49.571666666668364,
    "islake": 0,
    "lakeId": 0,
    "RATEACV": 0.0,
    "RATEBCV": 0.0,
    "lake_Vol": 0.0
  }
}