{
  "data": {
    "BotElev": 516.0,
    "Length": 45962.3568187645,
    "OBJECTID": null,
    "PFAF": "344999043",
    "PFAF_CODE": 344999043000.0,
    "PF_TYPE": 7,
    "Shape_Leng": 0.32293786053,
    "Slope": 0.000783249652361,
    "TopElev": 552.0,
    "Tosegment": 3026673,
    "end_x": -104.47458333333805,
    "end_y": 52.00125000000082,
    "flow_acc": 610.721,
    "seg_id": 3017046,
    "start_x": -104.55500000000472,
    "start_y": 52.25166666666729,
    "islake": 0,
    "lakeId": 0,
    "RATEACV": 0.0,
    "RATEBCV": 0.0,
    "lake_Vol": 0.0
  }
}