{
  "data": {
    "BotElev": 340.0,
    "Length": 19824.590380981233,
    "OBJECTID": null,
    "PFAF": "3186828",
    "PFAF_CODE": 318682800000.0,
    "PF_TYPE": 6,
    "Shape_Leng": 0.30933907512,
    "Slope": 0.007768130238279,
    "TopElev": 494.0,
    "Tosegment": 3029415,
    "end_x": -136.59895833333343,
    "end_y": 66.39673611111112,
    "flow_acc": 663.908,
    "seg_id": 3018282,
    "start_x": -136.3416666666668,
    "start_y": 66.49465277777784,
    "islake": 0,
    "lakeId": 0,
    "RATEACV": 0.0,
    "RATEBCV": 0.0,
    "lake_Vol": 0.0
  }
}