{
  "data": {
    "BotElev": 779.0,
    "Length": 11766.504447978074,
    "OBJECTID": null,
    "PFAF": "31895881",
    "PFAF_CODE": 318958810000.0,
    "PF_TYPE": 6,
    "Shape_Leng": 0.13621828398,
    "Slope": 0.006968934602671,
    "TopElev": 861.0,
    "Tosegment": 3033667,
    "end_x": -133.33645833333338,
    "end_y": 61.311319444444564,
    "flow_acc": 655.058,
    "seg_id": 3018085,
    "start_x": -133.46145833333344,
    "start_y": 61.31340277777781,
    "islake": 0,
    "lakeId": 0,
    "RATEACV": 0.0,
    "RATEBCV": 0.0,
    "lake_Vol": 0.0
  }
}