{
  "data": {
    "BotElev": 694.0,
    "Length": 36657.60927674207,
    "OBJECTID": null,
    "PFAF": "3424462",
    "PFAF_CODE": 342446200000.0,
    "PF_TYPE": 6,
    "Shape_Leng": 0.35638455967,
    "Slope": 0.001936842074561,
    "TopElev": 765.0,
    "Tosegment": 3028408,
    "end_x": -112.45291666666935,
    "end_y": 52.55291666666733,
    "flow_acc": 658.647,
    "seg_id": 3018165,
    "start_x": -112.52500000000259,
    "start_y": 52.412916666667286,
    "islake": 0,
    "lakeId": 0,
    "RATEACV": 0.0,
    "RATEBCV": 0.0,
    "lake_Vol": 0.0
  }
}