{
  "data": {
    "BotElev": 338.0,
    "Length": 17344.2339743911,
    "OBJECTID": null,
    "PFAF": "3276445",
    "PFAF_CODE": 327644500000.0,
    "PF_TYPE": 5,
    "Shape_Leng": 0.20036488378,
    "Slope": 0.00063421653653,
    "TopElev": 349.0,
    "Tosegment": 3023112,
    "end_x": -109.53645833333343,
    "end_y": 60.39465277777788,
    "flow_acc": 685.074,
    "seg_id": 3018735,
    "start_x": -109.40208333333351,
    "start_y": 60.50194444444452,
    "islake": 0,
    "lakeId": 0,
    "RATEACV": 0.0,
    "RATEBCV": 0.0,
    "lake_Vol": 0.0
  }
}