{
  "data": {
    "BotElev": 789.0,
    "Length": 18164.17056377536,
    "OBJECTID": null,
    "PFAF": "3899444",
    "PFAF_CODE": 389944400000.0,
    "PF_TYPE": 6,
    "Shape_Leng": 0.13946067812,
    "Slope": 0.000825801538657,
    "TopElev": 804.0,
    "Tosegment": 3035534,
    "end_x": -107.71291666666423,
    "end_y": 49.23041666666467,
    "flow_acc": 670.036,
    "seg_id": 3018418,
    "start_x": -107.71999999999764,
    "start_y": 49.32874999999791,
    "islake": 0,
    "lakeId": 0,
    "RATEACV": 0.0,
    "RATEBCV": 0.0,
    "lake_Vol": 0.0
  }
}