{
  "data": {
    "BotElev": 5.0,
    "Length": 30719.970342047756,
    "OBJECTID": null,
    "PFAF": "315578",
    "PFAF_CODE": 315578000000.0,
    "PF_TYPE": 5,
    "Shape_Leng": 0.28789554758,
    "Slope": 0.017350277167112,
    "TopElev": 538.0,
    "Tosegment": -9999,
    "end_x": -138.91458333333338,
    "end_y": 59.8102777777778,
    "flow_acc": 664.09,
    "seg_id": 3018285,
    "start_x": -138.66250000000002,
    "start_y": 59.73215277777791,
    "islake": 0,
    "lakeId": 0,
    "RATEACV": 0.0,
    "RATEBCV": 0.0,
    "lake_Vol": 0.0
  }
}