{
  "data": {
    "BotElev": 704.0,
    "Length": 40905.321444769485,
    "OBJECTID": null,
    "PFAF": "329989",
    "PFAF_CODE": 329989000000.0,
    "PF_TYPE": 4,
    "Shape_Leng": 0.33579425181,
    "Slope": 0.000268913667256,
    "TopElev": 715.0,
    "Tosegment": 3028838,
    "end_x": -122.75104166666677,
    "end_y": 54.55298611111124,
    "flow_acc": 669.658,
    "seg_id": 3018409,
    "start_x": -122.65520833333346,
    "start_y": 54.34569444444446,
    "islake": 0,
    "lakeId": 0,
    "RATEACV": 0.0,
    "RATEBCV": 0.0,
    "lake_Vol": 0.0
  }
}