{
  "data": {
    "BotElev": 222.0,
    "Length": 50820.979887431015,
    "OBJECTID": null,
    "PFAF": "322992",
    "PFAF_CODE": 322992000000.0,
    "PF_TYPE": 5,
    "Shape_Leng": 0.64359886019,
    "Slope": 0.004033767165727,
    "TopElev": 427.0,
    "Tosegment": 3027282,
    "end_x": -119.07187500000009,
    "end_y": 67.11756944444443,
    "flow_acc": 658.154,
    "seg_id": 3018150,
    "start_x": -118.76458333333346,
    "start_y": 67.4519444444445,
    "islake": 0,
    "lakeId": 0,
    "RATEACV": 0.0,
    "RATEBCV": 0.0,
    "lake_Vol": 0.0
  }
}