{
  "data": {
    "BotElev": 372.0,
    "Length": 43074.39302659756,
    "OBJECTID": null,
    "PFAF": "324434",
    "PFAF_CODE": 324434000000.0,
    "PF_TYPE": 5,
    "Shape_Leng": 0.5259698169,
    "Slope": 0.003018034402011,
    "TopElev": 502.0,
    "Tosegment": 3039814,
    "end_x": -121.85312500000003,
    "end_y": 59.84881944444453,
    "flow_acc": 658.239,
    "seg_id": 3018152,
    "start_x": -122.22708333333344,
    "start_y": 59.71756944444445,
    "islake": 0,
    "lakeId": 0,
    "RATEACV": 0.0,
    "RATEBCV": 0.0,
    "lake_Vol": 0.0
  }
}