{
  "data": {
    "BotElev": 62.0,
    "Length": 28754.14843822679,
    "OBJECTID": null,
    "PFAF": "3155493",
    "PFAF_CODE": 315549300000.0,
    "PF_TYPE": 4,
    "Shape_Leng": 0.33114766697,
    "Slope": 0.005007973034199,
    "TopElev": 206.0,
    "Tosegment": 3024191,
    "end_x": -135.9820833333299,
    "end_y": 59.612083333332066,
    "flow_acc": 662.253,
    "seg_id": 3018237,
    "start_x": -135.7891666666634,
    "start_y": 59.74291666666568,
    "islake": 0,
    "lakeId": 0,
    "RATEACV": 0.0,
    "RATEBCV": 0.0,
    "lake_Vol": 0.0
  }
}