{
  "data": {
    "BotElev": 35.0,
    "Length": 35081.95435329641,
    "OBJECTID": null,
    "PFAF": "321564",
    "PFAF_CODE": 321564000000.0,
    "PF_TYPE": 5,
    "Shape_Leng": 0.42982766633,
    "Slope": 0.001339720117263,
    "TopElev": 82.0,
    "Tosegment": 3034724,
    "end_x": -130.64270833333342,
    "end_y": 66.53006944444445,
    "flow_acc": 677.751,
    "seg_id": 3018594,
    "start_x": -130.27500000000003,
    "start_y": 66.43944444444446,
    "islake": 0,
    "lakeId": 0,
    "RATEACV": 0.0,
    "RATEBCV": 0.0,
    "lake_Vol": 0.0
  }
}