{
  "data": {
    "BotElev": 370.0,
    "Length": 56436.44189312691,
    "OBJECTID": null,
    "PFAF": "3284945",
    "PFAF_CODE": 328494500000.0,
    "PF_TYPE": 5,
    "Shape_Leng": 0.63446390954,
    "Slope": 0.000903671427348,
    "TopElev": 421.0,
    "Tosegment": 3028366,
    "end_x": -103.73645833333347,
    "end_y": 59.53631944444447,
    "flow_acc": 664.187,
    "seg_id": 3018288,
    "start_x": -103.42083333333346,
    "start_y": 59.4165277777779,
    "islake": 0,
    "lakeId": 0,
    "RATEACV": 0.0,
    "RATEBCV": 0.0,
    "lake_Vol": 0.0
  }
}