{
  "data": {
    "BotElev": 418.0,
    "Length": 54762.159825297545,
    "OBJECTID": null,
    "PFAF": "3284683",
    "PFAF_CODE": 328468300000.0,
    "PF_TYPE": 5,
    "Shape_Leng": 0.56449352113,
    "Slope": 0.001625209821598,
    "TopElev": 507.0,
    "Tosegment": 3029104,
    "end_x": -105.5302083333334,
    "end_y": 58.11340277777782,
    "flow_acc": 671.156,
    "seg_id": 3018445,
    "start_x": -105.5729166666668,
    "start_y": 57.851944444444484,
    "islake": 0,
    "lakeId": 0,
    "RATEACV": 0.0,
    "RATEBCV": 0.0,
    "lake_Vol": 0.0
  }
}