{
  "data": {
    "BotElev": 348.0,
    "Length": 38381.810556430166,
    "OBJECTID": null,
    "PFAF": "315424",
    "PFAF_CODE": 315424000000.0,
    "PF_TYPE": 5,
    "Shape_Leng": 0.36827287741,
    "Slope": 0.005888205812171,
    "TopElev": 574.0,
    "Tosegment": 3036725,
    "end_x": -130.35124999999812,
    "end_y": 56.94041666666624,
    "flow_acc": 670.019,
    "seg_id": 3018417,
    "start_x": -130.0441666666648,
    "start_y": 56.88499999999971,
    "islake": 0,
    "lakeId": 0,
    "RATEACV": 0.0,
    "RATEBCV": 0.0,
    "lake_Vol": 0.0
  }
}