{
  "data": {
    "BotElev": 1004.0,
    "Length": 44471.92867403674,
    "OBJECTID": null,
    "PFAF": "3144663",
    "PFAF_CODE": 314466300000.0,
    "PF_TYPE": 5,
    "Shape_Leng": 0.38127119387,
    "Slope": 0.0043623023733,
    "TopElev": 1198.0,
    "Tosegment": 3023717,
    "end_x": -124.11708333333314,
    "end_y": 52.34125000000091,
    "flow_acc": 653.154,
    "seg_id": 3018043,
    "start_x": -124.41583333333301,
    "start_y": 52.42000000000087,
    "islake": 0,
    "lakeId": 0,
    "RATEACV": 0.0,
    "RATEBCV": 0.0,
    "lake_Vol": 0.0
  }
}