{
  "data": {
    "BotElev": 565.0,
    "Length": 31502.41539756885,
    "OBJECTID": null,
    "PFAF": "3238421",
    "PFAF_CODE": 323842100000.0,
    "PF_TYPE": 5,
    "Shape_Leng": 0.3580880229,
    "Slope": 0.005047232029461,
    "TopElev": 724.0,
    "Tosegment": 3033131,
    "end_x": -124.24062500000008,
    "end_y": 61.81756944444453,
    "flow_acc": 689.824,
    "seg_id": 3018829,
    "start_x": -124.50104166666677,
    "start_y": 61.78631944444453,
    "islake": 0,
    "lakeId": 0,
    "RATEACV": 0.0,
    "RATEBCV": 0.0,
    "lake_Vol": 0.0
  }
}