{
  "data": {
    "BotElev": 260.0,
    "Length": 34268.70902404856,
    "OBJECTID": null,
    "PFAF": "334854",
    "PFAF_CODE": 334854000000.0,
    "PF_TYPE": 5,
    "Shape_Leng": 0.39003494904,
    "Slope": 0.001896774108251,
    "TopElev": 325.0,
    "Tosegment": 3038155,
    "end_x": -105.89895833376005,
    "end_y": 64.66340277761617,
    "flow_acc": 698.474,
    "seg_id": 3018993,
    "start_x": -106.22499999985001,
    "start_y": 64.75194444418077,
    "islake": 0,
    "lakeId": 0,
    "RATEACV": 0.0,
    "RATEBCV": 0.0,
    "lake_Vol": 0.0
  }
}