{
  "data": {
    "BotElev": 329.0,
    "Length": 8972.488570508223,
    "OBJECTID": null,
    "PFAF": "338341",
    "PFAF_CODE": 338341000000.0,
    "PF_TYPE": 4,
    "Shape_Leng": 0.07067598621,
    "Slope": 0.002229035996294,
    "TopElev": 349.0,
    "Tosegment": 3044170,
    "end_x": -103.86625000033723,
    "end_y": 55.3620833333793,
    "flow_acc": 685.69,
    "seg_id": 3018744,
    "start_x": -103.8412500003871,
    "start_y": 55.3170833329296,
    "islake": 0,
    "lakeId": 0,
    "RATEACV": 0.0,
    "RATEBCV": 0.0,
    "lake_Vol": 0.0
  }
}