{
  "data": {
    "BotElev": 210.0,
    "Length": 37728.350966243735,
    "OBJECTID": null,
    "PFAF": "327962",
    "PFAF_CODE": 327962000000.0,
    "PF_TYPE": 5,
    "Shape_Leng": 0.48046852433,
    "Slope": 0.001139726462958,
    "TopElev": 253.0,
    "Tosegment": 3028914,
    "end_x": -111.26770833333336,
    "end_y": 59.37590277777781,
    "flow_acc": 674.386,
    "seg_id": 3018507,
    "start_x": -111.00625000000014,
    "start_y": 59.49048611111118,
    "islake": 0,
    "lakeId": 0,
    "RATEACV": 0.0,
    "RATEBCV": 0.0,
    "lake_Vol": 0.0
  }
}