{
  "data": {
    "BotElev": 784.0,
    "Length": 43995.228737249,
    "OBJECTID": null,
    "PFAF": "3129932",
    "PFAF_CODE": 312993200000.0,
    "PF_TYPE": 6,
    "Shape_Leng": 0.41520604837,
    "Slope": 0.010387490032824,
    "TopElev": 1241.0,
    "Tosegment": 3037470,
    "end_x": -115.76125000000201,
    "end_y": 49.92875000000129,
    "flow_acc": 662.439,
    "seg_id": 3018239,
    "start_x": -116.0250000000018,
    "start_y": 49.96375000000137,
    "islake": 0,
    "lakeId": 0,
    "RATEACV": 0.0,
    "RATEBCV": 0.0,
    "lake_Vol": 0.0
  }
}