{
  "data": {
    "BotElev": 157.0,
    "Length": 58509.35737141331,
    "OBJECTID": null,
    "PFAF": "326412",
    "PFAF_CODE": 326412000000.0,
    "PF_TYPE": 5,
    "Shape_Leng": 0.61345711554,
    "Slope": 0.00041019079816,
    "TopElev": 181.0,
    "Tosegment": 3040509,
    "end_x": -114.32812500000011,
    "end_y": 62.15923611111117,
    "flow_acc": 724.486,
    "seg_id": 3019499,
    "start_x": -113.98333333333346,
    "start_y": 62.474861111111125,
    "islake": 0,
    "lakeId": 0,
    "RATEACV": 0.0,
    "RATEBCV": 0.0,
    "lake_Vol": 0.0
  }
}