{
  "data": {
    "BotElev": 378.0,
    "Length": 59382.04975311078,
    "OBJECTID": null,
    "PFAF": "3284168",
    "PFAF_CODE": 328416800000.0,
    "PF_TYPE": 6,
    "Shape_Leng": 0.58309546319,
    "Slope": 0.001263007934415,
    "TopElev": 453.0,
    "Tosegment": 3033534,
    "end_x": -108.8072916666668,
    "end_y": 58.54673611111116,
    "flow_acc": 732.802,
    "seg_id": 3019669,
    "start_x": -108.52916666666681,
    "start_y": 58.31861111111118,
    "islake": 0,
    "lakeId": 0,
    "RATEACV": 0.0,
    "RATEBCV": 0.0,
    "lake_Vol": 0.0
  }
}