{
  "data": {
    "BotElev": 168.0,
    "Length": 63556.70559669738,
    "OBJECTID": null,
    "PFAF": "32782",
    "PFAF_CODE": 327820000000.0,
    "PF_TYPE": 4,
    "Shape_Leng": 0.69386957335,
    "Slope": 0.000582157298001,
    "TopElev": 205.0,
    "Tosegment": 3036943,
    "end_x": -112.7447916666668,
    "end_y": 60.380069444444416,
    "flow_acc": 709.55,
    "seg_id": 3019219,
    "start_x": -113.25833333333344,
    "start_y": 60.3123611111111,
    "islake": 0,
    "lakeId": 0,
    "RATEACV": 0.0,
    "RATEBCV": 0.0,
    "lake_Vol": 0.0
  }
}