{
  "data": {
    "BotElev": 1066.0,
    "Length": 36956.03703648332,
    "OBJECTID": null,
    "PFAF": "3294696",
    "PFAF_CODE": 329469600000.0,
    "PF_TYPE": 6,
    "Shape_Leng": 0.3967164199,
    "Slope": 0.009443653269842,
    "TopElev": 1415.0,
    "Tosegment": 3030990,
    "end_x": -119.41979166666675,
    "end_y": 53.68631944444439,
    "flow_acc": 726.037,
    "seg_id": 3019531,
    "start_x": -119.67708333333343,
    "start_y": 53.53423611111117,
    "islake": 0,
    "lakeId": 0,
    "RATEACV": 0.0,
    "RATEBCV": 0.0,
    "lake_Vol": 0.0
  }
}