{
  "data": {
    "BotElev": 633.0,
    "Length": 56164.69092723854,
    "OBJECTID": null,
    "PFAF": "3189476",
    "PFAF_CODE": 318947600000.0,
    "PF_TYPE": 6,
    "Shape_Leng": 0.720138588,
    "Slope": 0.004558023836215,
    "TopElev": 889.0,
    "Tosegment": 3041034,
    "end_x": -132.9510416666668,
    "end_y": 62.11340277777788,
    "flow_acc": 702.812,
    "seg_id": 3019085,
    "start_x": -132.29166666666657,
    "start_y": 62.182152777777844,
    "islake": 0,
    "lakeId": 0,
    "RATEACV": 0.0,
    "RATEBCV": 0.0,
    "lake_Vol": 0.0
  }
}