{
  "data": {
    "BotElev": 236.0,
    "Length": 60711.75964962634,
    "OBJECTID": null,
    "PFAF": "329122",
    "PFAF_CODE": 329122000000.0,
    "PF_TYPE": 5,
    "Shape_Leng": 0.62288818207,
    "Slope": 0.000428253111918,
    "TopElev": 262.0,
    "Tosegment": 3034762,
    "end_x": -113.14687500000014,
    "end_y": 59.04048611111119,
    "flow_acc": 714.932,
    "seg_id": 3019328,
    "start_x": -113.6041666666668,
    "start_y": 59.112361111111056,
    "islake": 0,
    "lakeId": 0,
    "RATEACV": 0.0,
    "RATEBCV": 0.0,
    "lake_Vol": 0.0
  }
}