{
  "data": {
    "BotElev": 316.0,
    "Length": 43949.256941867854,
    "OBJECTID": null,
    "PFAF": "3274365",
    "PFAF_CODE": 327436500000.0,
    "PF_TYPE": 5,
    "Shape_Leng": 0.40470501111,
    "Slope": 0.001524485387515,
    "TopElev": 383.0,
    "Tosegment": 3028164,
    "end_x": -116.72187500000007,
    "end_y": 59.69465277777789,
    "flow_acc": 732.444,
    "seg_id": 3019664,
    "start_x": -116.71250000000009,
    "start_y": 59.41236111111107,
    "islake": 0,
    "lakeId": 0,
    "RATEACV": 0.0,
    "RATEBCV": 0.0,
    "lake_Vol": 0.0
  }
}