{
  "data": {
    "BotElev": 516.0,
    "Length": 26227.957754273277,
    "OBJECTID": null,
    "PFAF": "3154385",
    "PFAF_CODE": 315438500000.0,
    "PF_TYPE": 5,
    "Shape_Leng": 0.33190232663,
    "Slope": 0.010713758296878,
    "TopElev": 797.0,
    "Tosegment": 3025378,
    "end_x": -131.31958333333125,
    "end_y": 58.12124999999935,
    "flow_acc": 722.672,
    "seg_id": 3019467,
    "start_x": -131.5774999999977,
    "start_y": 58.01166666666592,
    "islake": 0,
    "lakeId": 0,
    "RATEACV": 0.0,
    "RATEBCV": 0.0,
    "lake_Vol": 0.0
  }
}