{
  "data": {
    "BotElev": 122.0,
    "Length": 57668.95015368766,
    "OBJECTID": null,
    "PFAF": "32398",
    "PFAF_CODE": 323980000000.0,
    "PF_TYPE": 4,
    "Shape_Leng": 0.62296221104,
    "Slope": 0.002947860149126,
    "TopElev": 292.0,
    "Tosegment": 3045287,
    "end_x": -121.36770833333344,
    "end_y": 61.871736111111204,
    "flow_acc": 702.475,
    "seg_id": 3019083,
    "start_x": -121.16041666666672,
    "start_y": 62.2009027777778,
    "islake": 0,
    "lakeId": 0,
    "RATEACV": 0.0,
    "RATEBCV": 0.0,
    "lake_Vol": 0.0
  }
}