{
  "data": {
    "BotElev": 457.0,
    "Length": 71089.0455488938,
    "OBJECTID": null,
    "PFAF": "318832",
    "PFAF_CODE": 318832000000.0,
    "PF_TYPE": 5,
    "Shape_Leng": 0.93293470389,
    "Slope": 0.001884959897342,
    "TopElev": 591.0,
    "Tosegment": 3042299,
    "end_x": -137.23854166666666,
    "end_y": 63.50923611111119,
    "flow_acc": 710.689,
    "seg_id": 3019242,
    "start_x": -136.3729166666667,
    "start_y": 63.588402777777844,
    "islake": 0,
    "lakeId": 0,
    "RATEACV": 0.0,
    "RATEBCV": 0.0,
    "lake_Vol": 0.0
  }
}