{
  "data": {
    "BotElev": 984.0,
    "Length": 46571.24523457106,
    "OBJECTID": null,
    "PFAF": "3189827",
    "PFAF_CODE": 318982700000.0,
    "PF_TYPE": 5,
    "Shape_Leng": 0.49757936483,
    "Slope": 0.002684059646041,
    "TopElev": 1109.0,
    "Tosegment": 3026743,
    "end_x": -131.65729166666665,
    "end_y": 60.64465277777782,
    "flow_acc": 701.156,
    "seg_id": 3019050,
    "start_x": -131.2166666666667,
    "start_y": 60.59048611111132,
    "islake": 0,
    "lakeId": 0,
    "RATEACV": 0.0,
    "RATEBCV": 0.0,
    "lake_Vol": 0.0
  }
}