{
  "data": {
    "BotElev": 934.0,
    "Length": 20996.901062972036,
    "OBJECTID": null,
    "PFAF": "31894783",
    "PFAF_CODE": 318947830000.0,
    "PF_TYPE": 6,
    "Shape_Leng": 0.27765760266,
    "Slope": 0.005905633389809,
    "TopElev": 1058.0,
    "Tosegment": 3027310,
    "end_x": -132.89687500000002,
    "end_y": 61.85923611111133,
    "flow_acc": 739.828,
    "seg_id": 3019817,
    "start_x": -133.08750000000003,
    "start_y": 61.74361111111119,
    "islake": 0,
    "lakeId": 0,
    "RATEACV": 0.0,
    "RATEBCV": 0.0,
    "lake_Vol": 0.0
  }
}