{
  "data": {
    "BotElev": 214.0,
    "Length": 57477.21707259166,
    "OBJECTID": null,
    "PFAF": "332523",
    "PFAF_CODE": 332523000000.0,
    "PF_TYPE": 4,
    "Shape_Leng": 0.81190468589,
    "Slope": 0.001252670252094,
    "TopElev": 286.0,
    "Tosegment": 3026199,
    "end_x": -125.14895833306053,
    "end_y": 68.11548611139506,
    "flow_acc": 721.24,
    "seg_id": 3019435,
    "start_x": -124.51666666623362,
    "start_y": 68.18319444406836,
    "islake": 0,
    "lakeId": 0,
    "RATEACV": 0.0,
    "RATEBCV": 0.0,
    "lake_Vol": 0.0
  }
}