{
  "data": {
    "BotElev": 69.0,
    "Length": 29252.007586507538,
    "OBJECTID": null,
    "PFAF": "333362",
    "PFAF_CODE": 333362000000.0,
    "PF_TYPE": 5,
    "Shape_Leng": 0.28637377888,
    "Slope": 0.005332967302797,
    "TopElev": 225.0,
    "Tosegment": 3038798,
    "end_x": -117.30729166647717,
    "end_y": 67.99881944466176,
    "flow_acc": 746.29,
    "seg_id": 3019933,
    "start_x": -117.38750000002494,
    "start_y": 68.18736111102652,
    "islake": 0,
    "lakeId": 0,
    "RATEACV": 0.0,
    "RATEBCV": 0.0,
    "lake_Vol": 0.0
  }
}