{
  "data": {
    "BotElev": 767.0,
    "Length": 46617.4527165813,
    "OBJECTID": null,
    "PFAF": "3153299",
    "PFAF_CODE": 315329900000.0,
    "PF_TYPE": 4,
    "Shape_Leng": 0.37016206683,
    "Slope": 0.004998128091995,
    "TopElev": 1000.0,
    "Tosegment": 3028580,
    "end_x": -128.82124999999849,
    "end_y": 56.86291666666614,
    "flow_acc": 741.672,
    "seg_id": 3019842,
    "start_x": -129.03416666666521,
    "start_y": 57.085833333332744,
    "islake": 0,
    "lakeId": 0,
    "RATEACV": 0.0,
    "RATEBCV": 0.0,
    "lake_Vol": 0.0
  }
}