{
  "data": {
    "BotElev": 404.0,
    "Length": 28447.78381312951,
    "OBJECTID": null,
    "PFAF": "324543",
    "PFAF_CODE": 324543000000.0,
    "PF_TYPE": 4,
    "Shape_Leng": 0.33117070995,
    "Slope": 0.009069247773211,
    "TopElev": 662.0,
    "Tosegment": 3030390,
    "end_x": -124.01770833333342,
    "end_y": 60.600902777777776,
    "flow_acc": 714.38,
    "seg_id": 3019316,
    "start_x": -124.30833333333345,
    "start_y": 60.6227777777778,
    "islake": 0,
    "lakeId": 0,
    "RATEACV": 0.0,
    "RATEBCV": 0.0,
    "lake_Vol": 0.0
  }
}