{
  "data": {
    "BotElev": 852.0,
    "Length": 15668.971398459838,
    "OBJECTID": null,
    "PFAF": "342749021",
    "PFAF_CODE": 342749021000.0,
    "PF_TYPE": 5,
    "Shape_Leng": 0.10979359057,
    "Slope": 0.000127640797161,
    "TopElev": 854.0,
    "Tosegment": -9999,
    "end_x": -110.98375000000294,
    "end_y": 49.35125000000147,
    "flow_acc": 743.128,
    "seg_id": 3019870,
    "start_x": -110.89708333333641,
    "start_y": 49.295416666668075,
    "islake": 0,
    "lakeId": 0,
    "RATEACV": 0.0,
    "RATEBCV": 0.0,
    "lake_Vol": 0.0
  }
}