{
  "data": {
    "BotElev": 806.0,
    "Length": 30437.550359418055,
    "OBJECTID": null,
    "PFAF": "3189964",
    "PFAF_CODE": 318996400000.0,
    "PF_TYPE": 6,
    "Shape_Leng": 0.34656836196,
    "Slope": 0.004501019247024,
    "TopElev": 943.0,
    "Tosegment": 3035109,
    "end_x": -131.76770833333336,
    "end_y": 59.93006944444454,
    "flow_acc": 728.117,
    "seg_id": 3019580,
    "start_x": -131.63958333333346,
    "start_y": 60.155069444444564,
    "islake": 0,
    "lakeId": 0,
    "RATEACV": 0.0,
    "RATEBCV": 0.0,
    "lake_Vol": 0.0
  }
}