{
  "data": {
    "BotElev": 664.0,
    "Length": 31950.624804103667,
    "OBJECTID": null,
    "PFAF": "3154523",
    "PFAF_CODE": 315452300000.0,
    "PF_TYPE": 5,
    "Shape_Leng": 0.28403261761,
    "Slope": 0.003818391682417,
    "TopElev": 786.0,
    "Tosegment": 3029580,
    "end_x": -130.42541666666466,
    "end_y": 57.87291666666613,
    "flow_acc": 722.102,
    "seg_id": 3019454,
    "start_x": -130.3958333333315,
    "start_y": 57.659999999999286,
    "islake": 0,
    "lakeId": 0,
    "RATEACV": 0.0,
    "RATEBCV": 0.0,
    "lake_Vol": 0.0
  }
}