{
  "data": {
    "BotElev": 459.0,
    "Length": 45080.564200091554,
    "OBJECTID": null,
    "PFAF": "3247122",
    "PFAF_CODE": 324712200000.0,
    "PF_TYPE": 6,
    "Shape_Leng": 0.44600153292,
    "Slope": 0.002661901023851,
    "TopElev": 579.0,
    "Tosegment": 3033648,
    "end_x": -124.2802083333334,
    "end_y": 59.16340277777783,
    "flow_acc": 719.66,
    "seg_id": 3019406,
    "start_x": -124.52395833333333,
    "start_y": 59.316527777777765,
    "islake": 0,
    "lakeId": 0,
    "RATEACV": 0.0,
    "RATEBCV": 0.0,
    "lake_Vol": 0.0
  }
}