{
  "data": {
    "BotElev": 732.0,
    "Length": 30441.092755327078,
    "OBJECTID": null,
    "PFAF": "34256043",
    "PFAF_CODE": 342560430000.0,
    "PF_TYPE": 6,
    "Shape_Leng": 0.25664090288,
    "Slope": 0.00384348883072,
    "TopElev": 849.0,
    "Tosegment": 3028198,
    "end_x": -110.00458333333665,
    "end_y": 49.98375000000135,
    "flow_acc": 727.863,
    "seg_id": 3019575,
    "start_x": -110.0383333333366,
    "start_y": 49.83833333333462,
    "islake": 0,
    "lakeId": 0,
    "RATEACV": 0.0,
    "RATEBCV": 0.0,
    "lake_Vol": 0.0
  }
}