{
  "data": {
    "BotElev": 121.0,
    "Length": 34473.790303322516,
    "OBJECTID": null,
    "PFAF": "33236",
    "PFAF_CODE": 332360000000.0,
    "PF_TYPE": 4,
    "Shape_Leng": 0.51454214795,
    "Slope": 0.001479384760169,
    "TopElev": 172.0,
    "Tosegment": 3041857,
    "end_x": -126.53020833344777,
    "end_y": 68.56131944443695,
    "flow_acc": 743.977,
    "seg_id": 3019891,
    "start_x": -126.13749999962528,
    "start_y": 68.68006944464923,
    "islake": 0,
    "lakeId": 0,
    "RATEACV": 0.0,
    "RATEBCV": 0.0,
    "lake_Vol": 0.0
  }
}