{
  "data": {
    "BotElev": 365.0,
    "Length": 34671.20538856745,
    "OBJECTID": null,
    "PFAF": "333588",
    "PFAF_CODE": 333588000000.0,
    "PF_TYPE": 5,
    "Shape_Leng": 0.38652184177,
    "Slope": 0.001701700282375,
    "TopElev": 424.0,
    "Tosegment": 3034631,
    "end_x": -111.43645833348523,
    "end_y": 66.65090277814079,
    "flow_acc": 726.499,
    "seg_id": 3019544,
    "start_x": -111.3354166669456,
    "start_y": 66.47277777737264,
    "islake": 0,
    "lakeId": 0,
    "RATEACV": 0.0,
    "RATEBCV": 0.0,
    "lake_Vol": 0.0
  }
}