{
  "data": {
    "BotElev": 269.0,
    "Length": 36248.40136410345,
    "OBJECTID": null,
    "PFAF": "333369",
    "PFAF_CODE": 333369000000.0,
    "PF_TYPE": 4,
    "Shape_Leng": 0.59865169552,
    "Slope": 0.002896679468573,
    "TopElev": 374.0,
    "Tosegment": 3028116,
    "end_x": -118.94895833375995,
    "end_y": 67.85923611145756,
    "flow_acc": 771.841,
    "seg_id": 3020405,
    "start_x": -119.49374999986259,
    "start_y": 67.77798611117015,
    "islake": 0,
    "lakeId": 0,
    "RATEACV": 0.0,
    "RATEBCV": 0.0,
    "lake_Vol": 0.0
  }
}