{
  "data": {
    "BotElev": 505.0,
    "Length": 18422.868537169412,
    "OBJECTID": null,
    "PFAF": "31532941",
    "PFAF_CODE": 315329410000.0,
    "PF_TYPE": 6,
    "Shape_Leng": 0.18380711875,
    "Slope": 0.004071027258794,
    "TopElev": 580.0,
    "Tosegment": 3033877,
    "end_x": -128.31708333333205,
    "end_y": 56.5304166666665,
    "flow_acc": 753.778,
    "seg_id": 3020072,
    "start_x": -128.14874999999864,
    "start_y": 56.51874999999961,
    "islake": 0,
    "lakeId": 0,
    "RATEACV": 0.0,
    "RATEBCV": 0.0,
    "lake_Vol": 0.0
  }
}