{
  "data": {
    "BotElev": 194.0,
    "Length": 411.75002164513194,
    "OBJECTID": null,
    "PFAF": "3258483",
    "PFAF_CODE": 325848300000.0,
    "PF_TYPE": 5,
    "Shape_Leng": 0.00589255651,
    "Slope": 0.0,
    "TopElev": 194.0,
    "Tosegment": 3023739,
    "end_x": -116.66145833333343,
    "end_y": 62.04673611111116,
    "flow_acc": 770.479,
    "seg_id": 3020379,
    "start_x": -116.65729166666671,
    "start_y": 62.050902777777765,
    "islake": 0,
    "lakeId": 0,
    "RATEACV": 0.0,
    "RATEBCV": 0.0,
    "lake_Vol": 0.0
  }
}