{
  "data": {
    "BotElev": 360.0,
    "Length": 29806.828461457557,
    "OBJECTID": null,
    "PFAF": "333324",
    "PFAF_CODE": 333324000000.0,
    "PF_TYPE": 5,
    "Shape_Leng": 0.3995886686,
    "Slope": 0.001610369250189,
    "TopElev": 408.0,
    "Tosegment": 3038572,
    "end_x": -122.35937499975643,
    "end_y": 68.48006944414965,
    "flow_acc": 795.028,
    "seg_id": 3020802,
    "start_x": -122.50208333317926,
    "start_y": 68.37694444413097,
    "islake": 0,
    "lakeId": 0,
    "RATEACV": 0.0,
    "RATEBCV": 0.0,
    "lake_Vol": 0.0
  }
}