{
  "data": {
    "BotElev": 540.0,
    "Length": 30322.22955120468,
    "OBJECTID": null,
    "PFAF": "338697",
    "PFAF_CODE": 338697000000.0,
    "PF_TYPE": 3,
    "Shape_Leng": 0.26537355684,
    "Slope": 0.000890435841942,
    "TopElev": 567.0,
    "Tosegment": 3032567,
    "end_x": -109.93375000026225,
    "end_y": 55.74291666637123,
    "flow_acc": 799.665,
    "seg_id": 3020871,
    "start_x": -109.88333333366637,
    "start_y": 55.60124999968775,
    "islake": 0,
    "lakeId": 0,
    "RATEACV": 0.0,
    "RATEBCV": 0.0,
    "lake_Vol": 0.0
  }
}