{
  "data": {
    "BotElev": 40.0,
    "Length": 50496.65025652041,
    "OBJECTID": null,
    "PFAF": "315546",
    "PFAF_CODE": 315546000000.0,
    "PF_TYPE": 5,
    "Shape_Leng": 0.51667051446,
    "Slope": 0.004812200388849,
    "TopElev": 283.0,
    "Tosegment": 3032615,
    "end_x": -135.92624999999657,
    "end_y": 59.40291666666576,
    "flow_acc": 760.18,
    "seg_id": 3020181,
    "start_x": -136.38666666666325,
    "start_y": 59.456249999998875,
    "islake": 0,
    "lakeId": 0,
    "RATEACV": 0.0,
    "RATEBCV": 0.0,
    "lake_Vol": 0.0
  }
}