{
  "data": {
    "BotElev": 327.0,
    "Length": 38481.474286061566,
    "OBJECTID": null,
    "PFAF": "3276932",
    "PFAF_CODE": 327693200000.0,
    "PF_TYPE": 6,
    "Shape_Leng": 0.39089789237,
    "Slope": 0.00059769019838,
    "TopElev": 350.0,
    "Tosegment": 3040692,
    "end_x": -108.78437500000001,
    "end_y": 61.796736111111215,
    "flow_acc": 771.863,
    "seg_id": 3020406,
    "start_x": -108.57708333333346,
    "start_y": 61.62486111111116,
    "islake": 0,
    "lakeId": 0,
    "RATEACV": 0.0,
    "RATEBCV": 0.0,
    "lake_Vol": 0.0
  }
}