{
  "data": {
    "BotElev": 711.0,
    "Length": 46241.58991869245,
    "OBJECTID": null,
    "PFAF": "321248",
    "PFAF_CODE": 321248000000.0,
    "PF_TYPE": 5,
    "Shape_Leng": 0.59226633872,
    "Slope": 0.006206533999039,
    "TopElev": 998.0,
    "Tosegment": 3034404,
    "end_x": -133.5447916666668,
    "end_y": 64.65923611111117,
    "flow_acc": 773.466,
    "seg_id": 3020427,
    "start_x": -133.01250000000005,
    "start_y": 64.64569444444442,
    "islake": 0,
    "lakeId": 0,
    "RATEACV": 0.0,
    "RATEBCV": 0.0,
    "lake_Vol": 0.0
  }
}