{
  "data": {
    "BotElev": 572.0,
    "Length": 13135.209913858984,
    "OBJECTID": null,
    "PFAF": "31869921",
    "PFAF_CODE": 318699210000.0,
    "PF_TYPE": 6,
    "Shape_Leng": 0.16868867239,
    "Slope": 0.002055543853282,
    "TopElev": 599.0,
    "Tosegment": 3034956,
    "end_x": -139.68229166666669,
    "end_y": 65.92590277777799,
    "flow_acc": 796.284,
    "seg_id": 3020818,
    "start_x": -139.83854166666674,
    "start_y": 65.94048611111128,
    "islake": 0,
    "lakeId": 0,
    "RATEACV": 0.0,
    "RATEBCV": 0.0,
    "lake_Vol": 0.0
  }
}