{
  "data": {
    "BotElev": 745.0,
    "Length": 68127.68977834763,
    "OBJECTID": null,
    "PFAF": "314626",
    "PFAF_CODE": 314626000000.0,
    "PF_TYPE": 5,
    "Shape_Leng": 0.60154365039,
    "Slope": 0.001335727078022,
    "TopElev": 836.0,
    "Tosegment": 3032495,
    "end_x": -123.17708333333337,
    "end_y": 54.40041666666684,
    "flow_acc": 757.9,
    "seg_id": 3020141,
    "start_x": -123.34749999999991,
    "start_y": 54.640416666666795,
    "islake": 0,
    "lakeId": 0,
    "RATEACV": 0.0,
    "RATEBCV": 0.0,
    "lake_Vol": 0.0
  }
}