{
  "data": {
    "BotElev": 699.0,
    "Length": 59163.19822532742,
    "OBJECTID": null,
    "PFAF": "3425608",
    "PFAF_CODE": 342560800000.0,
    "PF_TYPE": 6,
    "Shape_Leng": 0.57316546383,
    "Slope": 0.001690239929544,
    "TopElev": 799.0,
    "Tosegment": -9999,
    "end_x": -108.39375000000365,
    "end_y": 50.2737500000012,
    "flow_acc": 768.379,
    "seg_id": 3020337,
    "start_x": -108.6366666666703,
    "start_y": 50.02708333333453,
    "islake": 0,
    "lakeId": 0,
    "RATEACV": 0.0,
    "RATEBCV": 0.0,
    "lake_Vol": 0.0
  }
}