{
  "data": {
    "BotElev": 338.0,
    "Length": 53699.596593241164,
    "OBJECTID": null,
    "PFAF": "32764923",
    "PFAF_CODE": 327649230000.0,
    "PF_TYPE": 6,
    "Shape_Leng": 0.49071390954,
    "Slope": 0.000949727804965,
    "TopElev": 389.0,
    "Tosegment": 3025752,
    "end_x": -109.05104166666683,
    "end_y": 59.88006944444447,
    "flow_acc": 788.859,
    "seg_id": 3020700,
    "start_x": -109.1041666666668,
    "start_y": 60.162361111111125,
    "islake": 0,
    "lakeId": 0,
    "RATEACV": 0.0,
    "RATEBCV": 0.0,
    "lake_Vol": 0.0
  }
}