{
  "data": {
    "BotElev": 433.0,
    "Length": 65901.22456246839,
    "OBJECTID": null,
    "PFAF": "338684",
    "PFAF_CODE": 338684000000.0,
    "PF_TYPE": 5,
    "Shape_Leng": 0.68256902373,
    "Slope": 0.000455226745773,
    "TopElev": 463.0,
    "Tosegment": 3029664,
    "end_x": -109.52375000036221,
    "end_y": 56.22458333345412,
    "flow_acc": 760.898,
    "seg_id": 3020194,
    "start_x": -109.9708333334915,
    "start_y": 56.32958333360415,
    "islake": 0,
    "lakeId": 0,
    "RATEACV": 0.0,
    "RATEBCV": 0.0,
    "lake_Vol": 0.0
  }
}