{
  "data": {
    "BotElev": 213.0,
    "Length": 84193.90855385325,
    "OBJECTID": null,
    "PFAF": "322468",
    "PFAF_CODE": 322468000000.0,
    "PF_TYPE": 5,
    "Shape_Leng": 1.18112426292,
    "Slope": 0.000867046099342,
    "TopElev": 286.0,
    "Tosegment": 3031278,
    "end_x": -117.4510416666667,
    "end_y": 64.0113194444445,
    "flow_acc": 801.216,
    "seg_id": 3020890,
    "start_x": -116.50416666666678,
    "start_y": 64.34569444444458,
    "islake": 0,
    "lakeId": 0,
    "RATEACV": 0.0,
    "RATEBCV": 0.0,
    "lake_Vol": 0.0
  }
}