{
  "data": {
    "BotElev": 566.0,
    "Length": 51845.23275866097,
    "OBJECTID": null,
    "PFAF": "3286272",
    "PFAF_CODE": 328627200000.0,
    "PF_TYPE": 6,
    "Shape_Leng": 0.55772531834,
    "Slope": 0.001523765943298,
    "TopElev": 645.0,
    "Tosegment": 3033769,
    "end_x": -111.35937500000011,
    "end_y": 55.700902777777856,
    "flow_acc": 785.875,
    "seg_id": 3020631,
    "start_x": -111.71875000000006,
    "start_y": 55.54048611111119,
    "islake": 0,
    "lakeId": 0,
    "RATEACV": 0.0,
    "RATEBCV": 0.0,
    "lake_Vol": 0.0
  }
}