{
  "data": {
    "BotElev": 839.0,
    "Length": 34932.47879656697,
    "OBJECTID": null,
    "PFAF": "328964",
    "PFAF_CODE": 328964000000.0,
    "PF_TYPE": 5,
    "Shape_Leng": 0.328385191,
    "Slope": 0.002748158828323,
    "TopElev": 935.0,
    "Tosegment": 3037313,
    "end_x": -116.28229166666671,
    "end_y": 53.65715277777787,
    "flow_acc": 753.15,
    "seg_id": 3020057,
    "start_x": -116.55208333333343,
    "start_y": 53.7029861111111,
    "islake": 0,
    "lakeId": 0,
    "RATEACV": 0.0,
    "RATEBCV": 0.0,
    "lake_Vol": 0.0
  }
}