{
  "data": {
    "BotElev": 448.0,
    "Length": 22070.05507386525,
    "OBJECTID": null,
    "PFAF": "328692",
    "PFAF_CODE": 328692000000.0,
    "PF_TYPE": 5,
    "Shape_Leng": 0.23923333013,
    "Slope": 0.001268687364227,
    "TopElev": 476.0,
    "Tosegment": 3036667,
    "end_x": -108.29687500000006,
    "end_y": 57.0759027777778,
    "flow_acc": 758.363,
    "seg_id": 3020149,
    "start_x": -108.15000000000009,
    "start_y": 57.2186111111111,
    "islake": 0,
    "lakeId": 0,
    "RATEACV": 0.0,
    "RATEBCV": 0.0,
    "lake_Vol": 0.0
  }
}