{
  "data": {
    "BotElev": 325.0,
    "Length": 39823.86025683125,
    "OBJECTID": null,
    "PFAF": "3293243",
    "PFAF_CODE": 329324300000.0,
    "PF_TYPE": 5,
    "Shape_Leng": 0.50079635624,
    "Slope": 0.000954201821595,
    "TopElev": 363.0,
    "Tosegment": 3027866,
    "end_x": -117.10937500000006,
    "end_y": 58.53006944444445,
    "flow_acc": 782.599,
    "seg_id": 3020586,
    "start_x": -116.69166666666678,
    "start_y": 58.6384027777778,
    "islake": 0,
    "lakeId": 0,
    "RATEACV": 0.0,
    "RATEBCV": 0.0,
    "lake_Vol": 0.0
  }
}