{
  "data": {
    "BotElev": 210.0,
    "Length": 34567.77086470669,
    "OBJECTID": null,
    "PFAF": "328223",
    "PFAF_CODE": 328223000000.0,
    "PF_TYPE": 4,
    "Shape_Leng": 0.38800024036,
    "Slope": 0.000231429444245,
    "TopElev": 218.0,
    "Tosegment": 3028135,
    "end_x": -111.9489583333334,
    "end_y": 58.76756944444452,
    "flow_acc": 787.103,
    "seg_id": 3020667,
    "start_x": -112.29166666666674,
    "start_y": 58.850902777777776,
    "islake": 0,
    "lakeId": 0,
    "RATEACV": 0.0,
    "RATEBCV": 0.0,
    "lake_Vol": 0.0
  }
}