{
  "data": {
    "BotElev": 368.0,
    "Length": 31664.50976619786,
    "OBJECTID": null,
    "PFAF": "338443",
    "PFAF_CODE": 338443000000.0,
    "PF_TYPE": 4,
    "Shape_Leng": 0.35390909016,
    "Slope": 0.0,
    "TopElev": 368.0,
    "Tosegment": 3030199,
    "end_x": -105.42958333330415,
    "end_y": 55.31625000043715,
    "flow_acc": 768.185,
    "seg_id": 3020333,
    "start_x": -105.70041666669573,
    "start_y": 55.30083333359164,
    "islake": 0,
    "lakeId": 0,
    "RATEACV": 0.0,
    "RATEBCV": 0.0,
    "lake_Vol": 0.0
  }
}