{
  "data": {
    "BotElev": 229.0,
    "Length": 73162.67385704434,
    "OBJECTID": null,
    "PFAF": "33484",
    "PFAF_CODE": 334840000000.0,
    "PF_TYPE": 4,
    "Shape_Leng": 0.77904093043,
    "Slope": 0.001134458264363,
    "TopElev": 312.0,
    "Tosegment": 3038717,
    "end_x": -105.53020833314804,
    "end_y": 64.9071527775788,
    "flow_acc": 772.589,
    "seg_id": 3020417,
    "start_x": -105.35208333327915,
    "start_y": 64.55611111153871,
    "islake": 0,
    "lakeId": 0,
    "RATEACV": 0.0,
    "RATEBCV": 0.0,
    "lake_Vol": 0.0
  }
}