{
  "data": {
    "BotElev": 92.0,
    "Length": 46362.50427275104,
    "OBJECTID": null,
    "PFAF": "321582",
    "PFAF_CODE": 321582000000.0,
    "PF_TYPE": 5,
    "Shape_Leng": 0.45291779366,
    "Slope": 0.00228633033661,
    "TopElev": 198.0,
    "Tosegment": 3033139,
    "end_x": -128.64479166666678,
    "end_y": 66.70715277777782,
    "flow_acc": 778.113,
    "seg_id": 3020511,
    "start_x": -128.90416666666675,
    "start_y": 66.97902777777779,
    "islake": 0,
    "lakeId": 0,
    "RATEACV": 0.0,
    "RATEBCV": 0.0,
    "lake_Vol": 0.0
  }
}