{
  "data": {
    "BotElev": 508.0,
    "Length": 76059.10454950904,
    "OBJECTID": null,
    "PFAF": "349687",
    "PFAF_CODE": 349687000000.0,
    "PF_TYPE": 4,
    "Shape_Leng": 0.75897513781,
    "Slope": 0.000854598543922,
    "TopElev": 573.0,
    "Tosegment": 3027387,
    "end_x": -102.41708333333861,
    "end_y": 51.10125000000096,
    "flow_acc": 804.423,
    "seg_id": 3020938,
    "start_x": -102.91583333333847,
    "start_y": 51.0366666666676,
    "islake": 0,
    "lakeId": 0,
    "RATEACV": 0.0,
    "RATEBCV": 0.0,
    "lake_Vol": 0.0
  }
}