{
  "data": {
    "BotElev": 173.0,
    "Length": 12413.246746584164,
    "OBJECTID": null,
    "PFAF": "33335221",
    "PFAF_CODE": 333352210000.0,
    "PF_TYPE": 6,
    "Shape_Leng": 0.18148478842,
    "Slope": 0.00201397752823,
    "TopElev": 198.0,
    "Tosegment": 3031048,
    "end_x": -118.22812500036838,
    "end_y": 68.78631944488654,
    "flow_acc": 788.185,
    "seg_id": 3020684,
    "start_x": -118.37812500006862,
    "start_y": 68.75715277797838,
    "islake": 0,
    "lakeId": 0,
    "RATEACV": 0.0,
    "RATEBCV": 0.0,
    "lake_Vol": 0.0
  }
}