{
  "data": {
    "BotElev": 356.0,
    "Length": 46464.8681973949,
    "OBJECTID": null,
    "PFAF": "334929",
    "PFAF_CODE": 334929000000.0,
    "PF_TYPE": 4,
    "Shape_Leng": 0.58098672706,
    "Slope": 0.000494997637834,
    "TopElev": 379.0,
    "Tosegment": 3026507,
    "end_x": -106.90520833309802,
    "end_y": 64.87798611067063,
    "flow_acc": 784.356,
    "seg_id": 3020607,
    "start_x": -107.27916666650844,
    "start_y": 64.6894444443057,
    "islake": 0,
    "lakeId": 0,
    "RATEACV": 0.0,
    "RATEBCV": 0.0,
    "lake_Vol": 0.0
  }
}