{
  "data": {
    "BotElev": 1005.0,
    "Length": 45133.94121995098,
    "OBJECTID": null,
    "PFAF": "3249443",
    "PFAF_CODE": 324944300000.0,
    "PF_TYPE": 5,
    "Shape_Leng": 0.51367920245,
    "Slope": 0.003700097875037,
    "TopElev": 1172.0,
    "Tosegment": 3030373,
    "end_x": -128.83437500000008,
    "end_y": 58.94465277777789,
    "flow_acc": 776.169,
    "seg_id": 3020481,
    "start_x": -129.1187500000001,
    "start_y": 58.72381944444447,
    "islake": 0,
    "lakeId": 0,
    "RATEACV": 0.0,
    "RATEBCV": 0.0,
    "lake_Vol": 0.0
  }
}