{
  "data": {
    "BotElev": 421.0,
    "Length": 66000.18363068743,
    "OBJECTID": null,
    "PFAF": "342168",
    "PFAF_CODE": 342168000000.0,
    "PF_TYPE": 5,
    "Shape_Leng": 0.55325937914,
    "Slope": 0.001181814893675,
    "TopElev": 499.0,
    "Tosegment": 3034370,
    "end_x": -104.61458333333792,
    "end_y": 53.0412500000005,
    "flow_acc": 793.227,
    "seg_id": 3020770,
    "start_x": -104.53375000000472,
    "start_y": 52.72333333333398,
    "islake": 0,
    "lakeId": 0,
    "RATEACV": 0.0,
    "RATEBCV": 0.0,
    "lake_Vol": 0.0
  }
}