{
  "data": {
    "BotElev": 925.0,
    "Length": 48211.67114831794,
    "OBJECTID": null,
    "PFAF": "314963",
    "PFAF_CODE": 314963000000.0,
    "PF_TYPE": 4,
    "Shape_Leng": 0.48674410759,
    "Slope": 0.00153489804932,
    "TopElev": 999.0,
    "Tosegment": 3029533,
    "end_x": -125.61958333333274,
    "end_y": 53.120416666667154,
    "flow_acc": 867.981,
    "seg_id": 3021902,
    "start_x": -125.16833333333267,
    "start_y": 53.13708333333403,
    "islake": 0,
    "lakeId": 0,
    "RATEACV": 0.0,
    "RATEBCV": 0.0,
    "lake_Vol": 0.0
  }
}