{
  "data": {
    "BotElev": 521.0,
    "Length": 54573.14075123769,
    "OBJECTID": null,
    "PFAF": "344999029",
    "PFAF_CODE": 344999029000.0,
    "PF_TYPE": 7,
    "Shape_Leng": 0.47563585224,
    "Slope": 0.001777431144052,
    "TopElev": 618.0,
    "Tosegment": 3028769,
    "end_x": -103.8745833333382,
    "end_y": 51.80958333333416,
    "flow_acc": 821.601,
    "seg_id": 3021198,
    "start_x": -103.94916666667154,
    "start_y": 51.54000000000076,
    "islake": 0,
    "lakeId": 0,
    "RATEACV": 0.0,
    "RATEBCV": 0.0,
    "lake_Vol": 0.0
  }
}