{
  "data": {
    "BotElev": 211.0,
    "Length": 66090.15283675297,
    "OBJECTID": null,
    "PFAF": "32843622",
    "PFAF_CODE": 328436220000.0,
    "PF_TYPE": 7,
    "Shape_Leng": 0.5936601878,
    "Slope": 0.001013766758347,
    "TopElev": 278.0,
    "Tosegment": 3029777,
    "end_x": -108.97604166666673,
    "end_y": 59.3904861111111,
    "flow_acc": 862.791,
    "seg_id": 3021818,
    "start_x": -108.99791666666681,
    "start_y": 59.6352777777779,
    "islake": 0,
    "lakeId": 0,
    "RATEACV": 0.0,
    "RATEBCV": 0.0,
    "lake_Vol": 0.0
  }
}