{
  "data": {
    "BotElev": 77.0,
    "Length": 70701.42643421935,
    "OBJECTID": null,
    "PFAF": "33335323",
    "PFAF_CODE": 333353230000.0,
    "PF_TYPE": 6,
    "Shape_Leng": 0.81776131855,
    "Slope": 0.001838718206357,
    "TopElev": 207.0,
    "Tosegment": 3024908,
    "end_x": -117.69687500008109,
    "end_y": 68.90298611072058,
    "flow_acc": 830.118,
    "seg_id": 3021319,
    "start_x": -117.414583333454,
    "start_y": 68.55611111073927,
    "islake": 0,
    "lakeId": 0,
    "RATEACV": 0.0,
    "RATEBCV": 0.0,
    "lake_Vol": 0.0
  }
}