{
  "data": {
    "BotElev": 500.0,
    "Length": 15678.006125480553,
    "OBJECTID": null,
    "PFAF": "3129221",
    "PFAF_CODE": 312922100000.0,
    "PF_TYPE": 5,
    "Shape_Leng": 0.12079443234,
    "Slope": 0.006187011232401,
    "TopElev": 597.0,
    "Tosegment": 3033731,
    "end_x": -117.65291666666815,
    "end_y": 49.55291666666807,
    "flow_acc": 842.814,
    "seg_id": 3021504,
    "start_x": -117.74041666666812,
    "start_y": 49.59208333333481,
    "islake": 0,
    "lakeId": 0,
    "RATEACV": 0.0,
    "RATEBCV": 0.0,
    "lake_Vol": 0.0
  }
}