{
  "data": {
    "BotElev": 582.0,
    "Length": 4035.1999631247213,
    "OBJECTID": null,
    "PFAF": "3288941",
    "PFAF_CODE": 328894100000.0,
    "PF_TYPE": 5,
    "Shape_Leng": 0.0343443362,
    "Slope": -0.000495638386766,
    "TopElev": 580.0,
    "Tosegment": 3036181,
    "end_x": -116.13437500000009,
    "end_y": 55.505069444444416,
    "flow_acc": 836.747,
    "seg_id": 3021418,
    "start_x": -116.16354166666679,
    "start_y": 55.51756944444446,
    "islake": 0,
    "lakeId": 0,
    "RATEACV": 0.0,
    "RATEBCV": 0.0,
    "lake_Vol": 0.0
  }
}