{
  "data": {
    "BotElev": 7.0,
    "Length": 12707.472237518154,
    "OBJECTID": null,
    "PFAF": "31519241",
    "PFAF_CODE": 315192410000.0,
    "PF_TYPE": 6,
    "Shape_Leng": 0.14151948041,
    "Slope": 0.000629550854054,
    "TopElev": 15.0,
    "Tosegment": 3032433,
    "end_x": -127.77374999999887,
    "end_y": 53.16541666666723,
    "flow_acc": 874.903,
    "seg_id": 3021986,
    "start_x": -127.82541666666549,
    "start_y": 53.0554166666671,
    "islake": 0,
    "lakeId": 0,
    "RATEACV": 0.0,
    "RATEBCV": 0.0,
    "lake_Vol": 0.0
  }
}