{
  "data": {
    "BotElev": 662.0,
    "Length": 63192.27676501316,
    "OBJECTID": null,
    "PFAF": "329666",
    "PFAF_CODE": 329666000000.0,
    "PF_TYPE": 5,
    "Shape_Leng": 0.51096771247,
    "Slope": 0.001392575240282,
    "TopElev": 750.0,
    "Tosegment": 3030836,
    "end_x": -121.23437500000011,
    "end_y": 56.671736111111045,
    "flow_acc": 847.504,
    "seg_id": 3021581,
    "start_x": -121.61458333333348,
    "start_y": 56.907152777777924,
    "islake": 0,
    "lakeId": 0,
    "RATEACV": 0.0,
    "RATEBCV": 0.0,
    "lake_Vol": 0.0
  }
}