{
  "data": {
    "BotElev": -1.0,
    "Length": 54489.583870028175,
    "OBJECTID": null,
    "PFAF": "3151983",
    "PFAF_CODE": 315198300000.0,
    "PF_TYPE": 5,
    "Shape_Leng": 0.42449624194,
    "Slope": 0.000587268202971,
    "TopElev": 31.0,
    "Tosegment": 3026948,
    "end_x": -129.752916666665,
    "end_y": 53.97708333333367,
    "flow_acc": 843.498,
    "seg_id": 3021520,
    "start_x": -129.4683333333317,
    "start_y": 53.78500000000054,
    "islake": 0,
    "lakeId": 0,
    "RATEACV": 0.0,
    "RATEBCV": 0.0,
    "lake_Vol": 0.0
  }
}