{
  "data": {
    "BotElev": 244.0,
    "Length": 37664.833778699634,
    "OBJECTID": null,
    "PFAF": "328263",
    "PFAF_CODE": 328263000000.0,
    "PF_TYPE": 4,
    "Shape_Leng": 0.37652394458,
    "Slope": 0.001433698083397,
    "TopElev": 298.0,
    "Tosegment": 3024849,
    "end_x": -113.73437500000011,
    "end_y": 58.22798611111119,
    "flow_acc": 838.48,
    "seg_id": 3021445,
    "start_x": -113.43541666666681,
    "start_y": 58.126944444444575,
    "islake": 0,
    "lakeId": 0,
    "RATEACV": 0.0,
    "RATEBCV": 0.0,
    "lake_Vol": 0.0
  }
}