{
  "data": {
    "BotElev": 265.0,
    "Length": 57154.63433419661,
    "OBJECTID": null,
    "PFAF": "3262952",
    "PFAF_CODE": 326295200000.0,
    "PF_TYPE": 6,
    "Shape_Leng": 0.79252435051,
    "Slope": 0.000139971151827,
    "TopElev": 273.0,
    "Tosegment": 3038891,
    "end_x": -117.94062500000013,
    "end_y": 63.44256944444447,
    "flow_acc": 849.46,
    "seg_id": 3021612,
    "start_x": -118.7020833333334,
    "start_y": 63.513402777777856,
    "islake": 0,
    "lakeId": 0,
    "RATEACV": 0.0,
    "RATEBCV": 0.0,
    "lake_Vol": 0.0
  }
}