{
  "data": {
    "BotElev": 898.0,
    "Length": 51364.18779805803,
    "OBJECTID": null,
    "PFAF": "3294943",
    "PFAF_CODE": 329494300000.0,
    "PF_TYPE": 5,
    "Shape_Leng": 0.56239748643,
    "Slope": 0.005937989347736,
    "TopElev": 1203.0,
    "Tosegment": 3028526,
    "end_x": -119.85729166666681,
    "end_y": 54.39673611111124,
    "flow_acc": 846.26,
    "seg_id": 3021560,
    "start_x": -120.27604166666669,
    "start_y": 54.23319444444445,
    "islake": 0,
    "lakeId": 0,
    "RATEACV": 0.0,
    "RATEBCV": 0.0,
    "lake_Vol": 0.0
  }
}