{
  "data": {
    "BotElev": 394.0,
    "Length": 34776.14031624888,
    "OBJECTID": null,
    "PFAF": "3246424",
    "PFAF_CODE": 324642400000.0,
    "PF_TYPE": 6,
    "Shape_Leng": 0.37558697069,
    "Slope": 0.005434760680204,
    "TopElev": 583.0,
    "Tosegment": 3037521,
    "end_x": -122.90937500000013,
    "end_y": 58.33631944444443,
    "flow_acc": 850.729,
    "seg_id": 3021633,
    "start_x": -123.11041666666671,
    "start_y": 58.18215277777779,
    "islake": 0,
    "lakeId": 0,
    "RATEACV": 0.0,
    "RATEBCV": 0.0,
    "lake_Vol": 0.0
  }
}