{
  "data": {
    "BotElev": 156.0,
    "Length": 2154.6337679245166,
    "OBJECTID": null,
    "PFAF": "322183",
    "PFAF_CODE": 322183000000.0,
    "PF_TYPE": 4,
    "Shape_Leng": 0.03541666667,
    "Slope": 0.0,
    "TopElev": 156.0,
    "Tosegment": 3029209,
    "end_x": -121.64270833333342,
    "end_y": 65.50090277777775,
    "flow_acc": 814.445,
    "seg_id": 3021093,
    "start_x": -121.60729166666681,
    "start_y": 65.50090277777775,
    "islake": 0,
    "lakeId": 0,
    "RATEACV": 0.0,
    "RATEBCV": 0.0,
    "lake_Vol": 0.0
  }
}