{
  "data": {
    "BotElev": 193.0,
    "Length": 51098.617862344334,
    "OBJECTID": null,
    "PFAF": "333874",
    "PFAF_CODE": 333874000000.0,
    "PF_TYPE": 5,
    "Shape_Leng": 0.57131034921,
    "Slope": 0.001350330065402,
    "TopElev": 262.0,
    "Tosegment": 3037768,
    "end_x": -105.13437500000612,
    "end_y": 66.24881944456178,
    "flow_acc": 844.279,
    "seg_id": 3021537,
    "start_x": -105.59583333324161,
    "start_y": 66.44986111090168,
    "islake": 0,
    "lakeId": 0,
    "RATEACV": 0.0,
    "RATEBCV": 0.0,
    "lake_Vol": 0.0
  }
}