{
  "data": {
    "BotElev": 439.0,
    "Length": 39618.3113730893,
    "OBJECTID": null,
    "PFAF": "3386823",
    "PFAF_CODE": 338682300000.0,
    "PF_TYPE": 5,
    "Shape_Leng": 0.33667051319,
    "Slope": 0.0,
    "TopElev": 439.0,
    "Tosegment": 3028707,
    "end_x": -109.43791666642096,
    "end_y": 56.406250000237435,
    "flow_acc": 865.506,
    "seg_id": 3021854,
    "start_x": -109.68249999977508,
    "start_y": 56.5637499995629,
    "islake": 0,
    "lakeId": 0,
    "RATEACV": 0.0,
    "RATEBCV": 0.0,
    "lake_Vol": 0.0
  }
}