{
  "data": {
    "BotElev": 366.0,
    "Length": 57764.49763658513,
    "OBJECTID": null,
    "PFAF": "326952",
    "PFAF_CODE": 326952000000.0,
    "PF_TYPE": 5,
    "Shape_Leng": 0.70185816455,
    "Slope": 0.00032892175605,
    "TopElev": 385.0,
    "Tosegment": 3040365,
    "end_x": -108.07187500000015,
    "end_y": 64.08006944444446,
    "flow_acc": 870.689,
    "seg_id": 3021937,
    "start_x": -107.63229166666679,
    "start_y": 64.34569444444458,
    "islake": 0,
    "lakeId": 0,
    "RATEACV": 0.0,
    "RATEBCV": 0.0,
    "lake_Vol": 0.0
  }
}