{
  "data": {
    "BotElev": 40.0,
    "Length": 93637.94007649015,
    "OBJECTID": null,
    "PFAF": "32196",
    "PFAF_CODE": 321960000000.0,
    "PF_TYPE": 4,
    "Shape_Leng": 1.17084295283,
    "Slope": 0.001836862278896,
    "TopElev": 212.0,
    "Tosegment": 3045327,
    "end_x": -127.83437500000002,
    "end_y": 65.52381944444443,
    "flow_acc": 849.497,
    "seg_id": 3021613,
    "start_x": -126.87291666666681,
    "start_y": 65.43423611111115,
    "islake": 0,
    "lakeId": 0,
    "RATEACV": 0.0,
    "RATEBCV": 0.0,
    "lake_Vol": 0.0
  }
}