{
  "data": {
    "BotElev": 445.0,
    "Length": 11641.667335703585,
    "OBJECTID": null,
    "PFAF": "333697",
    "PFAF_CODE": 333697000000.0,
    "PF_TYPE": 3,
    "Shape_Leng": 0.11532362242,
    "Slope": 0.0,
    "TopElev": 445.0,
    "Tosegment": 3026008,
    "end_x": -111.06979166635227,
    "end_y": 65.75090277814076,
    "flow_acc": 861.069,
    "seg_id": 3021799,
    "start_x": -110.97604166698926,
    "start_y": 65.69881944476163,
    "islake": 0,
    "lakeId": 0,
    "RATEACV": 0.0,
    "RATEBCV": 0.0,
    "lake_Vol": 0.0
  }
}