{
  "data": {
    "BotElev": 717.0,
    "Length": 56095.37703571983,
    "OBJECTID": null,
    "PFAF": "31892963",
    "PFAF_CODE": 318929630000.0,
    "PF_TYPE": 6,
    "Shape_Leng": 0.57603114451,
    "Slope": 0.005027152234317,
    "TopElev": 999.0,
    "Tosegment": 3026777,
    "end_x": -138.63020833333343,
    "end_y": 61.45090277777774,
    "flow_acc": 818.659,
    "seg_id": 3021165,
    "start_x": -138.38541666666663,
    "start_y": 61.62173611111126,
    "islake": 0,
    "lakeId": 0,
    "RATEACV": 0.0,
    "RATEBCV": 0.0,
    "lake_Vol": 0.0
  }
}