{
  "data": {
    "BotElev": 168.0,
    "Length": 41972.11349943131,
    "OBJECTID": null,
    "PFAF": "315232",
    "PFAF_CODE": 315232000000.0,
    "PF_TYPE": 5,
    "Shape_Leng": 0.34894886339,
    "Slope": 0.005074798056164,
    "TopElev": 381.0,
    "Tosegment": 3042522,
    "end_x": -128.07041666666544,
    "end_y": 55.09874999999988,
    "flow_acc": 830.276,
    "seg_id": 3021324,
    "start_x": -128.10083333333205,
    "start_y": 55.33083333333349,
    "islake": 0,
    "lakeId": 0,
    "RATEACV": 0.0,
    "RATEBCV": 0.0,
    "lake_Vol": 0.0
  }
}