{
  "data": {
    "BotElev": 706.0,
    "Length": 69471.97309252522,
    "OBJECTID": null,
    "PFAF": "315262",
    "PFAF_CODE": 315262000000.0,
    "PF_TYPE": 5,
    "Shape_Leng": 0.59408342307,
    "Slope": 0.00365615065606,
    "TopElev": 960.0,
    "Tosegment": 3038106,
    "end_x": -126.69624999999917,
    "end_y": 55.44874999999996,
    "flow_acc": 829.45,
    "seg_id": 3021307,
    "start_x": -126.8766666666657,
    "start_y": 55.7766666666667,
    "islake": 0,
    "lakeId": 0,
    "RATEACV": 0.0,
    "RATEBCV": 0.0,
    "lake_Vol": 0.0
  }
}