{
  "data": {
    "BotElev": 428.0,
    "Length": 17423.846092918622,
    "OBJECTID": null,
    "PFAF": "3151441",
    "PFAF_CODE": 315144100000.0,
    "PF_TYPE": 5,
    "Shape_Leng": 0.127461099,
    "Slope": 0.005337512711261,
    "TopElev": 521.0,
    "Tosegment": 3035514,
    "end_x": -125.57958333333266,
    "end_y": 51.746250000001055,
    "flow_acc": 830.802,
    "seg_id": 3021335,
    "start_x": -125.66541666666609,
    "start_y": 51.807083333334276,
    "islake": 0,
    "lakeId": 0,
    "RATEACV": 0.0,
    "RATEBCV": 0.0,
    "lake_Vol": 0.0
  }
}