{
  "data": {
    "BotElev": 157.0,
    "Length": 41841.10444980136,
    "OBJECTID": null,
    "PFAF": "326581",
    "PFAF_CODE": 326581000000.0,
    "PF_TYPE": 4,
    "Shape_Leng": 0.69461294492,
    "Slope": 4.7799885455e-05,
    "TopElev": 159.0,
    "Tosegment": 3043262,
    "end_x": -112.33437500000008,
    "end_y": 62.13423611111119,
    "flow_acc": 934.257,
    "seg_id": 3022752,
    "start_x": -111.64062500000006,
    "start_y": 62.13215277777783,
    "islake": 0,
    "lakeId": 0,
    "RATEACV": 0.0,
    "RATEBCV": 0.0,
    "lake_Vol": 0.0
  }
}