{
  "data": {
    "BotElev": 412.0,
    "Length": 44691.02843483482,
    "OBJECTID": null,
    "PFAF": "3276468",
    "PFAF_CODE": 327646800000.0,
    "PF_TYPE": 6,
    "Shape_Leng": 0.4258090576,
    "Slope": 0.000872658369383,
    "TopElev": 451.0,
    "Tosegment": 3032500,
    "end_x": -107.7447916666668,
    "end_y": 60.84465277777787,
    "flow_acc": 902.908,
    "seg_id": 3022358,
    "start_x": -107.64375000000007,
    "start_y": 60.59986111111124,
    "islake": 0,
    "lakeId": 0,
    "RATEACV": 0.0,
    "RATEBCV": 0.0,
    "lake_Vol": 0.0
  }
}