{
  "data": {
    "BotElev": 84.0,
    "Length": 23779.186648520772,
    "OBJECTID": null,
    "PFAF": "321566",
    "PFAF_CODE": 321566000000.0,
    "PF_TYPE": 5,
    "Shape_Leng": 0.35315040273,
    "Slope": 0.000883125243533,
    "TopElev": 105.0,
    "Tosegment": 3033673,
    "end_x": -131.17395833333336,
    "end_y": 66.39673611111112,
    "flow_acc": 896.189,
    "seg_id": 3022267,
    "start_x": -131.5000000000001,
    "start_y": 66.3717361111112,
    "islake": 0,
    "lakeId": 0,
    "RATEACV": 0.0,
    "RATEBCV": 0.0,
    "lake_Vol": 0.0
  }
}