{
  "data": {
    "BotElev": 181.0,
    "Length": 45012.07851705468,
    "OBJECTID": null,
    "PFAF": "3337493",
    "PFAF_CODE": 333749300000.0,
    "PF_TYPE": 4,
    "Shape_Leng": 0.65506245796,
    "Slope": 0.000799785328428,
    "TopElev": 217.0,
    "Tosegment": 3027797,
    "end_x": -102.89270833302311,
    "end_y": 66.28423611100777,
    "flow_acc": 877.552,
    "seg_id": 3022021,
    "start_x": -103.46875000041206,
    "start_y": 66.28736111122635,
    "islake": 0,
    "lakeId": 0,
    "RATEACV": 0.0,
    "RATEBCV": 0.0,
    "lake_Vol": 0.0
  }
}