{
  "data": {
    "BotElev": 1015.0,
    "Length": 73138.00912881354,
    "OBJECTID": null,
    "PFAF": "328996",
    "PFAF_CODE": 328996000000.0,
    "PF_TYPE": 5,
    "Shape_Leng": 0.59401763129,
    "Slope": 0.008996690063591,
    "TopElev": 1673.0,
    "Tosegment": 3035731,
    "end_x": -118.03854166666673,
    "end_y": 52.92381944444452,
    "flow_acc": 911.032,
    "seg_id": 3022461,
    "start_x": -117.6041666666668,
    "start_y": 52.691527777777765,
    "islake": 0,
    "lakeId": 0,
    "RATEACV": 0.0,
    "RATEBCV": 0.0,
    "lake_Vol": 0.0
  }
}