{
  "data": {
    "BotElev": 486.0,
    "Length": 54106.85791503558,
    "OBJECTID": null,
    "PFAF": "328429",
    "PFAF_CODE": 328429000000.0,
    "PF_TYPE": 4,
    "Shape_Leng": 0.58337887771,
    "Slope": 0.000720795875104,
    "TopElev": 525.0,
    "Tosegment": 3028987,
    "end_x": -107.83229166666678,
    "end_y": 57.940486111111056,
    "flow_acc": 910.182,
    "seg_id": 3022447,
    "start_x": -107.79479166666675,
    "start_y": 57.73944444444447,
    "islake": 0,
    "lakeId": 0,
    "RATEACV": 0.0,
    "RATEBCV": 0.0,
    "lake_Vol": 0.0
  }
}