{
  "data": {
    "BotElev": 624.0,
    "Length": 50092.85579438695,
    "OBJECTID": null,
    "PFAF": "329642",
    "PFAF_CODE": 329642000000.0,
    "PF_TYPE": 5,
    "Shape_Leng": 0.52546431547,
    "Slope": 0.002435477036901,
    "TopElev": 746.0,
    "Tosegment": 3034527,
    "end_x": -120.49062500000014,
    "end_y": 56.55090277777782,
    "flow_acc": 933.101,
    "seg_id": 3022741,
    "start_x": -120.17187500000011,
    "start_y": 56.74986111111116,
    "islake": 0,
    "lakeId": 0,
    "RATEACV": 0.0,
    "RATEBCV": 0.0,
    "lake_Vol": 0.0
  }
}