{
  "data": {
    "BotElev": 1393.0,
    "Length": 13549.276109181867,
    "OBJECTID": null,
    "PFAF": "3429973",
    "PFAF_CODE": 342997300000.0,
    "PF_TYPE": 2,
    "Shape_Leng": 0.09490187583,
    "Slope": 0.005461546388434,
    "TopElev": 1467.0,
    "Tosegment": 3029895,
    "end_x": -114.37375000000225,
    "end_y": 49.86958333333462,
    "flow_acc": 907.281,
    "seg_id": 3022411,
    "start_x": -114.3904166666689,
    "start_y": 49.944583333334606,
    "islake": 0,
    "lakeId": 0,
    "RATEACV": 0.0,
    "RATEBCV": 0.0,
    "lake_Vol": 0.0
  }
}