{
  "data": {
    "BotElev": 118.0,
    "Length": 30813.127256268534,
    "OBJECTID": null,
    "PFAF": "333843",
    "PFAF_CODE": 333843000000.0,
    "PF_TYPE": 4,
    "Shape_Leng": 0.24163073873,
    "Slope": 0.000584166606989,
    "TopElev": 136.0,
    "Tosegment": 3028882,
    "end_x": -104.21145833353512,
    "end_y": 67.13215277762868,
    "flow_acc": 925.863,
    "seg_id": 3022649,
    "start_x": -104.18854166706416,
    "start_y": 66.93006944454942,
    "islake": 0,
    "lakeId": 0,
    "RATEACV": 0.0,
    "RATEBCV": 0.0,
    "lake_Vol": 0.0
  }
}