{
  "data": {
    "BotElev": 733.0,
    "Length": 41186.273684030806,
    "OBJECTID": null,
    "PFAF": "3425606",
    "PFAF_CODE": 342560600000.0,
    "PF_TYPE": 6,
    "Shape_Leng": 0.36766714738,
    "Slope": 0.001141156890292,
    "TopElev": 780.0,
    "Tosegment": -9999,
    "end_x": -109.07875000000354,
    "end_y": 50.098750000001246,
    "flow_acc": 899.811,
    "seg_id": 3022313,
    "start_x": -109.12583333333686,
    "start_y": 49.9045833333347,
    "islake": 0,
    "lakeId": 0,
    "RATEACV": 0.0,
    "RATEBCV": 0.0,
    "lake_Vol": 0.0
  }
}