{
  "data": {
    "BotElev": 424.0,
    "Length": 59961.34227883233,
    "OBJECTID": null,
    "PFAF": "338624",
    "PFAF_CODE": 338624000000.0,
    "PF_TYPE": 5,
    "Shape_Leng": 0.65018238933,
    "Slope": 0.000383580472449,
    "TopElev": 447.0,
    "Tosegment": 3035808,
    "end_x": -108.04791666632104,
    "end_y": 55.39041666689582,
    "flow_acc": 895.945,
    "seg_id": 3022265,
    "start_x": -108.58250000017483,
    "start_y": 55.390833333591615,
    "islake": 0,
    "lakeId": 0,
    "RATEACV": 0.0,
    "RATEBCV": 0.0,
    "lake_Vol": 0.0
  }
}