{
  "data": {
    "BotElev": 735.0,
    "Length": 49139.47511757673,
    "OBJECTID": null,
    "PFAF": "327468",
    "PFAF_CODE": 327468000000.0,
    "PF_TYPE": 5,
    "Shape_Leng": 0.48086407192,
    "Slope": 0.001404166402569,
    "TopElev": 804.0,
    "Tosegment": 3031367,
    "end_x": -119.80937500000016,
    "end_y": 57.34256944444445,
    "flow_acc": 886.975,
    "seg_id": 3022148,
    "start_x": -119.78958333333344,
    "start_y": 57.6248611111111,
    "islake": 0,
    "lakeId": 0,
    "RATEACV": 0.0,
    "RATEBCV": 0.0,
    "lake_Vol": 0.0
  }
}