{
  "data": {
    "BotElev": 377.0,
    "Length": 31728.14112939241,
    "OBJECTID": null,
    "PFAF": "3154261",
    "PFAF_CODE": 315426100000.0,
    "PF_TYPE": 5,
    "Shape_Leng": 0.31592303978,
    "Slope": 0.003372400531239,
    "TopElev": 484.0,
    "Tosegment": 3035972,
    "end_x": -130.3587499999981,
    "end_y": 57.02958333333282,
    "flow_acc": 924.615,
    "seg_id": 3022629,
    "start_x": -130.6429166666647,
    "start_y": 57.049583333332805,
    "islake": 0,
    "lakeId": 0,
    "RATEACV": 0.0,
    "RATEBCV": 0.0,
    "lake_Vol": 0.0
  }
}