{
  "data": {
    "BotElev": 526.0,
    "Length": 33102.02258509028,
    "OBJECTID": null,
    "PFAF": "3292581",
    "PFAF_CODE": 329258100000.0,
    "PF_TYPE": 5,
    "Shape_Leng": 0.3299323591,
    "Slope": 0.000876079397428,
    "TopElev": 555.0,
    "Tosegment": 3040118,
    "end_x": -113.67187500000006,
    "end_y": 56.50298611111117,
    "flow_acc": 880.719,
    "seg_id": 3022060,
    "start_x": -113.46979166666677,
    "start_y": 56.40923611111123,
    "islake": 0,
    "lakeId": 0,
    "RATEACV": 0.0,
    "RATEBCV": 0.0,
    "lake_Vol": 0.0
  }
}