{
  "data": {
    "BotElev": 445.0,
    "Length": 9163.595678478125,
    "OBJECTID": null,
    "PFAF": "324665",
    "PFAF_CODE": 324665000000.0,
    "PF_TYPE": 4,
    "Shape_Leng": 0.07544417382,
    "Slope": 0.000873019749091,
    "TopElev": 453.0,
    "Tosegment": 3028745,
    "end_x": -122.05520833333344,
    "end_y": 58.273819444444484,
    "flow_acc": 927.245,
    "seg_id": 3022667,
    "start_x": -122.00104166666677,
    "start_y": 58.23840277777788,
    "islake": 0,
    "lakeId": 0,
    "RATEACV": 0.0,
    "RATEBCV": 0.0,
    "lake_Vol": 0.0
  }
}