{
  "data": {
    "BotElev": 156.0,
    "Length": 64209.056606884915,
    "OBJECTID": null,
    "PFAF": "326154",
    "PFAF_CODE": 326154000000.0,
    "PF_TYPE": 5,
    "Shape_Leng": 0.66091690702,
    "Slope": 0.000856576983162,
    "TopElev": 211.0,
    "Tosegment": 3044358,
    "end_x": -115.62604166666677,
    "end_y": 61.488402777777765,
    "flow_acc": 912.407,
    "seg_id": 3022481,
    "start_x": -116.05416666666679,
    "start_y": 61.717569444444564,
    "islake": 0,
    "lakeId": 0,
    "RATEACV": 0.0,
    "RATEBCV": 0.0,
    "lake_Vol": 0.0
  }
}