{
  "data": {
    "BotElev": 847.0,
    "Length": 66522.9318741906,
    "OBJECTID": null,
    "PFAF": "329823",
    "PFAF_CODE": 329823000000.0,
    "PF_TYPE": 4,
    "Shape_Leng": 0.55400282549,
    "Slope": 0.00393849147382,
    "TopElev": 1109.0,
    "Tosegment": 3033653,
    "end_x": -124.04687500000006,
    "end_y": 56.76131944444455,
    "flow_acc": 878.765,
    "seg_id": 3022038,
    "start_x": -124.23437500000006,
    "start_y": 57.104027777777844,
    "islake": 0,
    "lakeId": 0,
    "RATEACV": 0.0,
    "RATEBCV": 0.0,
    "lake_Vol": 0.0
  }
}