{
  "data": {
    "BotElev": 480.0,
    "Length": 42481.93202793503,
    "OBJECTID": null,
    "PFAF": "324696",
    "PFAF_CODE": 324696000000.0,
    "PF_TYPE": 5,
    "Shape_Leng": 0.49692580545,
    "Slope": 0.003907543562069,
    "TopElev": 646.0,
    "Tosegment": 3036714,
    "end_x": -122.19062500000007,
    "end_y": 57.77590277777779,
    "flow_acc": 882.214,
    "seg_id": 3022082,
    "start_x": -122.62916666666672,
    "start_y": 57.72590277777789,
    "islake": 0,
    "lakeId": 0,
    "RATEACV": 0.0,
    "RATEBCV": 0.0,
    "lake_Vol": 0.0
  }
}