{
  "data": {
    "BotElev": 420.0,
    "Length": 2674.0321754012975,
    "OBJECTID": null,
    "PFAF": "31869663",
    "PFAF_CODE": 318696630000.0,
    "PF_TYPE": 6,
    "Shape_Leng": 0.03089255651,
    "Slope": 0.001121901234995,
    "TopElev": 423.0,
    "Tosegment": 3028508,
    "end_x": -138.06145833333346,
    "end_y": 65.97173611111123,
    "flow_acc": 914.455,
    "seg_id": 3022506,
    "start_x": -138.0427083333334,
    "start_y": 65.95715277777776,
    "islake": 0,
    "lakeId": 0,
    "RATEACV": 0.0,
    "RATEBCV": 0.0,
    "lake_Vol": 0.0
  }
}