{
  "data": {
    "BotElev": 661.0,
    "Length": 9132.376419061407,
    "OBJECTID": null,
    "PFAF": "31896241",
    "PFAF_CODE": 318962410000.0,
    "PF_TYPE": 6,
    "Shape_Leng": 0.08377750716,
    "Slope": 0.005146524611261,
    "TopElev": 708.0,
    "Tosegment": 3037723,
    "end_x": -135.7968750000001,
    "end_y": 60.83423611111141,
    "flow_acc": 902.205,
    "seg_id": 3022349,
    "start_x": -135.72812500000003,
    "start_y": 60.80090277777782,
    "islake": 0,
    "lakeId": 0,
    "RATEACV": 0.0,
    "RATEBCV": 0.0,
    "lake_Vol": 0.0
  }
}