{
  "data": {
    "BotElev": 6.0,
    "Length": 53993.398320940156,
    "OBJECTID": null,
    "PFAF": "315574",
    "PFAF_CODE": 315574000000.0,
    "PF_TYPE": 5,
    "Shape_Leng": 0.67227798787,
    "Slope": 0.0040190098558,
    "TopElev": 223.0,
    "Tosegment": -9999,
    "end_x": -139.26458333333335,
    "end_y": 59.37798611111117,
    "flow_acc": 889.637,
    "seg_id": 3022182,
    "start_x": -138.69166666666678,
    "start_y": 59.51340277777774,
    "islake": 0,
    "lakeId": 0,
    "RATEACV": 0.0,
    "RATEBCV": 0.0,
    "lake_Vol": 0.0
  }
}