{
  "data": {
    "BotElev": 434.0,
    "Length": 67311.79014382894,
    "OBJECTID": null,
    "PFAF": "3293383",
    "PFAF_CODE": 329338300000.0,
    "PF_TYPE": 5,
    "Shape_Leng": 0.69875112699,
    "Slope": 0.002510704285815,
    "TopElev": 603.0,
    "Tosegment": 3028067,
    "end_x": -116.58229166666672,
    "end_y": 57.55506944444443,
    "flow_acc": 893.142,
    "seg_id": 3022226,
    "start_x": -116.00208333333347,
    "start_y": 57.4977777777778,
    "islake": 0,
    "lakeId": 0,
    "RATEACV": 0.0,
    "RATEBCV": 0.0,
    "lake_Vol": 0.0
  }
}