{
  "data": {
    "BotElev": 514.0,
    "Length": 49051.42490793482,
    "OBJECTID": null,
    "PFAF": "338992",
    "PFAF_CODE": 338992000000.0,
    "PF_TYPE": 5,
    "Shape_Leng": 0.45257831229,
    "Slope": 0.000489282422377,
    "TopElev": 538.0,
    "Tosegment": 3036860,
    "end_x": -111.07291666657085,
    "end_y": 54.36041666679591,
    "flow_acc": 923.436,
    "seg_id": 3022613,
    "start_x": -111.01500000034957,
    "start_y": 54.143333333566545,
    "islake": 0,
    "lakeId": 0,
    "RATEACV": 0.0,
    "RATEBCV": 0.0,
    "lake_Vol": 0.0
  }
}