{
  "data": {
    "BotElev": 379.0,
    "Length": 51512.45333584911,
    "OBJECTID": null,
    "PFAF": "329572",
    "PFAF_CODE": 329572000000.0,
    "PF_TYPE": 5,
    "Shape_Leng": 0.44766609516,
    "Slope": 0.005590881065639,
    "TopElev": 667.0,
    "Tosegment": 3044079,
    "end_x": -120.05312500000008,
    "end_y": 56.12381944444451,
    "flow_acc": 884.038,
    "seg_id": 3022108,
    "start_x": -120.18854166666671,
    "start_y": 56.379027777777765,
    "islake": 0,
    "lakeId": 0,
    "RATEACV": 0.0,
    "RATEBCV": 0.0,
    "lake_Vol": 0.0
  }
}