{
  "data": {
    "BotElev": 453.0,
    "Length": 65084.29670289646,
    "OBJECTID": null,
    "PFAF": "338932",
    "PFAF_CODE": 338932000000.0,
    "PF_TYPE": 5,
    "Shape_Leng": 0.4352069201,
    "Slope": 4.6094068031e-05,
    "TopElev": 456.0,
    "Tosegment": 3041561,
    "end_x": -107.83374999996249,
    "end_y": 54.363750000362415,
    "flow_acc": 1017.33,
    "seg_id": 3023690,
    "start_x": -107.64916666630853,
    "start_y": 54.021666666483554,
    "islake": 0,
    "lakeId": 0,
    "RATEACV": 0.0,
    "RATEBCV": 0.0,
    "lake_Vol": 0.0
  }
}