{
  "data": {
    "BotElev": 798.0,
    "Length": 59159.430505193784,
    "OBJECTID": null,
    "PFAF": "329862",
    "PFAF_CODE": 329862000000.0,
    "PF_TYPE": 5,
    "Shape_Leng": 0.5978141531,
    "Slope": 0.002991915210956,
    "TopElev": 975.0,
    "Tosegment": 3031857,
    "end_x": -125.46770833333346,
    "end_y": 57.60090277777783,
    "flow_acc": 1042.74,
    "seg_id": 3023978,
    "start_x": -125.22291666666678,
    "start_y": 57.90715277777787,
    "islake": 0,
    "lakeId": 0,
    "RATEACV": 0.0,
    "RATEBCV": 0.0,
    "lake_Vol": 0.0
  }
}