{
  "data": {
    "BotElev": 176.0,
    "Length": 82826.63280919923,
    "OBJECTID": null,
    "PFAF": "327434",
    "PFAF_CODE": 327434000000.0,
    "PF_TYPE": 5,
    "Shape_Leng": 0.84361156155,
    "Slope": 0.001388442293253,
    "TopElev": 291.0,
    "Tosegment": 3043086,
    "end_x": -115.99479166666674,
    "end_y": 60.65298611111109,
    "flow_acc": 995.957,
    "seg_id": 3023437,
    "start_x": -116.35000000000014,
    "start_y": 60.090486111111204,
    "islake": 0,
    "lakeId": 0,
    "RATEACV": 0.0,
    "RATEBCV": 0.0,
    "lake_Vol": 0.0
  }
}