{
  "data": {
    "BotElev": 536.0,
    "Length": 8785.069913720932,
    "OBJECTID": null,
    "PFAF": "349787",
    "PFAF_CODE": 349787000000.0,
    "PF_TYPE": 4,
    "Shape_Leng": 0.073545695,
    "Slope": 0.000796806407775,
    "TopElev": 543.0,
    "Tosegment": 3027977,
    "end_x": -104.38541666667135,
    "end_y": 50.96625000000108,
    "flow_acc": 970.385,
    "seg_id": 3023165,
    "start_x": -104.44291666667141,
    "start_y": 50.996250000001,
    "islake": 0,
    "lakeId": 0,
    "RATEACV": 0.0,
    "RATEBCV": 0.0,
    "lake_Vol": 0.0
  }
}