{
  "data": {
    "BotElev": 527.0,
    "Length": 47662.43682788124,
    "OBJECTID": null,
    "PFAF": "3189432",
    "PFAF_CODE": 318943200000.0,
    "PF_TYPE": 6,
    "Shape_Leng": 0.60982135303,
    "Slope": 0.003692635368929,
    "TopElev": 703.0,
    "Tosegment": 3042011,
    "end_x": -135.22395833333343,
    "end_y": 62.76131944444438,
    "flow_acc": 1013.56,
    "seg_id": 3023645,
    "start_x": -135.47708333333338,
    "start_y": 62.42277777777787,
    "islake": 0,
    "lakeId": 0,
    "RATEACV": 0.0,
    "RATEBCV": 0.0,
    "lake_Vol": 0.0
  }
}