{
  "data": {
    "BotElev": 288.0,
    "Length": 24444.589125958883,
    "OBJECTID": null,
    "PFAF": "323563",
    "PFAF_CODE": 323563000000.0,
    "PF_TYPE": 4,
    "Shape_Leng": 0.29933591847,
    "Slope": 0.001922715892577,
    "TopElev": 335.0,
    "Tosegment": 3031082,
    "end_x": -124.30937500000005,
    "end_y": 63.4842361111111,
    "flow_acc": 1036.36,
    "seg_id": 3023901,
    "start_x": -124.45104166666681,
    "start_y": 63.317569444444416,
    "islake": 0,
    "lakeId": 0,
    "RATEACV": 0.0,
    "RATEBCV": 0.0,
    "lake_Vol": 0.0
  }
}