{
  "data": {
    "BotElev": 328.0,
    "Length": 56187.107941119546,
    "OBJECTID": null,
    "PFAF": "324366",
    "PFAF_CODE": 324366000000.0,
    "PF_TYPE": 5,
    "Shape_Leng": 0.66096771247,
    "Slope": 0.003897691268066,
    "TopElev": 547.0,
    "Tosegment": 3034178,
    "end_x": -122.47187500000007,
    "end_y": 60.275902777777844,
    "flow_acc": 1027.8,
    "seg_id": 3023811,
    "start_x": -122.11041666666665,
    "start_y": 60.51756944444452,
    "islake": 0,
    "lakeId": 0,
    "RATEACV": 0.0,
    "RATEBCV": 0.0,
    "lake_Vol": 0.0
  }
}