{
  "data": {
    "BotElev": 901.0,
    "Length": 20534.576094976877,
    "OBJECTID": null,
    "PFAF": "3247465",
    "PFAF_CODE": 324746500000.0,
    "PF_TYPE": 5,
    "Shape_Leng": 0.21368446353,
    "Slope": 0.00355497964323,
    "TopElev": 974.0,
    "Tosegment": 3029919,
    "end_x": -125.04479166666681,
    "end_y": 58.58215277777771,
    "flow_acc": 982.669,
    "seg_id": 3023306,
    "start_x": -125.11562500000008,
    "start_y": 58.444652777777776,
    "islake": 0,
    "lakeId": 0,
    "RATEACV": 0.0,
    "RATEBCV": 0.0,
    "lake_Vol": 0.0
  }
}