{
  "data": {
    "BotElev": 1.0,
    "Length": 62883.39459048191,
    "OBJECTID": null,
    "PFAF": "3337356",
    "PFAF_CODE": 333735600000.0,
    "PF_TYPE": 6,
    "Shape_Leng": 1.00086512158,
    "Slope": 0.000588390627461,
    "TopElev": 38.0,
    "Tosegment": -9999,
    "end_x": -105.03020833324797,
    "end_y": 68.26652777783471,
    "flow_acc": 1004.24,
    "seg_id": 3023538,
    "start_x": -105.85208333317922,
    "start_y": 68.23527777744766,
    "islake": 0,
    "lakeId": 0,
    "RATEACV": 0.0,
    "RATEBCV": 0.0,
    "lake_Vol": 0.0
  }
}