{
  "data": {
    "BotElev": 696.0,
    "Length": 14791.694754026314,
    "OBJECTID": null,
    "PFAF": "3189761",
    "PFAF_CODE": 318976100000.0,
    "PF_TYPE": 5,
    "Shape_Leng": 0.19255501431,
    "Slope": 0.006152100994055,
    "TopElev": 787.0,
    "Tosegment": 3041998,
    "end_x": -133.43229166666669,
    "end_y": 60.55090277777788,
    "flow_acc": 1008.66,
    "seg_id": 3023586,
    "start_x": -133.55312500000014,
    "start_y": 60.45090277777797,
    "islake": 0,
    "lakeId": 0,
    "RATEACV": 0.0,
    "RATEBCV": 0.0,
    "lake_Vol": 0.0
  }
}