{
  "data": {
    "BotElev": 402.0,
    "Length": 2952.0296697800754,
    "OBJECTID": null,
    "PFAF": "3269943",
    "PFAF_CODE": 326994300000.0,
    "PF_TYPE": 5,
    "Shape_Leng": 0.02687394778,
    "Slope": 0.0,
    "TopElev": 402.0,
    "Tosegment": 3029154,
    "end_x": -110.6989583333334,
    "end_y": 63.83631944444454,
    "flow_acc": 1026.68,
    "seg_id": 3023799,
    "start_x": -110.68854166666682,
    "start_y": 63.81965277777789,
    "islake": 0,
    "lakeId": 0,
    "RATEACV": 0.0,
    "RATEBCV": 0.0,
    "lake_Vol": 0.0
  }
}