{
  "data": {
    "BotElev": 573.0,
    "Length": 903.3673720726953,
    "OBJECTID": null,
    "PFAF": "3288921",
    "PFAF_CODE": 328892100000.0,
    "PF_TYPE": 5,
    "Shape_Leng": 0.00589255651,
    "Slope": -0.001106969358109,
    "TopElev": 572.0,
    "Tosegment": 3037305,
    "end_x": -114.90729166666671,
    "end_y": 55.48006944444444,
    "flow_acc": 956.668,
    "seg_id": 3023011,
    "start_x": -114.91145833333343,
    "start_y": 55.4842361111111,
    "islake": 0,
    "lakeId": 0,
    "RATEACV": 0.0,
    "RATEBCV": 0.0,
    "lake_Vol": 0.0
  }
}