{
  "data": {
    "BotElev": 710.0,
    "Length": 44936.8523638364,
    "OBJECTID": null,
    "PFAF": "321881",
    "PFAF_CODE": 321881000000.0,
    "PF_TYPE": 4,
    "Shape_Leng": 0.47620986626,
    "Slope": 0.00605293841673,
    "TopElev": 982.0,
    "Tosegment": 3035010,
    "end_x": -129.20312500000006,
    "end_y": 64.65298611111115,
    "flow_acc": 1029.88,
    "seg_id": 3023835,
    "start_x": -128.81770833333348,
    "start_y": 64.48631944444446,
    "islake": 0,
    "lakeId": 0,
    "RATEACV": 0.0,
    "RATEBCV": 0.0,
    "lake_Vol": 0.0
  }
}