{
  "data": {
    "BotElev": 433.0,
    "Length": 56674.52227318732,
    "OBJECTID": null,
    "PFAF": "338685",
    "PFAF_CODE": 338685000000.0,
    "PF_TYPE": 4,
    "Shape_Leng": 0.5899006439,
    "Slope": 0.000776362962319,
    "TopElev": 477.0,
    "Tosegment": 3029664,
    "end_x": -109.52375000036221,
    "end_y": 56.22458333345412,
    "flow_acc": 999.036,
    "seg_id": 3023471,
    "start_x": -109.58166666658337,
    "start_y": 56.12999999980019,
    "islake": 0,
    "lakeId": 0,
    "RATEACV": 0.0,
    "RATEBCV": 0.0,
    "lake_Vol": 0.0
  }
}