{
  "data": {
    "BotElev": 158.0,
    "Length": 81965.98314899256,
    "OBJECTID": null,
    "PFAF": "323643",
    "PFAF_CODE": 323643000000.0,
    "PF_TYPE": 4,
    "Shape_Leng": 0.93652928044,
    "Slope": 0.002098431488186,
    "TopElev": 330.0,
    "Tosegment": 3026798,
    "end_x": -121.77604166666674,
    "end_y": 62.432152777777844,
    "flow_acc": 997.005,
    "seg_id": 3023448,
    "start_x": -120.99895833333346,
    "start_y": 62.29881944444452,
    "islake": 0,
    "lakeId": 0,
    "RATEACV": 0.0,
    "RATEBCV": 0.0,
    "lake_Vol": 0.0
  }
}