{
  "data": {
    "BotElev": 624.0,
    "Length": 39854.524019802484,
    "OBJECTID": null,
    "PFAF": "3126123",
    "PFAF_CODE": 312612300000.0,
    "PF_TYPE": 5,
    "Shape_Leng": 0.32872213178,
    "Slope": 0.002885494252619,
    "TopElev": 739.0,
    "Tosegment": 3026281,
    "end_x": -117.27708333333476,
    "end_y": 49.07041666666822,
    "flow_acc": 961.391,
    "seg_id": 3023062,
    "start_x": -117.22083333333495,
    "start_y": 49.29166666666811,
    "islake": 0,
    "lakeId": 0,
    "RATEACV": 0.0,
    "RATEBCV": 0.0,
    "lake_Vol": 0.0
  }
}