{
  "data": {
    "BotElev": 209.0,
    "Length": 21469.09813060181,
    "OBJECTID": null,
    "PFAF": "328252",
    "PFAF_CODE": 328252000000.0,
    "PF_TYPE": 5,
    "Shape_Leng": 0.28503073858,
    "Slope": 9.3157150237e-05,
    "TopElev": 211.0,
    "Tosegment": 3039769,
    "end_x": -111.79687500000011,
    "end_y": 58.484236111111215,
    "flow_acc": 1024.87,
    "seg_id": 3023777,
    "start_x": -112.00208333333347,
    "start_y": 58.291527777777844,
    "islake": 0,
    "lakeId": 0,
    "RATEACV": 0.0,
    "RATEBCV": 0.0,
    "lake_Vol": 0.0
  }
}