{
  "data": {
    "BotElev": 503.0,
    "Length": 61342.008175045696,
    "OBJECTID": null,
    "PFAF": "338972",
    "PFAF_CODE": 338972000000.0,
    "PF_TYPE": 5,
    "Shape_Leng": 0.70239643396,
    "Slope": 0.0008640082315,
    "TopElev": 556.0,
    "Tosegment": 3039911,
    "end_x": -110.27875000011232,
    "end_y": 54.383749999962674,
    "flow_acc": 973.447,
    "seg_id": 3023199,
    "start_x": -110.63499999985004,
    "start_y": 54.201666666483504,
    "islake": 0,
    "lakeId": 0,
    "RATEACV": 0.0,
    "RATEBCV": 0.0,
    "lake_Vol": 0.0
  }
}