{
  "data": {
    "BotElev": 852.0,
    "Length": 7179.793876075734,
    "OBJECTID": null,
    "PFAF": "342749041",
    "PFAF_CODE": 342749041000.0,
    "PF_TYPE": 4,
    "Shape_Leng": 0.07931980515,
    "Slope": 0.00013927976447,
    "TopElev": 853.0,
    "Tosegment": -9999,
    "end_x": -110.98375000000294,
    "end_y": 49.35125000000147,
    "flow_acc": 981.931,
    "seg_id": 3023299,
    "start_x": -110.9145833333364,
    "start_y": 49.36291666666801,
    "islake": 0,
    "lakeId": 0,
    "RATEACV": 0.0,
    "RATEBCV": 0.0,
    "lake_Vol": 0.0
  }
}