{
  "data": {
    "BotElev": 126.0,
    "Length": 90066.74799255218,
    "OBJECTID": null,
    "PFAF": "3153223",
    "PFAF_CODE": 315322300000.0,
    "PF_TYPE": 5,
    "Shape_Leng": 0.85821118874,
    "Slope": 0.003719463702938,
    "TopElev": 461.0,
    "Tosegment": 3029610,
    "end_x": -128.81041666666505,
    "end_y": 55.51291666666663,
    "flow_acc": 1002.14,
    "seg_id": 3023515,
    "start_x": -128.26499999999868,
    "start_y": 55.423333333333176,
    "islake": 0,
    "lakeId": 0,
    "RATEACV": 0.0,
    "RATEBCV": 0.0,
    "lake_Vol": 0.0
  }
}