{
  "data": {
    "BotElev": 614.0,
    "Length": 60786.031094818274,
    "OBJECTID": null,
    "PFAF": "342616",
    "PFAF_CODE": 342616000000.0,
    "PF_TYPE": 5,
    "Shape_Leng": 0.47752416998,
    "Slope": 0.001974137772095,
    "TopElev": 734.0,
    "Tosegment": 3042499,
    "end_x": -111.05125000000305,
    "end_y": 50.91458333333429,
    "flow_acc": 964.902,
    "seg_id": 3023105,
    "start_x": -111.24125000000288,
    "start_y": 51.16916666666759,
    "islake": 0,
    "lakeId": 0,
    "RATEACV": 0.0,
    "RATEBCV": 0.0,
    "lake_Vol": 0.0
  }
}