{
  "data": {
    "BotElev": 639.0,
    "Length": 25322.948487741312,
    "OBJECTID": null,
    "PFAF": "3248421",
    "PFAF_CODE": 324842100000.0,
    "PF_TYPE": 5,
    "Shape_Leng": 0.3303511302,
    "Slope": 0.00477827453855,
    "TopElev": 760.0,
    "Tosegment": 3037133,
    "end_x": -127.85520833333334,
    "end_y": 59.01131944444444,
    "flow_acc": 1019.95,
    "seg_id": 3023712,
    "start_x": -128.14479166666678,
    "start_y": 58.93006944444443,
    "islake": 0,
    "lakeId": 0,
    "RATEACV": 0.0,
    "RATEBCV": 0.0,
    "lake_Vol": 0.0
  }
}