{
  "data": {
    "BotElev": 740.0,
    "Length": 3189.47389491427,
    "OBJECTID": null,
    "PFAF": "3249963",
    "PFAF_CODE": 324996300000.0,
    "PF_TYPE": 5,
    "Shape_Leng": 0.02845177969,
    "Slope": 0.003762375989073,
    "TopElev": 752.0,
    "Tosegment": 3030755,
    "end_x": -129.45729166666672,
    "end_y": 61.57173611111119,
    "flow_acc": 966.543,
    "seg_id": 3023126,
    "start_x": -129.45937500000014,
    "start_y": 61.59465277777775,
    "islake": 0,
    "lakeId": 0,
    "RATEACV": 0.0,
    "RATEBCV": 0.0,
    "lake_Vol": 0.0
  }
}