{
  "data": {
    "BotElev": 743.0,
    "Length": 49576.601668328534,
    "OBJECTID": null,
    "PFAF": "329585",
    "PFAF_CODE": 329585000000.0,
    "PF_TYPE": 4,
    "Shape_Leng": 0.48763753579,
    "Slope": 0.0014522980111,
    "TopElev": 815.0,
    "Tosegment": 3033383,
    "end_x": -120.30104166666672,
    "end_y": 55.37798611111111,
    "flow_acc": 1014.06,
    "seg_id": 3023653,
    "start_x": -120.59687500000001,
    "start_y": 55.26965277777771,
    "islake": 0,
    "lakeId": 0,
    "RATEACV": 0.0,
    "RATEBCV": 0.0,
    "lake_Vol": 0.0
  }
}