{
  "data": {
    "BotElev": 506.0,
    "Length": 28099.701279387238,
    "OBJECTID": null,
    "PFAF": "3499221",
    "PFAF_CODE": 349922100000.0,
    "PF_TYPE": 5,
    "Shape_Leng": 0.21578006239,
    "Slope": 0.001779378346512,
    "TopElev": 556.0,
    "Tosegment": 3034313,
    "end_x": -104.9037500000046,
    "end_y": 50.59958333333452,
    "flow_acc": 1053.84,
    "seg_id": 3024096,
    "start_x": -104.8870833333379,
    "start_y": 50.446250000001044,
    "islake": 0,
    "lakeId": 0,
    "RATEACV": 0.0,
    "RATEBCV": 0.0,
    "lake_Vol": 0.0
  }
}