{
  "data": {
    "BotElev": 655.0,
    "Length": 17005.531007478043,
    "OBJECTID": null,
    "PFAF": "329781",
    "PFAF_CODE": 329781000000.0,
    "PF_TYPE": 4,
    "Shape_Leng": 0.14606812161,
    "Slope": -0.000176413191607,
    "TopElev": 652.0,
    "Tosegment": 3043460,
    "end_x": -123.03437500000013,
    "end_y": 56.06340277777781,
    "flow_acc": 1091.93,
    "seg_id": 3024493,
    "start_x": -123.16145833333348,
    "start_y": 56.109236111111215,
    "islake": 0,
    "lakeId": 0,
    "RATEACV": 0.0,
    "RATEBCV": 0.0,
    "lake_Vol": 0.0
  }
}