{
  "data": {
    "BotElev": 595.0,
    "Length": 84630.44073419801,
    "OBJECTID": null,
    "PFAF": "338893",
    "PFAF_CODE": 338893000000.0,
    "PF_TYPE": 3,
    "Shape_Leng": 0.71287022164,
    "Slope": 0.000791677313964,
    "TopElev": 662.0,
    "Tosegment": 3028698,
    "end_x": -109.69791666662081,
    "end_y": 54.93458333315442,
    "flow_acc": 1095.26,
    "seg_id": 3024517,
    "start_x": -110.00750000002489,
    "start_y": 55.301666666983124,
    "islake": 0,
    "lakeId": 0,
    "RATEACV": 0.0,
    "RATEBCV": 0.0,
    "lake_Vol": 0.0
  }
}