{
  "data": {
    "BotElev": 454.0,
    "Length": 31405.97753583033,
    "OBJECTID": null,
    "PFAF": "338762",
    "PFAF_CODE": 338762000000.0,
    "PF_TYPE": 5,
    "Shape_Leng": 0.39872634074,
    "Slope": 0.0,
    "TopElev": 454.0,
    "Tosegment": 3033060,
    "end_x": -107.55458333355398,
    "end_y": 54.705416666646045,
    "flow_acc": 1147.41,
    "seg_id": 3024983,
    "start_x": -107.19500000024976,
    "start_y": 54.749166667008126,
    "islake": 0,
    "lakeId": 0,
    "RATEACV": 0.0,
    "RATEBCV": 0.0,
    "lake_Vol": 0.0
  }
}