{
  "data": {
    "BotElev": 318.0,
    "Length": 12972.83841763299,
    "OBJECTID": null,
    "PFAF": "3336241",
    "PFAF_CODE": 333624100000.0,
    "PF_TYPE": 5,
    "Shape_Leng": 0.15526439998,
    "Slope": -0.000462504797088,
    "TopElev": 312.0,
    "Tosegment": 3036770,
    "end_x": -108.44687499968148,
    "end_y": 66.08631944488661,
    "flow_acc": 1071.23,
    "seg_id": 3024275,
    "start_x": -108.31145833343533,
    "start_y": 66.03840277756626,
    "islake": 0,
    "lakeId": 0,
    "RATEACV": 0.0,
    "RATEBCV": 0.0,
    "lake_Vol": 0.0
  }
}