{
  "data": {
    "BotElev": 568.0,
    "Length": 12797.467771068981,
    "OBJECTID": null,
    "PFAF": "323881",
    "PFAF_CODE": 323881000000.0,
    "PF_TYPE": 4,
    "Shape_Leng": 0.1557699013,
    "Slope": 0.010080119153855,
    "TopElev": 697.0,
    "Tosegment": 3034658,
    "end_x": -124.75729166666679,
    "end_y": 62.24881944444445,
    "flow_acc": 1095.86,
    "seg_id": 3024522,
    "start_x": -124.84687500000013,
    "start_y": 62.15923611111117,
    "islake": 0,
    "lakeId": 0,
    "RATEACV": 0.0,
    "RATEBCV": 0.0,
    "lake_Vol": 0.0
  }
}