{
  "data": {
    "BotElev": 858.0,
    "Length": 40017.79067465448,
    "OBJECTID": null,
    "PFAF": "38994783",
    "PFAF_CODE": 389947830000.0,
    "PF_TYPE": 6,
    "Shape_Leng": 0.30619462462,
    "Slope": 0.001399377603209,
    "TopElev": 914.0,
    "Tosegment": 3032636,
    "end_x": -109.81708333333074,
    "end_y": 49.09041666666462,
    "flow_acc": 1049.14,
    "seg_id": 3024045,
    "start_x": -110.0112499999974,
    "start_y": 49.23541666666466,
    "islake": 0,
    "lakeId": 0,
    "RATEACV": 0.0,
    "RATEBCV": 0.0,
    "lake_Vol": 0.0
  }
}