{
  "data": {
    "BotElev": 566.0,
    "Length": 29569.256156618278,
    "OBJECTID": null,
    "PFAF": "349763",
    "PFAF_CODE": 349763000000.0,
    "PF_TYPE": 4,
    "Shape_Leng": 0.2633739777,
    "Slope": 0.001183661834935,
    "TopElev": 601.0,
    "Tosegment": 3029310,
    "end_x": -103.8979166666715,
    "end_y": 50.936250000000996,
    "flow_acc": 1149.06,
    "seg_id": 3024995,
    "start_x": -104.00291666667152,
    "start_y": 51.03958333333435,
    "islake": 0,
    "lakeId": 0,
    "RATEACV": 0.0,
    "RATEBCV": 0.0,
    "lake_Vol": 0.0
  }
}