{
  "data": {
    "BotElev": 394.0,
    "Length": 76164.6831006,
    "OBJECTID": null,
    "PFAF": "3382778",
    "PFAF_CODE": 338277800000.0,
    "PF_TYPE": 6,
    "Shape_Leng": 0.8676096706,
    "Slope": 0.000512048345931,
    "TopElev": 433.0,
    "Tosegment": 3039694,
    "end_x": -103.33208333317924,
    "end_y": 58.21625000003746,
    "flow_acc": 1109.47,
    "seg_id": 3024667,
    "start_x": -103.90500000034962,
    "start_y": 58.25208333317926,
    "islake": 0,
    "lakeId": 0,
    "RATEACV": 0.0,
    "RATEBCV": 0.0,
    "lake_Vol": 0.0
  }
}