{
  "data": {
    "BotElev": 209.0,
    "Length": 62589.82725811654,
    "OBJECTID": null,
    "PFAF": "3285121",
    "PFAF_CODE": 328512100000.0,
    "PF_TYPE": 5,
    "Shape_Leng": 0.92824239414,
    "Slope": 0.000159770372249,
    "TopElev": 219.0,
    "Tosegment": 3044326,
    "end_x": -111.20937500000014,
    "end_y": 58.69881944444455,
    "flow_acc": 1124.48,
    "seg_id": 3024786,
    "start_x": -110.29479166666681,
    "start_y": 58.705069444444575,
    "islake": 0,
    "lakeId": 0,
    "RATEACV": 0.0,
    "RATEBCV": 0.0,
    "lake_Vol": 0.0
  }
}