{
  "data": {
    "BotElev": 914.0,
    "Length": 65079.6543779737,
    "OBJECTID": null,
    "PFAF": "342665",
    "PFAF_CODE": 342665000000.0,
    "PF_TYPE": 4,
    "Shape_Leng": 0.47578899073,
    "Slope": 0.000476339345934,
    "TopElev": 945.0,
    "Tosegment": 3031311,
    "end_x": -114.35958333333554,
    "end_y": 52.34291666666729,
    "flow_acc": 1062.33,
    "seg_id": 3024181,
    "start_x": -114.54166666666879,
    "start_y": 52.656666666667206,
    "islake": 0,
    "lakeId": 0,
    "RATEACV": 0.0,
    "RATEBCV": 0.0,
    "lake_Vol": 0.0
  }
}