{
  "data": {
    "BotElev": 386.0,
    "Length": 51906.445685241924,
    "OBJECTID": null,
    "PFAF": "32689",
    "PFAF_CODE": 326890000000.0,
    "PF_TYPE": 3,
    "Shape_Leng": 0.5733936835,
    "Slope": 0.000481635751976,
    "TopElev": 411.0,
    "Tosegment": 3031388,
    "end_x": -110.75520833333348,
    "end_y": 63.20923611111118,
    "flow_acc": 1062.4,
    "seg_id": 3024184,
    "start_x": -111.07083333333338,
    "start_y": 63.40611111111116,
    "islake": 0,
    "lakeId": 0,
    "RATEACV": 0.0,
    "RATEBCV": 0.0,
    "lake_Vol": 0.0
  }
}