{
  "data": {
    "BotElev": 805.0,
    "Length": 349.49023835109875,
    "OBJECTID": null,
    "PFAF": "3247481",
    "PFAF_CODE": 324748100000.0,
    "PF_TYPE": 5,
    "Shape_Leng": 0.00416666667,
    "Slope": -0.005722620492738,
    "TopElev": 803.0,
    "Tosegment": 3032746,
    "end_x": -125.7135416666668,
    "end_y": 58.74881944444445,
    "flow_acc": 1059.97,
    "seg_id": 3024154,
    "start_x": -125.7177083333334,
    "start_y": 58.74881944444445,
    "islake": 0,
    "lakeId": 0,
    "RATEACV": 0.0,
    "RATEBCV": 0.0,
    "lake_Vol": 0.0
  }
}