{
  "data": {
    "BotElev": 666.0,
    "Length": 38991.27059914723,
    "OBJECTID": null,
    "PFAF": "38023",
    "PFAF_CODE": 380230000000.0,
    "PF_TYPE": 3,
    "Shape_Leng": 0.33024582105,
    "Slope": 0.000102587064708,
    "TopElev": 670.0,
    "Tosegment": 3027338,
    "end_x": -105.73291666666432,
    "end_y": 49.817916666664644,
    "flow_acc": 1088.53,
    "seg_id": 3024449,
    "start_x": -105.79583333333113,
    "start_y": 49.60249999999792,
    "islake": 0,
    "lakeId": 0,
    "RATEACV": 0.0,
    "RATEBCV": 0.0,
    "lake_Vol": 0.0
  }
}