{
  "data": {
    "BotElev": 179.0,
    "Length": 3281.4471058356867,
    "OBJECTID": null,
    "PFAF": "333543",
    "PFAF_CODE": 333543000000.0,
    "PF_TYPE": 4,
    "Shape_Leng": 0.05883883555,
    "Slope": 0.0,
    "TopElev": 179.0,
    "Tosegment": 3028653,
    "end_x": -113.53020833334779,
    "end_y": 67.62173611103276,
    "flow_acc": 1079.69,
    "seg_id": 3024348,
    "start_x": -113.58645833368513,
    "start_y": 67.61965277755371,
    "islake": 0,
    "lakeId": 0,
    "RATEACV": 0.0,
    "RATEBCV": 0.0,
    "lake_Vol": 0.0
  }
}