{
  "data": {
    "BotElev": 8.0,
    "Length": 71579.821283468,
    "OBJECTID": null,
    "PFAF": "3212114",
    "PFAF_CODE": 321211400000.0,
    "PF_TYPE": 6,
    "Shape_Leng": 1.01471560804,
    "Slope": 0.004791853260455,
    "TopElev": 351.0,
    "Tosegment": 3043531,
    "end_x": -134.8906250000001,
    "end_y": 67.44673611111119,
    "flow_acc": 1100.83,
    "seg_id": 3024573,
    "start_x": -135.73958333333343,
    "start_y": 67.3592361111111,
    "islake": 0,
    "lakeId": 0,
    "RATEACV": 0.0,
    "RATEBCV": 0.0,
    "lake_Vol": 0.0
  }
}