{
  "data": {
    "BotElev": 157.0,
    "Length": 98538.59739434964,
    "OBJECTID": null,
    "PFAF": "326232",
    "PFAF_CODE": 326232000000.0,
    "PF_TYPE": 5,
    "Shape_Leng": 1.38353963701,
    "Slope": 0.000629195073194,
    "TopElev": 219.0,
    "Tosegment": 3043219,
    "end_x": -115.03437500000001,
    "end_y": 62.33215277777788,
    "flow_acc": 1094.88,
    "seg_id": 3024514,
    "start_x": -116.18333333333345,
    "start_y": 62.310277777777856,
    "islake": 0,
    "lakeId": 0,
    "RATEACV": 0.0,
    "RATEBCV": 0.0,
    "lake_Vol": 0.0
  }
}