{
  "data": {
    "BotElev": 495.0,
    "Length": 60568.555775632354,
    "OBJECTID": null,
    "PFAF": "325481",
    "PFAF_CODE": 325481000000.0,
    "PF_TYPE": 4,
    "Shape_Leng": 0.68549287485,
    "Slope": 0.000660408680507,
    "TopElev": 535.0,
    "Tosegment": 3035744,
    "end_x": -121.1510416666668,
    "end_y": 60.73631944444452,
    "flow_acc": 1115.7,
    "seg_id": 3024722,
    "start_x": -121.69062500000007,
    "start_y": 60.830069444444575,
    "islake": 0,
    "lakeId": 0,
    "RATEACV": 0.0,
    "RATEBCV": 0.0,
    "lake_Vol": 0.0
  }
}