{
  "data": {
    "BotElev": 156.0,
    "Length": 32027.885465869218,
    "OBJECTID": null,
    "PFAF": "32296",
    "PFAF_CODE": 322960000000.0,
    "PF_TYPE": 4,
    "Shape_Leng": 0.52686868671,
    "Slope": 0.000999129337905,
    "TopElev": 188.0,
    "Tosegment": 3034615,
    "end_x": -120.25520833333337,
    "end_y": 66.95923611111118,
    "flow_acc": 1142.35,
    "seg_id": 3024943,
    "start_x": -119.84166666666681,
    "start_y": 67.04673611111122,
    "islake": 0,
    "lakeId": 0,
    "RATEACV": 0.0,
    "RATEBCV": 0.0,
    "lake_Vol": 0.0
  }
}