{
  "data": {
    "BotElev": 805.0,
    "Length": 5317.698620287466,
    "OBJECTID": null,
    "PFAF": "3247491",
    "PFAF_CODE": 324749100000.0,
    "PF_TYPE": 4,
    "Shape_Leng": 0.06847928684,
    "Slope": 0.002068564013394,
    "TopElev": 816.0,
    "Tosegment": 3032746,
    "end_x": -125.7135416666668,
    "end_y": 58.74881944444445,
    "flow_acc": 1074.61,
    "seg_id": 3024309,
    "start_x": -125.74479166666669,
    "start_y": 58.70090277777774,
    "islake": 0,
    "lakeId": 0,
    "RATEACV": 0.0,
    "RATEBCV": 0.0,
    "lake_Vol": 0.0
  }
}