{
  "data": {
    "BotElev": 311.0,
    "Length": 71630.301301313,
    "OBJECTID": null,
    "PFAF": "327692",
    "PFAF_CODE": 327692000000.0,
    "PF_TYPE": 5,
    "Shape_Leng": 1.01716908623,
    "Slope": 0.001186648645277,
    "TopElev": 396.0,
    "Tosegment": 3040950,
    "end_x": -109.1364583333334,
    "end_y": 61.84048611111103,
    "flow_acc": 1081.49,
    "seg_id": 3024370,
    "start_x": -108.28541666666672,
    "start_y": 62.09777777777771,
    "islake": 0,
    "lakeId": 0,
    "RATEACV": 0.0,
    "RATEBCV": 0.0,
    "lake_Vol": 0.0
  }
}