{
  "data": {
    "BotElev": 334.0,
    "Length": 12997.35849632729,
    "OBJECTID": null,
    "PFAF": "3293293",
    "PFAF_CODE": 329329300000.0,
    "PF_TYPE": 4,
    "Shape_Leng": 0.11029401145,
    "Slope": 0.000461632261793,
    "TopElev": 340.0,
    "Tosegment": 3030236,
    "end_x": -117.29479166666675,
    "end_y": 58.15506944444445,
    "flow_acc": 1176.86,
    "seg_id": 3025258,
    "start_x": -117.28020833333346,
    "start_y": 58.0759027777778,
    "islake": 0,
    "lakeId": 0,
    "RATEACV": 0.0,
    "RATEBCV": 0.0,
    "lake_Vol": 0.0
  }
}