{
  "data": {
    "BotElev": 401.0,
    "Length": 35985.99758428567,
    "OBJECTID": null,
    "PFAF": "3334841",
    "PFAF_CODE": 333484100000.0,
    "PF_TYPE": 5,
    "Shape_Leng": 0.56636002956,
    "Slope": 0.001194909211542,
    "TopElev": 444.0,
    "Tosegment": 3031777,
    "end_x": -111.37604166708923,
    "end_y": 64.96131944443698,
    "flow_acc": 1166.58,
    "seg_id": 3025175,
    "start_x": -110.87187500023106,
    "start_y": 65.08006944464927,
    "islake": 0,
    "lakeId": 0,
    "RATEACV": 0.0,
    "RATEBCV": 0.0,
    "lake_Vol": 0.0
  }
}