{
  "data": {
    "BotElev": 489.0,
    "Length": 19994.549410309235,
    "OBJECTID": null,
    "PFAF": "3295421",
    "PFAF_CODE": 329542100000.0,
    "PF_TYPE": 5,
    "Shape_Leng": 0.18422168098,
    "Slope": 0.004251158566053,
    "TopElev": 574.0,
    "Tosegment": 3033151,
    "end_x": -119.50937500000003,
    "end_y": 56.377986111111056,
    "flow_acc": 1213.7,
    "seg_id": 3025576,
    "start_x": -119.55312500000008,
    "start_y": 56.48006944444444,
    "islake": 0,
    "lakeId": 0,
    "RATEACV": 0.0,
    "RATEBCV": 0.0,
    "lake_Vol": 0.0
  }
}