{
  "data": {
    "BotElev": 837.0,
    "Length": 107265.31197949825,
    "OBJECTID": null,
    "PFAF": "342482",
    "PFAF_CODE": 342482000000.0,
    "PF_TYPE": 5,
    "Shape_Leng": 1.07805384139,
    "Slope": 0.003188355990289,
    "TopElev": 1179.0,
    "Tosegment": 3037373,
    "end_x": -115.3137500000019,
    "end_y": 52.88708333333386,
    "flow_acc": 1184.14,
    "seg_id": 3025314,
    "start_x": -116.04583333333511,
    "start_y": 52.66833333333392,
    "islake": 0,
    "lakeId": 0,
    "RATEACV": 0.0,
    "RATEBCV": 0.0,
    "lake_Vol": 0.0
  }
}