{
  "data": {
    "BotElev": 509.0,
    "Length": 29837.284150855794,
    "OBJECTID": null,
    "PFAF": "3294741",
    "PFAF_CODE": 329474100000.0,
    "PF_TYPE": 5,
    "Shape_Leng": 0.28028980259,
    "Slope": 0.005094297431076,
    "TopElev": 661.0,
    "Tosegment": 3039473,
    "end_x": -118.66145833333348,
    "end_y": 55.059236111111204,
    "flow_acc": 1195.92,
    "seg_id": 3025414,
    "start_x": -118.69687500000009,
    "start_y": 54.89256944444446,
    "islake": 0,
    "lakeId": 0,
    "RATEACV": 0.0,
    "RATEBCV": 0.0,
    "lake_Vol": 0.0
  }
}