{
  "data": {
    "BotElev": 335.0,
    "Length": 64010.88057940645,
    "OBJECTID": null,
    "PFAF": "33827221",
    "PFAF_CODE": 338272210000.0,
    "PF_TYPE": 6,
    "Shape_Leng": 0.54395779213,
    "Slope": -1.562234406e-05,
    "TopElev": 334.0,
    "Tosegment": 3031790,
    "end_x": -101.9612500001873,
    "end_y": 57.70041666659591,
    "flow_acc": 1248.47,
    "seg_id": 3025852,
    "start_x": -101.79124999998749,
    "start_y": 58.13875000001252,
    "islake": 0,
    "lakeId": 0,
    "RATEACV": 0.0,
    "RATEBCV": 0.0,
    "lake_Vol": 0.0
  }
}