{
  "data": {
    "BotElev": 268.0,
    "Length": 25403.149739428583,
    "OBJECTID": null,
    "PFAF": "329227",
    "PFAF_CODE": 329227000000.0,
    "PF_TYPE": 4,
    "Shape_Leng": 0.31380711875,
    "Slope": 0.000236191183438,
    "TopElev": 274.0,
    "Tosegment": 3029141,
    "end_x": -115.7947916666667,
    "end_y": 58.24881944444451,
    "flow_acc": 1259.09,
    "seg_id": 3025923,
    "start_x": -116.09479166666671,
    "start_y": 58.265486111111215,
    "islake": 0,
    "lakeId": 0,
    "RATEACV": 0.0,
    "RATEBCV": 0.0,
    "lake_Vol": 0.0
  }
}