{
  "data": {
    "BotElev": 15.0,
    "Length": 65730.92449877005,
    "OBJECTID": null,
    "PFAF": "3212116",
    "PFAF_CODE": 321211600000.0,
    "PF_TYPE": 6,
    "Shape_Leng": 0.88172701684,
    "Slope": 0.000623755109374,
    "TopElev": 56.0,
    "Tosegment": 3043517,
    "end_x": -134.85937500000006,
    "end_y": 67.34881944444447,
    "flow_acc": 1179.22,
    "seg_id": 3025272,
    "start_x": -134.06458333333342,
    "start_y": 67.24361111111119,
    "islake": 0,
    "lakeId": 0,
    "RATEACV": 0.0,
    "RATEBCV": 0.0,
    "lake_Vol": 0.0
  }
}