{
  "data": {
    "BotElev": 415.0,
    "Length": 45896.70411982401,
    "OBJECTID": null,
    "PFAF": "3246943",
    "PFAF_CODE": 324694300000.0,
    "PF_TYPE": 5,
    "Shape_Leng": 0.4712056574,
    "Slope": 0.004793372513757,
    "TopElev": 635.0,
    "Tosegment": 3029117,
    "end_x": -121.5260416666668,
    "end_y": 57.94256944444447,
    "flow_acc": 1172.67,
    "seg_id": 3025228,
    "start_x": -121.60729166666681,
    "start_y": 57.646736111111125,
    "islake": 0,
    "lakeId": 0,
    "RATEACV": 0.0,
    "RATEBCV": 0.0,
    "lake_Vol": 0.0
  }
}