{
  "data": {
    "BotElev": 297.0,
    "Length": 79168.12622672325,
    "OBJECTID": null,
    "PFAF": "323587",
    "PFAF_CODE": 323587000000.0,
    "PF_TYPE": 4,
    "Shape_Leng": 0.9863124546,
    "Slope": 0.001338922683309,
    "TopElev": 403.0,
    "Tosegment": 3030675,
    "end_x": -122.7781250000001,
    "end_y": 63.173819444444575,
    "flow_acc": 1189.63,
    "seg_id": 3025365,
    "start_x": -122.24583333333345,
    "start_y": 62.98111111111109,
    "islake": 0,
    "lakeId": 0,
    "RATEACV": 0.0,
    "RATEBCV": 0.0,
    "lake_Vol": 0.0
  }
}