{
  "data": {
    "BotElev": 728.0,
    "Length": 86641.55271650734,
    "OBJECTID": null,
    "PFAF": "312829",
    "PFAF_CODE": 312829000000.0,
    "PF_TYPE": 4,
    "Shape_Leng": 0.71975940905,
    "Slope": 0.002827742489815,
    "TopElev": 973.0,
    "Tosegment": 3029235,
    "end_x": -118.85958333333446,
    "end_y": 52.57208333333409,
    "flow_acc": 1264.35,
    "seg_id": 3025976,
    "start_x": -119.41333333333426,
    "start_y": 52.724166666667315,
    "islake": 0,
    "lakeId": 0,
    "RATEACV": 0.0,
    "RATEBCV": 0.0,
    "lake_Vol": 0.0
  }
}