{
  "data": {
    "BotElev": 344.0,
    "Length": 38489.22342851556,
    "OBJECTID": null,
    "PFAF": "336841",
    "PFAF_CODE": 336841000000.0,
    "PF_TYPE": 4,
    "Shape_Leng": 0.52715954233,
    "Slope": 0.000883364146412,
    "TopElev": 378.0,
    "Tosegment": 3036428,
    "end_x": -105.49687500018103,
    "end_y": 62.22798611146993,
    "flow_acc": 1249.05,
    "seg_id": 3025857,
    "start_x": -105.91145833373508,
    "start_y": 62.04256944442443,
    "islake": 0,
    "lakeId": 0,
    "RATEACV": 0.0,
    "RATEBCV": 0.0,
    "lake_Vol": 0.0
  }
}