{
  "data": {
    "BotElev": 675.0,
    "Length": 45791.62817014035,
    "OBJECTID": null,
    "PFAF": "324844",
    "PFAF_CODE": 324844000000.0,
    "PF_TYPE": 5,
    "Shape_Leng": 0.36232345746,
    "Slope": 0.002424023875884,
    "TopElev": 786.0,
    "Tosegment": 3036390,
    "end_x": -127.83437500000002,
    "end_y": 58.7654861111111,
    "flow_acc": 1157.26,
    "seg_id": 3025076,
    "start_x": -127.60208333333344,
    "start_y": 58.55194444444447,
    "islake": 0,
    "lakeId": 0,
    "RATEACV": 0.0,
    "RATEBCV": 0.0,
    "lake_Vol": 0.0
  }
}