{
  "data": {
    "BotElev": 105.0,
    "Length": 42470.606420479264,
    "OBJECTID": null,
    "PFAF": "3215623",
    "PFAF_CODE": 321562300000.0,
    "PF_TYPE": 5,
    "Shape_Leng": 0.55040824894,
    "Slope": 0.000965373547862,
    "TopElev": 146.0,
    "Tosegment": 3030570,
    "end_x": -130.9989583333334,
    "end_y": 66.63423611111119,
    "flow_acc": 1239.86,
    "seg_id": 3025779,
    "start_x": -131.4802083333334,
    "start_y": 66.70923611111101,
    "islake": 0,
    "lakeId": 0,
    "RATEACV": 0.0,
    "RATEBCV": 0.0,
    "lake_Vol": 0.0
  }
}