{
  "data": {
    "BotElev": 261.0,
    "Length": 102713.23514626021,
    "OBJECTID": null,
    "PFAF": "322922",
    "PFAF_CODE": 322922000000.0,
    "PF_TYPE": 5,
    "Shape_Leng": 1.29498218712,
    "Slope": 0.001898489515225,
    "TopElev": 456.0,
    "Tosegment": 3034051,
    "end_x": -120.55520833333338,
    "end_y": 67.18006944444454,
    "flow_acc": 1195.21,
    "seg_id": 3025410,
    "start_x": -120.36875000000009,
    "start_y": 67.71652777777774,
    "islake": 0,
    "lakeId": 0,
    "RATEACV": 0.0,
    "RATEBCV": 0.0,
    "lake_Vol": 0.0
  }
}