{
  "data": {
    "BotElev": 150.0,
    "Length": 74176.52579290436,
    "OBJECTID": null,
    "PFAF": "3333645",
    "PFAF_CODE": 333364500000.0,
    "PF_TYPE": 5,
    "Shape_Leng": 1.17942159563,
    "Slope": 0.004758917949131,
    "TopElev": 503.0,
    "Tosegment": 3031830,
    "end_x": -118.26354166681438,
    "end_y": 68.09881944446187,
    "flow_acc": 1225.16,
    "seg_id": 3025656,
    "start_x": -119.34791666622101,
    "start_y": 68.12381944441194,
    "islake": 0,
    "lakeId": 0,
    "RATEACV": 0.0,
    "RATEBCV": 0.0,
    "lake_Vol": 0.0
  }
}