{
  "data": {
    "BotElev": 265.0,
    "Length": 129857.1573282894,
    "OBJECTID": null,
    "PFAF": "326294",
    "PFAF_CODE": 326294000000.0,
    "PF_TYPE": 5,
    "Shape_Leng": 1.77058276183,
    "Slope": 0.000338833845629,
    "TopElev": 309.0,
    "Tosegment": 3039328,
    "end_x": -117.4510416666667,
    "end_y": 63.271736111111125,
    "flow_acc": 1167.49,
    "seg_id": 3025190,
    "start_x": -119.08645833333338,
    "start_y": 63.44569444444454,
    "islake": 0,
    "lakeId": 0,
    "RATEACV": 0.0,
    "RATEBCV": 0.0,
    "lake_Vol": 0.0
  }
}