{
  "data": {
    "BotElev": 464.0,
    "Length": 77442.24775837427,
    "OBJECTID": null,
    "PFAF": "32841693",
    "PFAF_CODE": 328416930000.0,
    "PF_TYPE": 5,
    "Shape_Leng": 0.79855444281,
    "Slope": 0.000632729568399,
    "TopElev": 513.0,
    "Tosegment": 3031642,
    "end_x": -108.83229166666683,
    "end_y": 58.15715277777781,
    "flow_acc": 1263.3,
    "seg_id": 3025964,
    "start_x": -108.91145833333348,
    "start_y": 57.891527777777924,
    "islake": 0,
    "lakeId": 0,
    "RATEACV": 0.0,
    "RATEBCV": 0.0,
    "lake_Vol": 0.0
  }
}