{
  "data": {
    "BotElev": 94.0,
    "Length": 75524.2599869494,
    "OBJECTID": null,
    "PFAF": "323574",
    "PFAF_CODE": 323574000000.0,
    "PF_TYPE": 5,
    "Shape_Leng": 0.94626172393,
    "Slope": 0.003548528645581,
    "TopElev": 362.0,
    "Tosegment": 3045311,
    "end_x": -123.69895833333345,
    "end_y": 63.467569444444564,
    "flow_acc": 1166.23,
    "seg_id": 3025172,
    "start_x": -122.90416666666681,
    "start_y": 63.482152777777856,
    "islake": 0,
    "lakeId": 0,
    "RATEACV": 0.0,
    "RATEBCV": 0.0,
    "lake_Vol": 0.0
  }
}