{
  "data": {
    "BotElev": 298.0,
    "Length": 80301.6282323385,
    "OBJECTID": null,
    "PFAF": "321274",
    "PFAF_CODE": 321274000000.0,
    "PF_TYPE": 5,
    "Shape_Leng": 1.00979812952,
    "Slope": 0.004570268474982,
    "TopElev": 665.0,
    "Tosegment": 3041628,
    "end_x": -136.0114583333334,
    "end_y": 65.8925694444444,
    "flow_acc": 1243.16,
    "seg_id": 3025803,
    "start_x": -136.03958333333344,
    "start_y": 66.30715277777784,
    "islake": 0,
    "lakeId": 0,
    "RATEACV": 0.0,
    "RATEBCV": 0.0,
    "lake_Vol": 0.0
  }
}