{
  "data": {
    "BotElev": 140.0,
    "Length": 54658.11048172583,
    "OBJECTID": null,
    "PFAF": "33189",
    "PFAF_CODE": 331890000000.0,
    "PF_TYPE": 3,
    "Shape_Leng": 0.68731075496,
    "Slope": 3.659109293e-05,
    "TopElev": 142.0,
    "Tosegment": 3029167,
    "end_x": -131.6281249996689,
    "end_y": 68.02798611067055,
    "flow_acc": 1181.66,
    "seg_id": 3025288,
    "start_x": -131.0729166670705,
    "start_y": 67.83006944454922,
    "islake": 0,
    "lakeId": 0,
    "RATEACV": 0.0,
    "RATEBCV": 0.0,
    "lake_Vol": 0.0
  }
}