{
  "data": {
    "BotElev": 582.0,
    "Length": 111390.79231266647,
    "OBJECTID": null,
    "PFAF": "328896",
    "PFAF_CODE": 328896000000.0,
    "PF_TYPE": 5,
    "Shape_Leng": 0.98473680191,
    "Slope": 0.001795480540605,
    "TopElev": 782.0,
    "Tosegment": 3035218,
    "end_x": -116.38854166666675,
    "end_y": 55.51965277777788,
    "flow_acc": 1226.01,
    "seg_id": 3025666,
    "start_x": -116.35208333333338,
    "start_y": 54.96548611111109,
    "islake": 0,
    "lakeId": 0,
    "RATEACV": 0.0,
    "RATEBCV": 0.0,
    "lake_Vol": 0.0
  }
}