{
  "data": {
    "BotElev": 359.0,
    "Length": 45269.500098389224,
    "OBJECTID": null,
    "PFAF": "336298",
    "PFAF_CODE": 336298000000.0,
    "PF_TYPE": 5,
    "Shape_Leng": 0.47228542897,
    "Slope": 0.0,
    "TopElev": 359.0,
    "Tosegment": 3032996,
    "end_x": -103.04270833362261,
    "end_y": 60.47381944441196,
    "flow_acc": 1190.08,
    "seg_id": 3025370,
    "start_x": -102.74999999960028,
    "start_y": 60.824861111351254,
    "islake": 0,
    "lakeId": 0,
    "RATEACV": 0.0,
    "RATEBCV": 0.0,
    "lake_Vol": 0.0
  }
}