{
  "data": {
    "BotElev": 735.0,
    "Length": 12088.61342087509,
    "OBJECTID": null,
    "PFAF": "3128541",
    "PFAF_CODE": 312854100000.0,
    "PF_TYPE": 5,
    "Shape_Leng": 0.12493656796,
    "Slope": 0.007196855170318,
    "TopElev": 822.0,
    "Tosegment": 3039325,
    "end_x": -117.42375000000152,
    "end_y": 51.53541666666763,
    "flow_acc": 1168.04,
    "seg_id": 3025193,
    "start_x": -117.48458333333474,
    "start_y": 51.4612500000012,
    "islake": 0,
    "lakeId": 0,
    "RATEACV": 0.0,
    "RATEBCV": 0.0,
    "lake_Vol": 0.0
  }
}