{
  "data": {
    "BotElev": 404.0,
    "Length": 3945.4568415552794,
    "OBJECTID": null,
    "PFAF": "326547",
    "PFAF_CODE": 326547000000.0,
    "PF_TYPE": 4,
    "Shape_Leng": 0.05217006367,
    "Slope": 0.0,
    "TopElev": 404.0,
    "Tosegment": 3031507,
    "end_x": -112.23229166666681,
    "end_y": 63.336319444444484,
    "flow_acc": 1150.68,
    "seg_id": 3025015,
    "start_x": -112.19479166666673,
    "start_y": 63.37173611111109,
    "islake": 0,
    "lakeId": 0,
    "RATEACV": 0.0,
    "RATEBCV": 0.0,
    "lake_Vol": 0.0
  }
}