{
  "data": {
    "BotElev": 156.0,
    "Length": 92419.29862860986,
    "OBJECTID": null,
    "PFAF": "322682",
    "PFAF_CODE": 322682000000.0,
    "PF_TYPE": 5,
    "Shape_Leng": 1.33325404329,
    "Slope": 0.000205584767272,
    "TopElev": 175.0,
    "Tosegment": 3033045,
    "end_x": -124.16562500000009,
    "end_y": 66.16548611111108,
    "flow_acc": 1247.93,
    "seg_id": 3025846,
    "start_x": -123.10208333333344,
    "start_y": 65.95402777777787,
    "islake": 0,
    "lakeId": 0,
    "RATEACV": 0.0,
    "RATEBCV": 0.0,
    "lake_Vol": 0.0
  }
}