{
  "data": {
    "BotElev": 354.0,
    "Length": 29504.007738410743,
    "OBJECTID": null,
    "PFAF": "333641",
    "PFAF_CODE": 333641000000.0,
    "PF_TYPE": 4,
    "Shape_Leng": 0.42546957773,
    "Slope": 0.002406452731083,
    "TopElev": 425.0,
    "Tosegment": 3038463,
    "end_x": -110.07604166698923,
    "end_y": 66.39465277820318,
    "flow_acc": 1203.18,
    "seg_id": 3025490,
    "start_x": -110.45729166667707,
    "start_y": 66.42590277769119,
    "islake": 0,
    "lakeId": 0,
    "RATEACV": 0.0,
    "RATEBCV": 0.0,
    "lake_Vol": 0.0
  }
}