{
  "data": {
    "BotElev": 503.0,
    "Length": 32196.200021711567,
    "OBJECTID": null,
    "PFAF": "3152441",
    "PFAF_CODE": 315244100000.0,
    "PF_TYPE": 5,
    "Shape_Leng": 0.37340866983,
    "Slope": 0.005714960146723,
    "TopElev": 687.0,
    "Tosegment": 3038278,
    "end_x": -127.05291666666568,
    "end_y": 54.69875000000013,
    "flow_acc": 1205.46,
    "seg_id": 3025511,
    "start_x": -127.3654166666654,
    "start_y": 54.606250000000045,
    "islake": 0,
    "lakeId": 0,
    "RATEACV": 0.0,
    "RATEBCV": 0.0,
    "lake_Vol": 0.0
  }
}