{
  "data": {
    "BotElev": 335.0,
    "Length": 91837.66353298891,
    "OBJECTID": null,
    "PFAF": "338242",
    "PFAF_CODE": 338242000000.0,
    "PF_TYPE": 5,
    "Shape_Leng": 0.86905468603,
    "Slope": 0.000359329699063,
    "TopElev": 368.0,
    "Tosegment": 3032127,
    "end_x": -102.12124999968768,
    "end_y": 57.21625000023732,
    "flow_acc": 1152.14,
    "seg_id": 3025030,
    "start_x": -101.73749999982505,
    "start_y": 56.94583333354166,
    "islake": 0,
    "lakeId": 0,
    "RATEACV": 0.0,
    "RATEBCV": 0.0,
    "lake_Vol": 0.0
  }
}