{
  "data": {
    "BotElev": 46.0,
    "Length": 65156.798636840475,
    "OBJECTID": null,
    "PFAF": "3154321",
    "PFAF_CODE": 315432100000.0,
    "PF_TYPE": 5,
    "Shape_Leng": 0.62145183951,
    "Slope": 0.003698769814386,
    "TopElev": 287.0,
    "Tosegment": 3042303,
    "end_x": -131.81291666666436,
    "end_y": 57.21624999999949,
    "flow_acc": 1188.69,
    "seg_id": 3025349,
    "start_x": -131.3754166666646,
    "start_y": 57.23458333333292,
    "islake": 0,
    "lakeId": 0,
    "RATEACV": 0.0,
    "RATEBCV": 0.0,
    "lake_Vol": 0.0
  }
}