{
  "data": {
    "BotElev": 680.0,
    "Length": 23050.949811130562,
    "OBJECTID": null,
    "PFAF": "34244721",
    "PFAF_CODE": 342447210000.0,
    "PF_TYPE": 6,
    "Shape_Leng": 0.24934012733,
    "Slope": 0.000737496725267,
    "TopElev": 697.0,
    "Tosegment": 3037559,
    "end_x": -112.74375000000265,
    "end_y": 52.84625000000062,
    "flow_acc": 1282.93,
    "seg_id": 3026134,
    "start_x": -112.53291666666934,
    "start_y": 52.87125000000054,
    "islake": 0,
    "lakeId": 0,
    "RATEACV": 0.0,
    "RATEBCV": 0.0,
    "lake_Vol": 0.0
  }
}