{
  "data": {
    "BotElev": 465.0,
    "Length": 30611.264165736902,
    "OBJECTID": null,
    "PFAF": "3188341",
    "PFAF_CODE": 318834100000.0,
    "PF_TYPE": 5,
    "Shape_Leng": 0.32216585481,
    "Slope": 0.001666053375773,
    "TopElev": 516.0,
    "Tosegment": 3042262,
    "end_x": -136.72812499999992,
    "end_y": 63.3800694444447,
    "flow_acc": 1400.24,
    "seg_id": 3026965,
    "start_x": -136.49479166666674,
    "start_y": 63.25715277777783,
    "islake": 0,
    "lakeId": 0,
    "RATEACV": 0.0,
    "RATEBCV": 0.0,
    "lake_Vol": 0.0
  }
}