{
  "data": {
    "BotElev": 738.0,
    "Length": 131801.57721700286,
    "OBJECTID": null,
    "PFAF": "3249823",
    "PFAF_CODE": 324982300000.0,
    "PF_TYPE": 5,
    "Shape_Leng": 1.47122579905,
    "Slope": 0.002989342072525,
    "TopElev": 1132.0,
    "Tosegment": 3030984,
    "end_x": -129.83020833333342,
    "end_y": 60.33840277777779,
    "flow_acc": 1346.08,
    "seg_id": 3026604,
    "start_x": -131.13333333333344,
    "start_y": 60.39465277777788,
    "islake": 0,
    "lakeId": 0,
    "RATEACV": 0.0,
    "RATEBCV": 0.0,
    "lake_Vol": 0.0
  }
}