{
  "data": {
    "BotElev": 468.0,
    "Length": 98167.9710199973,
    "OBJECTID": null,
    "PFAF": "3333363",
    "PFAF_CODE": 333336300000.0,
    "PF_TYPE": 5,
    "Shape_Leng": 1.33357774016,
    "Slope": 0.001028848808329,
    "TopElev": 569.0,
    "Tosegment": 3031106,
    "end_x": -120.98854166676449,
    "end_y": 69.30090277734149,
    "flow_acc": 1298.91,
    "seg_id": 3026258,
    "start_x": -120.21875000021225,
    "start_y": 68.94673611108283,
    "islake": 0,
    "lakeId": 0,
    "RATEACV": 0.0,
    "RATEBCV": 0.0,
    "lake_Vol": 0.0
  }
}