{
  "data": {
    "BotElev": 170.0,
    "Length": 19625.29609427925,
    "OBJECTID": null,
    "PFAF": "326165",
    "PFAF_CODE": 326165000000.0,
    "PF_TYPE": 4,
    "Shape_Leng": 0.29163074179,
    "Slope": -5.0954645229e-05,
    "TopElev": 169.0,
    "Tosegment": 3030018,
    "end_x": -111.97812500000015,
    "end_y": 61.57381944444444,
    "flow_acc": 1273.13,
    "seg_id": 3026050,
    "start_x": -111.72187500000007,
    "start_y": 61.659236111111056,
    "islake": 0,
    "lakeId": 0,
    "RATEACV": 0.0,
    "RATEBCV": 0.0,
    "lake_Vol": 0.0
  }
}