{
  "data": {
    "BotElev": 636.0,
    "Length": 8808.214823197723,
    "OBJECTID": null,
    "PFAF": "3155665",
    "PFAF_CODE": 315566500000.0,
    "PF_TYPE": 5,
    "Shape_Leng": 0.09303511302,
    "Slope": 0.000113530382725,
    "TopElev": 637.0,
    "Tosegment": 3032345,
    "end_x": -138.1364583333334,
    "end_y": 60.765486111111045,
    "flow_acc": 1285.98,
    "seg_id": 3026163,
    "start_x": -138.22604166666667,
    "start_y": 60.773819444444484,
    "islake": 0,
    "lakeId": 0,
    "RATEACV": 0.0,
    "RATEBCV": 0.0,
    "lake_Vol": 0.0
  }
}