{
  "data": {
    "BotElev": 230.0,
    "Length": 23852.530445145632,
    "OBJECTID": null,
    "PFAF": "3221291",
    "PFAF_CODE": 322129100000.0,
    "PF_TYPE": 4,
    "Shape_Leng": 0.33178090416,
    "Slope": 0.001760819469305,
    "TopElev": 272.0,
    "Tosegment": 3031138,
    "end_x": -125.82187500000009,
    "end_y": 65.48006944444444,
    "flow_acc": 1303.5,
    "seg_id": 3026300,
    "start_x": -125.5281250000001,
    "start_y": 65.50298611111111,
    "islake": 0,
    "lakeId": 0,
    "RATEACV": 0.0,
    "RATEBCV": 0.0,
    "lake_Vol": 0.0
  }
}