{
  "data": {
    "BotElev": 295.0,
    "Length": 27022.744224157446,
    "OBJECTID": null,
    "PFAF": "3276421",
    "PFAF_CODE": 327642100000.0,
    "PF_TYPE": 5,
    "Shape_Leng": 0.29392346067,
    "Slope": 0.000518082097209,
    "TopElev": 309.0,
    "Tosegment": 3041409,
    "end_x": -110.31354166666682,
    "end_y": 60.50090277777781,
    "flow_acc": 1363.71,
    "seg_id": 3026713,
    "start_x": -110.08020833333347,
    "start_y": 60.43631944444451,
    "islake": 0,
    "lakeId": 0,
    "RATEACV": 0.0,
    "RATEBCV": 0.0,
    "lake_Vol": 0.0
  }
}