{
  "data": {
    "BotElev": 385.0,
    "Length": 108142.97539809959,
    "OBJECTID": null,
    "PFAF": "3276963",
    "PFAF_CODE": 327696300000.0,
    "PF_TYPE": 5,
    "Shape_Leng": 1.41566746251,
    "Slope": 0.00044385684621,
    "TopElev": 433.0,
    "Tosegment": 3030977,
    "end_x": -106.76145833333351,
    "end_y": 61.43631944444445,
    "flow_acc": 1401.81,
    "seg_id": 3026972,
    "start_x": -107.81666666666678,
    "start_y": 61.13319444444454,
    "islake": 0,
    "lakeId": 0,
    "RATEACV": 0.0,
    "RATEBCV": 0.0,
    "lake_Vol": 0.0
  }
}