{
  "data": {
    "BotElev": 697.0,
    "Length": 22134.439522929948,
    "OBJECTID": null,
    "PFAF": "3424483",
    "PFAF_CODE": 342448300000.0,
    "PF_TYPE": 5,
    "Shape_Leng": 0.19784096911,
    "Slope": 0.001310175483321,
    "TopElev": 726.0,
    "Tosegment": 3028386,
    "end_x": -113.21291666666917,
    "end_y": 52.991250000000434,
    "flow_acc": 1290.17,
    "seg_id": 3026198,
    "start_x": -113.3795833333358,
    "start_y": 53.04208333333389,
    "islake": 0,
    "lakeId": 0,
    "RATEACV": 0.0,
    "RATEBCV": 0.0,
    "lake_Vol": 0.0
  }
}