{
  "data": {
    "BotElev": 214.0,
    "Length": 3486.6224374091744,
    "OBJECTID": null,
    "PFAF": "332521",
    "PFAF_CODE": 332521000000.0,
    "PF_TYPE": 4,
    "Shape_Leng": 0.05726100327,
    "Slope": 0.0,
    "TopElev": 214.0,
    "Tosegment": 3040586,
    "end_x": -125.20104166643972,
    "end_y": 68.1071527774788,
    "flow_acc": 1290.38,
    "seg_id": 3026199,
    "start_x": -125.14895833306053,
    "start_y": 68.11548611139506,
    "islake": 0,
    "lakeId": 0,
    "RATEACV": 0.0,
    "RATEBCV": 0.0,
    "lake_Vol": 0.0
  }
}