{
  "data": {
    "BotElev": 622.0,
    "Length": 88493.94107979197,
    "OBJECTID": null,
    "PFAF": "318868",
    "PFAF_CODE": 318868000000.0,
    "PF_TYPE": 5,
    "Shape_Leng": 1.23355233838,
    "Slope": 0.003435263434882,
    "TopElev": 926.0,
    "Tosegment": 3035741,
    "end_x": -133.66354166666673,
    "end_y": 63.96756944444445,
    "flow_acc": 1377.3,
    "seg_id": 3026817,
    "start_x": -132.58749999999998,
    "start_y": 64.17590277777799,
    "islake": 0,
    "lakeId": 0,
    "RATEACV": 0.0,
    "RATEBCV": 0.0,
    "lake_Vol": 0.0
  }
}