{
  "data": {
    "BotElev": 302.0,
    "Length": 76019.41714866892,
    "OBJECTID": null,
    "PFAF": "327458",
    "PFAF_CODE": 327458000000.0,
    "PF_TYPE": 5,
    "Shape_Leng": 0.62112636735,
    "Slope": 0.00032886334752,
    "TopElev": 327.0,
    "Tosegment": 3042217,
    "end_x": -117.7177083333334,
    "end_y": 59.038402777777776,
    "flow_acc": 1342.93,
    "seg_id": 3026579,
    "start_x": -117.25625000000014,
    "start_y": 58.720694444444575,
    "islake": 0,
    "lakeId": 0,
    "RATEACV": 0.0,
    "RATEBCV": 0.0,
    "lake_Vol": 0.0
  }
}