{
  "data": {
    "BotElev": 170.0,
    "Length": 44341.652745974614,
    "OBJECTID": null,
    "PFAF": "3275691",
    "PFAF_CODE": 327569100000.0,
    "PF_TYPE": 4,
    "Shape_Leng": 0.5580880229,
    "Slope": 0.00056380397328,
    "TopElev": 195.0,
    "Tosegment": 3032294,
    "end_x": -113.56979166666673,
    "end_y": 60.59673611111117,
    "flow_acc": 1340.95,
    "seg_id": 3026568,
    "start_x": -114.05729166666674,
    "start_y": 60.62173611111109,
    "islake": 0,
    "lakeId": 0,
    "RATEACV": 0.0,
    "RATEBCV": 0.0,
    "lake_Vol": 0.0
  }
}