{
  "data": {
    "BotElev": 351.0,
    "Length": 28645.323740250857,
    "OBJECTID": null,
    "PFAF": "3246721",
    "PFAF_CODE": 324672100000.0,
    "PF_TYPE": 5,
    "Shape_Leng": 0.30398268385,
    "Slope": 0.002408770123378,
    "TopElev": 420.0,
    "Tosegment": 3040881,
    "end_x": -122.08437500000008,
    "end_y": 58.49256944444443,
    "flow_acc": 1346.32,
    "seg_id": 3026605,
    "start_x": -121.83229166666672,
    "start_y": 58.49256944444443,
    "islake": 0,
    "lakeId": 0,
    "RATEACV": 0.0,
    "RATEBCV": 0.0,
    "lake_Vol": 0.0
  }
}