{
  "data": {
    "BotElev": 155.0,
    "Length": 1766.8598320340052,
    "OBJECTID": null,
    "PFAF": "322863",
    "PFAF_CODE": 322863000000.0,
    "PF_TYPE": 4,
    "Shape_Leng": 0.0296721681,
    "Slope": 0.0,
    "TopElev": 155.0,
    "Tosegment": 3031472,
    "end_x": -118.06354166666677,
    "end_y": 66.59048611111115,
    "flow_acc": 1282.32,
    "seg_id": 3026128,
    "start_x": -118.03645833333343,
    "start_y": 66.59673611111123,
    "islake": 0,
    "lakeId": 0,
    "RATEACV": 0.0,
    "RATEBCV": 0.0,
    "lake_Vol": 0.0
  }
}