{
  "data": {
    "BotElev": 1.0,
    "Length": 118601.62200202674,
    "OBJECTID": null,
    "PFAF": "333714",
    "PFAF_CODE": 333714000000.0,
    "PF_TYPE": 5,
    "Shape_Leng": 1.23109577436,
    "Slope": 0.002841445119479,
    "TopElev": 338.0,
    "Tosegment": -9999,
    "end_x": -107.60937499955651,
    "end_y": 66.56652777763492,
    "flow_acc": 1297.26,
    "seg_id": 3026247,
    "start_x": -107.53854166666457,
    "start_y": 66.17069444449311,
    "islake": 0,
    "lakeId": 0,
    "RATEACV": 0.0,
    "RATEBCV": 0.0,
    "lake_Vol": 0.0
  }
}