{
  "data": {
    "BotElev": 648.0,
    "Length": 112972.85006318895,
    "OBJECTID": null,
    "PFAF": "342634",
    "PFAF_CODE": 342634000000.0,
    "PF_TYPE": 5,
    "Shape_Leng": 0.91486348545,
    "Slope": 0.001363159377796,
    "TopElev": 802.0,
    "Tosegment": 3041952,
    "end_x": -111.97958333333611,
    "end_y": 51.07458333333432,
    "flow_acc": 1405.08,
    "seg_id": 3026990,
    "start_x": -111.96666666666948,
    "start_y": 51.64250000000078,
    "islake": 0,
    "lakeId": 0,
    "RATEACV": 0.0,
    "RATEBCV": 0.0,
    "lake_Vol": 0.0
  }
}