{
  "data": {
    "BotElev": 698.0,
    "Length": 11754.02269104633,
    "OBJECTID": null,
    "PFAF": "3424781",
    "PFAF_CODE": 342478100000.0,
    "PF_TYPE": 5,
    "Shape_Leng": 0.10455669786,
    "Slope": 0.004253862810567,
    "TopElev": 748.0,
    "Tosegment": 3041337,
    "end_x": -114.71041666666878,
    "end_y": 53.3054166666671,
    "flow_acc": 1268.39,
    "seg_id": 3026012,
    "start_x": -114.70708333333545,
    "start_y": 53.247916666667095,
    "islake": 0,
    "lakeId": 0,
    "RATEACV": 0.0,
    "RATEBCV": 0.0,
    "lake_Vol": 0.0
  }
}