{
  "data": {
    "BotElev": 326.0,
    "Length": 102722.24049047935,
    "OBJECTID": null,
    "PFAF": "3274263",
    "PFAF_CODE": 327426300000.0,
    "PF_TYPE": 5,
    "Shape_Leng": 1.07247159018,
    "Slope": 0.004935640009205,
    "TopElev": 833.0,
    "Tosegment": 3030351,
    "end_x": -114.82187500000015,
    "end_y": 59.84256944444451,
    "flow_acc": 1267.39,
    "seg_id": 3026005,
    "start_x": -115.23958333333348,
    "start_y": 59.26965277777782,
    "islake": 0,
    "lakeId": 0,
    "RATEACV": 0.0,
    "RATEBCV": 0.0,
    "lake_Vol": 0.0
  }
}