{
  "data": {
    "BotElev": 464.0,
    "Length": 18552.92543622496,
    "OBJECTID": null,
    "PFAF": "3285691",
    "PFAF_CODE": 328569100000.0,
    "PF_TYPE": 4,
    "Shape_Leng": 0.2163346259,
    "Slope": 0.000269499277469,
    "TopElev": 469.0,
    "Tosegment": 3029961,
    "end_x": -110.2760416666668,
    "end_y": 57.21131944444454,
    "flow_acc": 1289.68,
    "seg_id": 3026195,
    "start_x": -110.11770833333344,
    "start_y": 57.28631944444453,
    "islake": 0,
    "lakeId": 0,
    "RATEACV": 0.0,
    "RATEBCV": 0.0,
    "lake_Vol": 0.0
  }
}