{
  "data": {
    "BotElev": 515.0,
    "Length": 3663.136394387872,
    "OBJECTID": null,
    "PFAF": "349891",
    "PFAF_CODE": 349891000000.0,
    "PF_TYPE": 3,
    "Shape_Leng": 0.03497546896,
    "Slope": 0.0,
    "TopElev": 515.0,
    "Tosegment": 3032068,
    "end_x": -105.22791666667109,
    "end_y": 51.722083333334126,
    "flow_acc": 1278.88,
    "seg_id": 3026098,
    "start_x": -105.25875000000445,
    "start_y": 51.73208333333412,
    "islake": 0,
    "lakeId": 0,
    "RATEACV": 0.0,
    "RATEBCV": 0.0,
    "lake_Vol": 0.0
  }
}