{
  "data": {
    "BotElev": 733.0,
    "Length": 16706.333295219913,
    "OBJECTID": null,
    "PFAF": "38993293",
    "PFAF_CODE": 389932930000.0,
    "PF_TYPE": 5,
    "Shape_Leng": 0.12019799171,
    "Slope": 0.000897863087904,
    "TopElev": 748.0,
    "Tosegment": 3030009,
    "end_x": -105.43124999999776,
    "end_y": 48.96874999999801,
    "flow_acc": 1436.07,
    "seg_id": 3027205,
    "start_x": -105.45958333333112,
    "start_y": 49.05458333333138,
    "islake": 0,
    "lakeId": 0,
    "RATEACV": 0.0,
    "RATEBCV": 0.0,
    "lake_Vol": 0.0
  }
}