{
  "data": {
    "BotElev": 635.0,
    "Length": 83411.73819178648,
    "OBJECTID": null,
    "PFAF": "3155295",
    "PFAF_CODE": 315529500000.0,
    "PF_TYPE": 4,
    "Shape_Leng": 0.78403436098,
    "Slope": 0.003644570975143,
    "TopElev": 939.0,
    "Tosegment": 3030604,
    "end_x": -131.80041666666432,
    "end_y": 58.87458333333228,
    "flow_acc": 1508.27,
    "seg_id": 3027638,
    "start_x": -131.19416666666461,
    "start_y": 58.67416666666571,
    "islake": 0,
    "lakeId": 0,
    "RATEACV": 0.0,
    "RATEBCV": 0.0,
    "lake_Vol": 0.0
  }
}