{
  "data": {
    "BotElev": 359.0,
    "Length": 14409.449931882342,
    "OBJECTID": null,
    "PFAF": "326491",
    "PFAF_CODE": 326491000000.0,
    "PF_TYPE": 3,
    "Shape_Leng": 0.1986823591,
    "Slope": 0.000277595606974,
    "TopElev": 363.0,
    "Tosegment": 3032490,
    "end_x": -113.33437500000014,
    "end_y": 63.77381944444443,
    "flow_acc": 1557.85,
    "seg_id": 3027948,
    "start_x": -113.18437500000016,
    "start_y": 63.888402777777856,
    "islake": 0,
    "lakeId": 0,
    "RATEACV": 0.0,
    "RATEBCV": 0.0,
    "lake_Vol": 0.0
  }
}