{
  "data": {
    "BotElev": 196.0,
    "Length": 56027.79740872206,
    "OBJECTID": null,
    "PFAF": "325865",
    "PFAF_CODE": 325865000000.0,
    "PF_TYPE": 4,
    "Shape_Leng": 0.78606496496,
    "Slope": 0.000767476181266,
    "TopElev": 239.0,
    "Tosegment": 3030618,
    "end_x": -118.20520833333342,
    "end_y": 61.871736111111204,
    "flow_acc": 1505.52,
    "seg_id": 3027613,
    "start_x": -118.95000000000016,
    "start_y": 61.83631944444443,
    "islake": 0,
    "lakeId": 0,
    "RATEACV": 0.0,
    "RATEBCV": 0.0,
    "lake_Vol": 0.0
  }
}