{
  "data": {
    "BotElev": 541.0,
    "Length": 17161.933352291184,
    "OBJECTID": null,
    "PFAF": "3286261",
    "PFAF_CODE": 328626100000.0,
    "PF_TYPE": 5,
    "Shape_Leng": 0.14743656796,
    "Slope": 0.000699221920612,
    "TopElev": 553.0,
    "Tosegment": 3035852,
    "end_x": -111.10312500000015,
    "end_y": 55.70506944444446,
    "flow_acc": 1444.81,
    "seg_id": 3027268,
    "start_x": -111.04479166666675,
    "start_y": 55.63423611111125,
    "islake": 0,
    "lakeId": 0,
    "RATEACV": 0.0,
    "RATEBCV": 0.0,
    "lake_Vol": 0.0
  }
}