{
  "data": {
    "BotElev": 360.0,
    "Length": 135782.5503532072,
    "OBJECTID": null,
    "PFAF": "338424",
    "PFAF_CODE": 338424000000.0,
    "PF_TYPE": 5,
    "Shape_Leng": 1.0821917674,
    "Slope": 0.000994236738438,
    "TopElev": 495.0,
    "Tosegment": 3035428,
    "end_x": -104.879583333504,
    "end_y": 55.06124999968779,
    "flow_acc": 1544.34,
    "seg_id": 3027871,
    "start_x": -104.90833333371637,
    "start_y": 54.289166666308745,
    "islake": 0,
    "lakeId": 0,
    "RATEACV": 0.0,
    "RATEBCV": 0.0,
    "lake_Vol": 0.0
  }
}