{
  "data": {
    "BotElev": 557.0,
    "Length": 8661.358507937748,
    "OBJECTID": null,
    "PFAF": "34241873",
    "PFAF_CODE": 342418730000.0,
    "PF_TYPE": 5,
    "Shape_Leng": 0.10924621202,
    "Slope": 0.0,
    "TopElev": 557.0,
    "Tosegment": 3029083,
    "end_x": -107.56875000000389,
    "end_y": 51.45125000000087,
    "flow_acc": 1428.94,
    "seg_id": 3027156,
    "start_x": -107.65625000000392,
    "start_y": 51.39875000000086,
    "islake": 0,
    "lakeId": 0,
    "RATEACV": 0.0,
    "RATEBCV": 0.0,
    "lake_Vol": 0.0
  }
}