{
  "data": {
    "BotElev": 374.0,
    "Length": 113810.1024548835,
    "OBJECTID": null,
    "PFAF": "324692",
    "PFAF_CODE": 324692000000.0,
    "PF_TYPE": 5,
    "Shape_Leng": 1.01362005406,
    "Slope": 0.002864420582779,
    "TopElev": 700.0,
    "Tosegment": 3038787,
    "end_x": -121.51354166666681,
    "end_y": 58.03423611111117,
    "flow_acc": 1477.41,
    "seg_id": 3027456,
    "start_x": -120.92083333333346,
    "start_y": 57.60194444444454,
    "islake": 0,
    "lakeId": 0,
    "RATEACV": 0.0,
    "RATEBCV": 0.0,
    "lake_Vol": 0.0
  }
}