{
  "data": {
    "BotElev": 750.0,
    "Length": 12748.373543448892,
    "OBJECTID": null,
    "PFAF": "380847",
    "PFAF_CODE": 380847000000.0,
    "PF_TYPE": 4,
    "Shape_Leng": 0.11981812161,
    "Slope": 0.001725710336697,
    "TopElev": 772.0,
    "Tosegment": 3030603,
    "end_x": -107.64374999999757,
    "end_y": 49.773749999997904,
    "flow_acc": 1570.45,
    "seg_id": 3027999,
    "start_x": -107.70958333333095,
    "start_y": 49.71958333333123,
    "islake": 0,
    "lakeId": 0,
    "RATEACV": 0.0,
    "RATEBCV": 0.0,
    "lake_Vol": 0.0
  }
}