{
  "data": {
    "BotElev": 132.0,
    "Length": 2167.1553950497087,
    "OBJECTID": null,
    "PFAF": "3221561",
    "PFAF_CODE": 322156100000.0,
    "PF_TYPE": 5,
    "Shape_Leng": 0.02845177969,
    "Slope": 0.005075778149147,
    "TopElev": 143.0,
    "Tosegment": 3044237,
    "end_x": -123.72187500000001,
    "end_y": 65.04256944444444,
    "flow_acc": 1455.17,
    "seg_id": 3027320,
    "start_x": -123.69687500000009,
    "start_y": 65.04256944444444,
    "islake": 0,
    "lakeId": 0,
    "RATEACV": 0.0,
    "RATEBCV": 0.0,
    "lake_Vol": 0.0
  }
}