{
  "data": {
    "BotElev": 388.0,
    "Length": 54414.38016382001,
    "OBJECTID": null,
    "PFAF": "3274927",
    "PFAF_CODE": 327492700000.0,
    "PF_TYPE": 5,
    "Shape_Leng": 0.42566099966,
    "Slope": 0.000974007235595,
    "TopElev": 441.0,
    "Tosegment": 3029397,
    "end_x": -120.14895833333338,
    "end_y": 59.080069444444575,
    "flow_acc": 1501.71,
    "seg_id": 3027591,
    "start_x": -120.25833333333338,
    "start_y": 59.4165277777779,
    "islake": 0,
    "lakeId": 0,
    "RATEACV": 0.0,
    "RATEBCV": 0.0,
    "lake_Vol": 0.0
  }
}