{
  "data": {
    "BotElev": 177.0,
    "Length": 55087.56191668915,
    "OBJECTID": null,
    "PFAF": "333861",
    "PFAF_CODE": 333861000000.0,
    "PF_TYPE": 4,
    "Shape_Leng": 0.56302038485,
    "Slope": 0.000617199215522,
    "TopElev": 211.0,
    "Tosegment": 3038786,
    "end_x": -104.66145833353522,
    "end_y": 66.50090277754128,
    "flow_acc": 1481.08,
    "seg_id": 3027476,
    "start_x": -104.43645833308551,
    "start_y": 66.20923611115768,
    "islake": 0,
    "lakeId": 0,
    "RATEACV": 0.0,
    "RATEBCV": 0.0,
    "lake_Vol": 0.0
  }
}