{
  "data": {
    "BotElev": 417.0,
    "Length": 33393.50034077471,
    "OBJECTID": null,
    "PFAF": "3292521",
    "PFAF_CODE": 329252100000.0,
    "PF_TYPE": 5,
    "Shape_Leng": 0.40510581977,
    "Slope": 0.002695135253315,
    "TopElev": 507.0,
    "Tosegment": 3041325,
    "end_x": -114.85729166666681,
    "end_y": 57.12590277777787,
    "flow_acc": 1569.2,
    "seg_id": 3027991,
    "start_x": -114.58437500000008,
    "start_y": 57.36548611111118,
    "islake": 0,
    "lakeId": 0,
    "RATEACV": 0.0,
    "RATEBCV": 0.0,
    "lake_Vol": 0.0
  }
}