{
  "data": {
    "BotElev": 311.0,
    "Length": 96415.31663558882,
    "OBJECTID": null,
    "PFAF": "315225",
    "PFAF_CODE": 315225000000.0,
    "PF_TYPE": 4,
    "Shape_Leng": 0.92047937658,
    "Slope": 0.005382962148655,
    "TopElev": 830.0,
    "Tosegment": 3029227,
    "end_x": -127.93541666666533,
    "end_y": 54.47541666666683,
    "flow_acc": 1496.92,
    "seg_id": 3027564,
    "start_x": -127.52749999999878,
    "start_y": 54.79375000000027,
    "islake": 0,
    "lakeId": 0,
    "RATEACV": 0.0,
    "RATEBCV": 0.0,
    "lake_Vol": 0.0
  }
}