{
  "data": {
    "BotElev": 812.0,
    "Length": 31511.97855578218,
    "OBJECTID": null,
    "PFAF": "324297",
    "PFAF_CODE": 324297000000.0,
    "PF_TYPE": 3,
    "Shape_Leng": 0.33365485194,
    "Slope": 0.003808075706436,
    "TopElev": 932.0,
    "Tosegment": 3032534,
    "end_x": -129.0072916666668,
    "end_y": 62.63215277777789,
    "flow_acc": 1465.83,
    "seg_id": 3027377,
    "start_x": -129.30104166666678,
    "start_y": 62.71965277777775,
    "islake": 0,
    "lakeId": 0,
    "RATEACV": 0.0,
    "RATEBCV": 0.0,
    "lake_Vol": 0.0
  }
}