{
  "data": {
    "BotElev": 506.0,
    "Length": 2940.50582814601,
    "OBJECTID": null,
    "PFAF": "338527",
    "PFAF_CODE": 338527000000.0,
    "PF_TYPE": 4,
    "Shape_Leng": 0.02526142424,
    "Slope": 0.002720620351582,
    "TopElev": 514.0,
    "Tosegment": 3031891,
    "end_x": -105.39375000016236,
    "end_y": 56.55458333315437,
    "flow_acc": 1523.62,
    "seg_id": 3027740,
    "start_x": -105.40791666692058,
    "start_y": 56.5645833329545,
    "islake": 0,
    "lakeId": 0,
    "RATEACV": 0.0,
    "RATEBCV": 0.0,
    "lake_Vol": 0.0
  }
}