{
  "data": {
    "BotElev": 746.0,
    "Length": 30298.017001993416,
    "OBJECTID": null,
    "PFAF": "3154293",
    "PFAF_CODE": 315429300000.0,
    "PF_TYPE": 4,
    "Shape_Leng": 0.40818789044,
    "Slope": 0.002541420449891,
    "TopElev": 823.0,
    "Tosegment": 3031363,
    "end_x": -130.2695833333314,
    "end_y": 57.43958333333279,
    "flow_acc": 1421.88,
    "seg_id": 3027117,
    "start_x": -130.04708333333156,
    "start_y": 57.70291666666617,
    "islake": 0,
    "lakeId": 0,
    "RATEACV": 0.0,
    "RATEBCV": 0.0,
    "lake_Vol": 0.0
  }
}