{
  "data": {
    "BotElev": 346.0,
    "Length": 30961.978755552667,
    "OBJECTID": null,
    "PFAF": "333283",
    "PFAF_CODE": 333283000000.0,
    "PF_TYPE": 4,
    "Shape_Leng": 0.40463624426,
    "Slope": 0.000968930320534,
    "TopElev": 376.0,
    "Tosegment": 3031109,
    "end_x": -122.27395833341035,
    "end_y": 67.53840277816585,
    "flow_acc": 1418.63,
    "seg_id": 3027096,
    "start_x": -121.92395833321041,
    "start_y": 67.4592361113576,
    "islake": 0,
    "lakeId": 0,
    "RATEACV": 0.0,
    "RATEBCV": 0.0,
    "lake_Vol": 0.0
  }
}