{
  "data": {
    "BotElev": 183.0,
    "Length": 100951.94497557488,
    "OBJECTID": null,
    "PFAF": "322456",
    "PFAF_CODE": 322456000000.0,
    "PF_TYPE": 5,
    "Shape_Leng": 1.43166786844,
    "Slope": 0.000544813673608,
    "TopElev": 238.0,
    "Tosegment": 3041129,
    "end_x": -118.36145833333347,
    "end_y": 65.1384027777778,
    "flow_acc": 1523.24,
    "seg_id": 3027737,
    "start_x": -117.2312500000001,
    "start_y": 65.20923611111112,
    "islake": 0,
    "lakeId": 0,
    "RATEACV": 0.0,
    "RATEBCV": 0.0,
    "lake_Vol": 0.0
  }
}