{
  "data": {
    "BotElev": 1134.0,
    "Length": 28564.41098275898,
    "OBJECTID": null,
    "PFAF": "314423",
    "PFAF_CODE": 314423000000.0,
    "PF_TYPE": 4,
    "Shape_Leng": 0.26018362176,
    "Slope": 0.006616625146378,
    "TopElev": 1323.0,
    "Tosegment": 3031464,
    "end_x": -123.05624999999992,
    "end_y": 51.70541666666759,
    "flow_acc": 1562.94,
    "seg_id": 3027966,
    "start_x": -123.1179166666667,
    "start_y": 51.522916666667584,
    "islake": 0,
    "lakeId": 0,
    "RATEACV": 0.0,
    "RATEBCV": 0.0,
    "lake_Vol": 0.0
  }
}