{
  "data": {
    "BotElev": 227.0,
    "Length": 11155.410501270042,
    "OBJECTID": null,
    "PFAF": "3237423",
    "PFAF_CODE": 323742300000.0,
    "PF_TYPE": 5,
    "Shape_Leng": 0.15511634192,
    "Slope": 0.002420350196609,
    "TopElev": 254.0,
    "Tosegment": 3030529,
    "end_x": -123.95729166666678,
    "end_y": 62.70506944444446,
    "flow_acc": 1465.14,
    "seg_id": 3027370,
    "start_x": -124.09479166666671,
    "start_y": 62.68215277777779,
    "islake": 0,
    "lakeId": 0,
    "RATEACV": 0.0,
    "RATEBCV": 0.0,
    "lake_Vol": 0.0
  }
}