{
  "data": {
    "BotElev": 164.0,
    "Length": 113705.82152004627,
    "OBJECTID": null,
    "PFAF": "3222341",
    "PFAF_CODE": 322234100000.0,
    "PF_TYPE": 5,
    "Shape_Leng": 1.3299726424,
    "Slope": 0.001547853906222,
    "TopElev": 340.0,
    "Tosegment": 3040828,
    "end_x": -121.47187500000013,
    "end_y": 64.70298611111122,
    "flow_acc": 1438.53,
    "seg_id": 3027221,
    "start_x": -120.38645833333345,
    "start_y": 64.4529861111111,
    "islake": 0,
    "lakeId": 0,
    "RATEACV": 0.0,
    "RATEBCV": 0.0,
    "lake_Vol": 0.0
  }
}