{
  "data": {
    "BotElev": 557.0,
    "Length": 101623.82121558455,
    "OBJECTID": null,
    "PFAF": "312949",
    "PFAF_CODE": 312949000000.0,
    "PF_TYPE": 4,
    "Shape_Leng": 0.68226957014,
    "Slope": 0.005313714772193,
    "TopElev": 1097.0,
    "Tosegment": 3030704,
    "end_x": -116.92625000000169,
    "end_y": 50.45125000000121,
    "flow_acc": 1564.84,
    "seg_id": 3027978,
    "start_x": -117.2033333333348,
    "start_y": 50.947500000001185,
    "islake": 0,
    "lakeId": 0,
    "RATEACV": 0.0,
    "RATEBCV": 0.0,
    "lake_Vol": 0.0
  }
}