{
  "data": {
    "BotElev": 192.0,
    "Length": 70837.21463280545,
    "OBJECTID": null,
    "PFAF": "32565",
    "PFAF_CODE": 325650000000.0,
    "PF_TYPE": 3,
    "Shape_Leng": 0.76818008909,
    "Slope": 0.001806959811499,
    "TopElev": 320.0,
    "Tosegment": 3029946,
    "end_x": -119.34479166666677,
    "end_y": 61.14256944444446,
    "flow_acc": 1449.92,
    "seg_id": 3027296,
    "start_x": -119.49791666666681,
    "start_y": 60.78527777777788,
    "islake": 0,
    "lakeId": 0,
    "RATEACV": 0.0,
    "RATEBCV": 0.0,
    "lake_Vol": 0.0
  }
}