{
  "data": {
    "BotElev": 574.0,
    "Length": 6910.7777170902045,
    "OBJECTID": null,
    "PFAF": "328787",
    "PFAF_CODE": 328787000000.0,
    "PF_TYPE": 4,
    "Shape_Leng": 0.07666456224,
    "Slope": 0.000289403028411,
    "TopElev": 576.0,
    "Tosegment": 3029889,
    "end_x": -111.75520833333348,
    "end_y": 55.117569444444484,
    "flow_acc": 1430.15,
    "seg_id": 3027164,
    "start_x": -111.70937500000014,
    "start_y": 55.15298611111109,
    "islake": 0,
    "lakeId": 0,
    "RATEACV": 0.0,
    "RATEBCV": 0.0,
    "lake_Vol": 0.0
  }
}