{
  "data": {
    "BotElev": 156.0,
    "Length": 44174.615689589504,
    "OBJECTID": null,
    "PFAF": "3337345",
    "PFAF_CODE": 333734500000.0,
    "PF_TYPE": 5,
    "Shape_Leng": 0.47400387856,
    "Slope": 0.000339561527946,
    "TopElev": 171.0,
    "Tosegment": 3032610,
    "end_x": -105.74270833362255,
    "end_y": 67.31756944467418,
    "flow_acc": 1543.94,
    "seg_id": 3027868,
    "start_x": -105.35520833349779,
    "start_y": 67.11756944417459,
    "islake": 0,
    "lakeId": 0,
    "RATEACV": 0.0,
    "RATEBCV": 0.0,
    "lake_Vol": 0.0
  }
}