{
  "data": {
    "BotElev": 727.0,
    "Length": 23613.28855568102,
    "OBJECTID": null,
    "PFAF": "3249993",
    "PFAF_CODE": 324999300000.0,
    "PF_TYPE": 2,
    "Shape_Leng": 0.27913074179,
    "Slope": 0.002032753713521,
    "TopElev": 775.0,
    "Tosegment": 3029845,
    "end_x": -129.74479166666669,
    "end_y": 61.62381944444445,
    "flow_acc": 1439.89,
    "seg_id": 3027230,
    "start_x": -129.6218750000001,
    "start_y": 61.821736111111136,
    "islake": 0,
    "lakeId": 0,
    "RATEACV": 0.0,
    "RATEBCV": 0.0,
    "lake_Vol": 0.0
  }
}