{
  "data": {
    "BotElev": 520.0,
    "Length": 69166.76891931261,
    "OBJECTID": null,
    "PFAF": "31894223",
    "PFAF_CODE": 318942230000.0,
    "PF_TYPE": 6,
    "Shape_Leng": 0.93983300218,
    "Slope": 0.00394698211678,
    "TopElev": 793.0,
    "Tosegment": 3029554,
    "end_x": -135.45104166666675,
    "end_y": 62.888402777777856,
    "flow_acc": 1443.4,
    "seg_id": 3027258,
    "start_x": -134.77604166666663,
    "start_y": 63.20090277777774,
    "islake": 0,
    "lakeId": 0,
    "RATEACV": 0.0,
    "RATEBCV": 0.0,
    "lake_Vol": 0.0
  }
}