{
  "data": {
    "BotElev": 467.0,
    "Length": 6698.736068790621,
    "OBJECTID": null,
    "PFAF": "3333263",
    "PFAF_CODE": 333326300000.0,
    "PF_TYPE": 5,
    "Shape_Leng": 0.09023689325,
    "Slope": 0.000447845678527,
    "TopElev": 470.0,
    "Tosegment": 3033644,
    "end_x": -120.99479166630232,
    "end_y": 68.01548611069558,
    "flow_acc": 1717.81,
    "seg_id": 3028816,
    "start_x": -120.91770833297318,
    "start_y": 68.00923611115775,
    "islake": 0,
    "lakeId": 0,
    "RATEACV": 0.0,
    "RATEBCV": 0.0,
    "lake_Vol": 0.0
  }
}