{
  "data": {
    "BotElev": 19.0,
    "Length": 6389.375797778128,
    "OBJECTID": null,
    "PFAF": "3212161",
    "PFAF_CODE": 321216100000.0,
    "PF_TYPE": 5,
    "Shape_Leng": 0.10166456224,
    "Slope": 0.000626039244928,
    "TopElev": 23.0,
    "Tosegment": 3043397,
    "end_x": -134.96979166666677,
    "end_y": 66.85090277777778,
    "flow_acc": 1615.29,
    "seg_id": 3028254,
    "start_x": -135.05312500000014,
    "start_y": 66.81548611111117,
    "islake": 0,
    "lakeId": 0,
    "RATEACV": 0.0,
    "RATEBCV": 0.0,
    "lake_Vol": 0.0
  }
}