{
  "data": {
    "BotElev": 1.0,
    "Length": 18909.025522655793,
    "OBJECTID": null,
    "PFAF": "3333561",
    "PFAF_CODE": 333356100000.0,
    "PF_TYPE": 5,
    "Shape_Leng": 0.18980015852,
    "Slope": 0.002062507132019,
    "TopElev": 40.0,
    "Tosegment": -9999,
    "end_x": -116.63749999972515,
    "end_y": 68.86027777799706,
    "flow_acc": 1590.42,
    "seg_id": 3028120,
    "start_x": -116.49270833372253,
    "start_y": 68.7634027775162,
    "islake": 0,
    "lakeId": 0,
    "RATEACV": 0.0,
    "RATEBCV": 0.0,
    "lake_Vol": 0.0
  }
}