{
  "data": {
    "BotElev": 78.0,
    "Length": 36538.4717318846,
    "OBJECTID": null,
    "PFAF": "315365",
    "PFAF_CODE": 315365000000.0,
    "PF_TYPE": 4,
    "Shape_Leng": 0.4568807717,
    "Slope": 0.003147367543007,
    "TopElev": 193.0,
    "Tosegment": 3030620,
    "end_x": -130.8329166666647,
    "end_y": 56.253749999999684,
    "flow_acc": 1672.44,
    "seg_id": 3028557,
    "start_x": -130.5204166666648,
    "start_y": 56.469583333333105,
    "islake": 0,
    "lakeId": 0,
    "RATEACV": 0.0,
    "RATEBCV": 0.0,
    "lake_Vol": 0.0
  }
}