{
  "data": {
    "BotElev": 362.0,
    "Length": 34101.1692103979,
    "OBJECTID": null,
    "PFAF": "32626961",
    "PFAF_CODE": 326269610000.0,
    "PF_TYPE": 6,
    "Shape_Leng": 0.48371617955,
    "Slope": 0.000938384247255,
    "TopElev": 394.0,
    "Tosegment": 3036500,
    "end_x": -113.09062500000016,
    "end_y": 64.48631944444446,
    "flow_acc": 1609.4,
    "seg_id": 3028220,
    "start_x": -112.66562500000015,
    "start_y": 64.41131944444447,
    "islake": 0,
    "lakeId": 0,
    "RATEACV": 0.0,
    "RATEBCV": 0.0,
    "lake_Vol": 0.0
  }
}