{
  "data": {
    "BotElev": 513.0,
    "Length": 28335.0194559109,
    "OBJECTID": null,
    "PFAF": "344999027",
    "PFAF_CODE": 344999027000.0,
    "PF_TYPE": 7,
    "Shape_Leng": 0.23733844379,
    "Slope": 0.000282336139294,
    "TopElev": 521.0,
    "Tosegment": 3033043,
    "end_x": -104.0587500000047,
    "end_y": 51.90458333333413,
    "flow_acc": 1707.69,
    "seg_id": 3028769,
    "start_x": -103.8745833333382,
    "start_y": 51.80958333333416,
    "islake": 0,
    "lakeId": 0,
    "RATEACV": 0.0,
    "RATEBCV": 0.0,
    "lake_Vol": 0.0
  }
}