{
  "data": {
    "BotElev": 254.0,
    "Length": 9834.004539015357,
    "OBJECTID": null,
    "PFAF": "3333677",
    "PFAF_CODE": 333367700000.0,
    "PF_TYPE": 4,
    "Shape_Leng": 0.16208122897,
    "Slope": 0.001525319613235,
    "TopElev": 269.0,
    "Tosegment": 3030111,
    "end_x": -118.7989583331605,
    "end_y": 67.87173611143243,
    "flow_acc": 1589.9,
    "seg_id": 3028116,
    "start_x": -118.94895833375995,
    "start_y": 67.85923611145756,
    "islake": 0,
    "lakeId": 0,
    "RATEACV": 0.0,
    "RATEBCV": 0.0,
    "lake_Vol": 0.0
  }
}