{
  "data": {
    "BotElev": 66.0,
    "Length": 21620.547975790058,
    "OBJECTID": null,
    "PFAF": "33373385",
    "PFAF_CODE": 333733850000.0,
    "PF_TYPE": 6,
    "Shape_Leng": 0.17166035325,
    "Slope": 0.000277513780257,
    "TopElev": 72.0,
    "Tosegment": 3031356,
    "end_x": -106.53854166686426,
    "end_y": 67.8154861110952,
    "flow_acc": 1674.9,
    "seg_id": 3028578,
    "start_x": -106.442708333123,
    "start_y": 67.68840277786597,
    "islake": 0,
    "lakeId": 0,
    "RATEACV": 0.0,
    "RATEBCV": 0.0,
    "lake_Vol": 0.0
  }
}