{
  "data": {
    "BotElev": 137.0,
    "Length": 42395.85428603011,
    "OBJECTID": null,
    "PFAF": "333241",
    "PFAF_CODE": 333241000000.0,
    "PF_TYPE": 4,
    "Shape_Leng": 0.5571024196,
    "Slope": 0.001368058291943,
    "TopElev": 195.0,
    "Tosegment": 3040609,
    "end_x": -125.1364583330855,
    "end_y": 68.74256944452429,
    "flow_acc": 1677.87,
    "seg_id": 3028598,
    "start_x": -125.2572916667769,
    "start_y": 68.54048611144503,
    "islake": 0,
    "lakeId": 0,
    "RATEACV": 0.0,
    "RATEBCV": 0.0,
    "lake_Vol": 0.0
  }
}