{
  "data": {
    "BotElev": 297.0,
    "Length": 44055.13419944764,
    "OBJECTID": null,
    "PFAF": "3246221",
    "PFAF_CODE": 324622100000.0,
    "PF_TYPE": 5,
    "Shape_Leng": 0.37311553006,
    "Slope": 0.001634315757025,
    "TopElev": 369.0,
    "Tosegment": 3034695,
    "end_x": -122.42395833333342,
    "end_y": 59.02798611111115,
    "flow_acc": 1686.67,
    "seg_id": 3028654,
    "start_x": -122.24270833333344,
    "start_y": 58.80923611111115,
    "islake": 0,
    "lakeId": 0,
    "RATEACV": 0.0,
    "RATEBCV": 0.0,
    "lake_Vol": 0.0
  }
}