{
  "data": {
    "BotElev": 733.0,
    "Length": 103064.17172861569,
    "OBJECTID": null,
    "PFAF": "314723",
    "PFAF_CODE": 314723000000.0,
    "PF_TYPE": 4,
    "Shape_Leng": 1.00674585096,
    "Slope": 0.001775592787781,
    "TopElev": 916.0,
    "Tosegment": 3034147,
    "end_x": -123.37791666666669,
    "end_y": 53.50291666666703,
    "flow_acc": 1596.85,
    "seg_id": 3028146,
    "start_x": -124.27833333333297,
    "start_y": 53.52791666666718,
    "islake": 0,
    "lakeId": 0,
    "RATEACV": 0.0,
    "RATEBCV": 0.0,
    "lake_Vol": 0.0
  }
}