{
  "data": {
    "BotElev": 550.0,
    "Length": 121162.4052681178,
    "OBJECTID": null,
    "PFAF": "312946",
    "PFAF_CODE": 312946000000.0,
    "PF_TYPE": 5,
    "Shape_Leng": 0.8824726424,
    "Slope": 0.002731870494544,
    "TopElev": 881.0,
    "Tosegment": 3035034,
    "end_x": -116.95291666666827,
    "end_y": 50.241250000001344,
    "flow_acc": 1733.66,
    "seg_id": 3028898,
    "start_x": -117.47333333333489,
    "start_y": 50.67458333333451,
    "islake": 0,
    "lakeId": 0,
    "RATEACV": 0.0,
    "RATEBCV": 0.0,
    "lake_Vol": 0.0
  }
}