{
  "data": {
    "BotElev": 115.0,
    "Length": 105581.1344364741,
    "OBJECTID": null,
    "PFAF": "321625",
    "PFAF_CODE": 321625000000.0,
    "PF_TYPE": 4,
    "Shape_Leng": 1.61859886019,
    "Slope": 0.001259694742909,
    "TopElev": 248.0,
    "Tosegment": 3033526,
    "end_x": -128.10520833333345,
    "end_y": 66.83215277777788,
    "flow_acc": 1576.28,
    "seg_id": 3028033,
    "start_x": -126.59375000000011,
    "start_y": 66.92069444444445,
    "islake": 0,
    "lakeId": 0,
    "RATEACV": 0.0,
    "RATEBCV": 0.0,
    "lake_Vol": 0.0
  }
}