{
  "data": {
    "BotElev": 361.0,
    "Length": 31688.76556321879,
    "OBJECTID": null,
    "PFAF": "3382741",
    "PFAF_CODE": 338274100000.0,
    "PF_TYPE": 5,
    "Shape_Leng": 0.39266504129,
    "Slope": 9.4670775168e-05,
    "TopElev": 364.0,
    "Tosegment": 3041318,
    "end_x": -101.69041666679567,
    "end_y": 58.858750000012606,
    "flow_acc": 1588.98,
    "seg_id": 3028111,
    "start_x": -102.0004166668956,
    "start_y": 58.68125000018739,
    "islake": 0,
    "lakeId": 0,
    "RATEACV": 0.0,
    "RATEBCV": 0.0,
    "lake_Vol": 0.0
  }
}