{
  "data": {
    "BotElev": 683.0,
    "Length": 4695.143601428312,
    "OBJECTID": null,
    "PFAF": "314881",
    "PFAF_CODE": 314881000000.0,
    "PF_TYPE": 4,
    "Shape_Leng": 0.03621320344,
    "Slope": -0.000212986030863,
    "TopElev": 682.0,
    "Tosegment": 3036862,
    "end_x": -125.72374999999931,
    "end_y": 55.14791666666679,
    "flow_acc": 1740.11,
    "seg_id": 3028927,
    "start_x": -125.75374999999923,
    "start_y": 55.16291666666655,
    "islake": 0,
    "lakeId": 0,
    "RATEACV": 0.0,
    "RATEBCV": 0.0,
    "lake_Vol": 0.0
  }
}