{
  "data": {
    "BotElev": 614.0,
    "Length": 28166.139127360213,
    "OBJECTID": null,
    "PFAF": "329681",
    "PFAF_CODE": 329681000000.0,
    "PF_TYPE": 4,
    "Shape_Leng": 0.3158545272,
    "Slope": 0.002698275388627,
    "TopElev": 690.0,
    "Tosegment": 3037291,
    "end_x": -120.81145833333346,
    "end_y": 56.848819444444416,
    "flow_acc": 1710.05,
    "seg_id": 3028777,
    "start_x": -120.60729166666675,
    "start_y": 56.971736111111056,
    "islake": 0,
    "lakeId": 0,
    "RATEACV": 0.0,
    "RATEBCV": 0.0,
    "lake_Vol": 0.0
  }
}