{
  "data": {
    "BotElev": 182.0,
    "Length": 84857.42127160067,
    "OBJECTID": null,
    "PFAF": "323823",
    "PFAF_CODE": 323823000000.0,
    "PF_TYPE": 4,
    "Shape_Leng": 1.01182539632,
    "Slope": 0.001767670967986,
    "TopElev": 332.0,
    "Tosegment": 3033117,
    "end_x": -123.46979166666677,
    "end_y": 61.88006944444447,
    "flow_acc": 1635.92,
    "seg_id": 3028375,
    "start_x": -122.72187500000013,
    "start_y": 61.80506944444443,
    "islake": 0,
    "lakeId": 0,
    "RATEACV": 0.0,
    "RATEBCV": 0.0,
    "lake_Vol": 0.0
  }
}