{
  "data": {
    "BotElev": 749.0,
    "Length": 38932.20060043048,
    "OBJECTID": null,
    "PFAF": "3129721",
    "PFAF_CODE": 312972100000.0,
    "PF_TYPE": 5,
    "Shape_Leng": 0.40023863607,
    "Slope": 0.006986504636396,
    "TopElev": 1021.0,
    "Tosegment": 3039928,
    "end_x": -115.45458333333528,
    "end_y": 49.46375000000148,
    "flow_acc": 1588.07,
    "seg_id": 3028107,
    "start_x": -115.22541666666882,
    "start_y": 49.653750000001594,
    "islake": 0,
    "lakeId": 0,
    "RATEACV": 0.0,
    "RATEBCV": 0.0,
    "lake_Vol": 0.0
  }
}