{
  "data": {
    "BotElev": 1060.0,
    "Length": 10825.132495793148,
    "OBJECTID": null,
    "PFAF": "3298981",
    "PFAF_CODE": 329898100000.0,
    "PF_TYPE": 5,
    "Shape_Leng": 0.11157572747,
    "Slope": 0.004988391598993,
    "TopElev": 1114.0,
    "Tosegment": 3034558,
    "end_x": -126.92187500000011,
    "end_y": 57.13006944444453,
    "flow_acc": 1721.8,
    "seg_id": 3028833,
    "start_x": -127.02395833333344,
    "start_y": 57.13631944444455,
    "islake": 0,
    "lakeId": 0,
    "RATEACV": 0.0,
    "RATEBCV": 0.0,
    "lake_Vol": 0.0
  }
}