{
  "data": {
    "BotElev": 283.0,
    "Length": 85120.5572467632,
    "OBJECTID": null,
    "PFAF": "3186923",
    "PFAF_CODE": 318692300000.0,
    "PF_TYPE": 5,
    "Shape_Leng": 1.0710777411,
    "Slope": 0.001950175202904,
    "TopElev": 449.0,
    "Tosegment": 3033487,
    "end_x": -138.14895833333344,
    "end_y": 66.96965277777781,
    "flow_acc": 1701.22,
    "seg_id": 3028723,
    "start_x": -138.8260416666667,
    "start_y": 67.25611111111107,
    "islake": 0,
    "lakeId": 0,
    "RATEACV": 0.0,
    "RATEBCV": 0.0,
    "lake_Vol": 0.0
  }
}