{
  "data": {
    "BotElev": 520.0,
    "Length": 126189.74588130992,
    "OBJECTID": null,
    "PFAF": "3189256",
    "PFAF_CODE": 318925600000.0,
    "PF_TYPE": 6,
    "Shape_Leng": 1.42557644853,
    "Slope": 0.003249075407329,
    "TopElev": 930.0,
    "Tosegment": 3041697,
    "end_x": -139.43020833333344,
    "end_y": 62.53215277777775,
    "flow_acc": 1570.84,
    "seg_id": 3028002,
    "start_x": -138.2479166666667,
    "start_y": 62.31548611111117,
    "islake": 0,
    "lakeId": 0,
    "RATEACV": 0.0,
    "RATEBCV": 0.0,
    "lake_Vol": 0.0
  }
}