{
  "data": {
    "BotElev": 518.0,
    "Length": 17079.59194155263,
    "OBJECTID": null,
    "PFAF": "3292491",
    "PFAF_CODE": 329249100000.0,
    "PF_TYPE": 4,
    "Shape_Leng": 0.22240064308,
    "Slope": 5.8549408172e-05,
    "TopElev": 519.0,
    "Tosegment": 3030989,
    "end_x": -115.3864583333334,
    "end_y": 56.53840277777772,
    "flow_acc": 1630.66,
    "seg_id": 3028347,
    "start_x": -115.53229166666677,
    "start_y": 56.38006944444447,
    "islake": 0,
    "lakeId": 0,
    "RATEACV": 0.0,
    "RATEBCV": 0.0,
    "lake_Vol": 0.0
  }
}