{
  "data": {
    "BotElev": 634.0,
    "Length": 68450.03988708206,
    "OBJECTID": null,
    "PFAF": "3294241",
    "PFAF_CODE": 329424100000.0,
    "PF_TYPE": 5,
    "Shape_Leng": 0.61352588344,
    "Slope": 0.001329436770966,
    "TopElev": 725.0,
    "Tosegment": 3037929,
    "end_x": -117.18645833333346,
    "end_y": 54.961319444444484,
    "flow_acc": 1621.54,
    "seg_id": 3028295,
    "start_x": -116.79895833333347,
    "start_y": 54.77798611111109,
    "islake": 0,
    "lakeId": 0,
    "RATEACV": 0.0,
    "RATEBCV": 0.0,
    "lake_Vol": 0.0
  }
}