{
  "data": {
    "BotElev": 792.0,
    "Length": 60269.605955154664,
    "OBJECTID": null,
    "PFAF": "3249861",
    "PFAF_CODE": 324986100000.0,
    "PF_TYPE": 5,
    "Shape_Leng": 0.5274556574,
    "Slope": 0.001924684891524,
    "TopElev": 908.0,
    "Tosegment": 3037251,
    "end_x": -130.11562500000008,
    "end_y": 60.73631944444452,
    "flow_acc": 1579.15,
    "seg_id": 3028050,
    "start_x": -130.39687500000008,
    "start_y": 61.06340277777787,
    "islake": 0,
    "lakeId": 0,
    "RATEACV": 0.0,
    "RATEBCV": 0.0,
    "lake_Vol": 0.0
  }
}