{
  "data": {
    "BotElev": 3.0,
    "Length": 12623.14491482624,
    "OBJECTID": null,
    "PFAF": "333821",
    "PFAF_CODE": 333821000000.0,
    "PF_TYPE": 4,
    "Shape_Leng": 0.19672168119,
    "Slope": 0.001188293416673,
    "TopElev": 18.0,
    "Tosegment": 3040420,
    "end_x": -104.14479166670202,
    "end_y": 67.83006944454922,
    "flow_acc": 1726.1,
    "seg_id": 3028860,
    "start_x": -104.31354166681444,
    "start_y": 67.76965277815327,
    "islake": 0,
    "lakeId": 0,
    "RATEACV": 0.0,
    "RATEBCV": 0.0,
    "lake_Vol": 0.0
  }
}