{
  "data": {
    "BotElev": 777.0,
    "Length": 92999.18936172532,
    "OBJECTID": null,
    "PFAF": "323246",
    "PFAF_CODE": 323246000000.0,
    "PF_TYPE": 5,
    "Shape_Leng": 1.2311010394,
    "Slope": 0.005333379821955,
    "TopElev": 1273.0,
    "Tosegment": 3035645,
    "end_x": -129.0468750000001,
    "end_y": 64.06965277777783,
    "flow_acc": 1731.12,
    "seg_id": 3028883,
    "start_x": -129.77916666666675,
    "start_y": 63.56548611111111,
    "islake": 0,
    "lakeId": 0,
    "RATEACV": 0.0,
    "RATEBCV": 0.0,
    "lake_Vol": 0.0
  }
}