{
  "data": {
    "BotElev": 991.0,
    "Length": 49044.615263798914,
    "OBJECTID": null,
    "PFAF": "3428621",
    "PFAF_CODE": 342862100000.0,
    "PF_TYPE": 5,
    "Shape_Leng": 0.46750174337,
    "Slope": 0.002956491741654,
    "TopElev": 1136.0,
    "Tosegment": 3034731,
    "end_x": -113.85458333333565,
    "end_y": 50.73958333333434,
    "flow_acc": 1623.99,
    "seg_id": 3028312,
    "start_x": -114.2029166666689,
    "start_y": 50.73291666666768,
    "islake": 0,
    "lakeId": 0,
    "RATEACV": 0.0,
    "RATEBCV": 0.0,
    "lake_Vol": 0.0
  }
}