{
  "data": {
    "BotElev": 506.0,
    "Length": 30285.45761252487,
    "OBJECTID": null,
    "PFAF": "338963",
    "PFAF_CODE": 338963000000.0,
    "PF_TYPE": 4,
    "Shape_Leng": 0.33992219759,
    "Slope": 0.000429248920928,
    "TopElev": 519.0,
    "Tosegment": 3032206,
    "end_x": -108.91208333317923,
    "end_y": 54.077916666820784,
    "flow_acc": 1582.86,
    "seg_id": 3028077,
    "start_x": -109.21125000008738,
    "start_y": 54.07708333342919,
    "islake": 0,
    "lakeId": 0,
    "RATEACV": 0.0,
    "RATEBCV": 0.0,
    "lake_Vol": 0.0
  }
}