{
  "data": {
    "BotElev": 572.0,
    "Length": 206150.33284191674,
    "OBJECTID": null,
    "PFAF": "328881",
    "PFAF_CODE": 328881000000.0,
    "PF_TYPE": 4,
    "Shape_Leng": 2.25926196428,
    "Slope": 0.000552994498861,
    "TopElev": 686.0,
    "Tosegment": 3038289,
    "end_x": -114.8718750000001,
    "end_y": 55.45715277777771,
    "flow_acc": 1613.32,
    "seg_id": 3028242,
    "start_x": -116.05520833333338,
    "start_y": 55.03006944444445,
    "islake": 0,
    "lakeId": 0,
    "RATEACV": 0.0,
    "RATEBCV": 0.0,
    "lake_Vol": 0.0
  }
}