{
  "data": {
    "BotElev": 721.0,
    "Length": 21248.13999120113,
    "OBJECTID": null,
    "PFAF": "380891",
    "PFAF_CODE": 380891000000.0,
    "PF_TYPE": 3,
    "Shape_Leng": 0.21773268384,
    "Slope": 0.000517692372347,
    "TopElev": 732.0,
    "Tosegment": 3032593,
    "end_x": -106.63124999999764,
    "end_y": 49.60958333333133,
    "flow_acc": 1681.35,
    "seg_id": 3028620,
    "start_x": -106.77624999999773,
    "start_y": 49.502916666664646,
    "islake": 0,
    "lakeId": 0,
    "RATEACV": 0.0,
    "RATEBCV": 0.0,
    "lake_Vol": 0.0
  }
}