{
  "data": {
    "BotElev": 870.0,
    "Length": 30443.9608245647,
    "OBJECTID": null,
    "PFAF": "3189891",
    "PFAF_CODE": 318989100000.0,
    "PF_TYPE": 4,
    "Shape_Leng": 0.28014174465,
    "Slope": 0.002923404103456,
    "TopElev": 959.0,
    "Tosegment": 3033721,
    "end_x": -132.503125,
    "end_y": 61.28423611111123,
    "flow_acc": 1779.47,
    "seg_id": 3029105,
    "start_x": -132.28854166666673,
    "start_y": 61.16131944444459,
    "islake": 0,
    "lakeId": 0,
    "RATEACV": 0.0,
    "RATEBCV": 0.0,
    "lake_Vol": 0.0
  }
}