{
  "data": {
    "BotElev": 341.0,
    "Length": 74880.19011833347,
    "OBJECTID": null,
    "PFAF": "3334541",
    "PFAF_CODE": 333454100000.0,
    "PF_TYPE": 5,
    "Shape_Leng": 0.95382410272,
    "Slope": 0.000881408018539,
    "TopElev": 407.0,
    "Tosegment": 3041761,
    "end_x": -114.40312499991876,
    "end_y": 65.84256944402478,
    "flow_acc": 1833.12,
    "seg_id": 3029326,
    "start_x": -115.2302083335477,
    "start_y": 66.04256944452436,
    "islake": 0,
    "lakeId": 0,
    "RATEACV": 0.0,
    "RATEBCV": 0.0,
    "lake_Vol": 0.0
  }
}