{
  "data": {
    "BotElev": 734.0,
    "Length": 24460.78798221218,
    "OBJECTID": null,
    "PFAF": "3249991",
    "PFAF_CODE": 324999100000.0,
    "PF_TYPE": 2,
    "Shape_Leng": 0.19895307226,
    "Slope": -0.000286172301771,
    "TopElev": 727.0,
    "Tosegment": 3034297,
    "end_x": -129.67604166666672,
    "end_y": 61.455069444444575,
    "flow_acc": 1951.26,
    "seg_id": 3029845,
    "start_x": -129.74479166666669,
    "start_y": 61.62381944444445,
    "islake": 0,
    "lakeId": 0,
    "RATEACV": 0.0,
    "RATEBCV": 0.0,
    "lake_Vol": 0.0
  }
}