{
  "data": {
    "BotElev": 682.0,
    "Length": 128618.02320935728,
    "OBJECTID": null,
    "PFAF": "321229",
    "PFAF_CODE": 321229000000.0,
    "PF_TYPE": 4,
    "Shape_Leng": 1.33237223327,
    "Slope": 0.003809730454358,
    "TopElev": 1172.0,
    "Tosegment": 3032831,
    "end_x": -133.10312500000003,
    "end_y": 65.09048611111109,
    "flow_acc": 1805.11,
    "seg_id": 3029212,
    "start_x": -132.11666666666673,
    "start_y": 64.51965277777782,
    "islake": 0,
    "lakeId": 0,
    "RATEACV": 0.0,
    "RATEBCV": 0.0,
    "lake_Vol": 0.0
  }
}