{
  "data": {
    "BotElev": 220.0,
    "Length": 36882.63291972617,
    "OBJECTID": null,
    "PFAF": "322943",
    "PFAF_CODE": 322943000000.0,
    "PF_TYPE": 4,
    "Shape_Leng": 0.50323187198,
    "Slope": 0.000786277922813,
    "TopElev": 249.0,
    "Tosegment": 3034309,
    "end_x": -118.34687500000013,
    "end_y": 67.02798611111115,
    "flow_acc": 1958.58,
    "seg_id": 3029873,
    "start_x": -117.98854166666678,
    "start_y": 67.25090277777775,
    "islake": 0,
    "lakeId": 0,
    "RATEACV": 0.0,
    "RATEBCV": 0.0,
    "lake_Vol": 0.0
  }
}