{
  "data": {
    "BotElev": 74.0,
    "Length": 43476.45926756846,
    "OBJECTID": null,
    "PFAF": "332281",
    "PFAF_CODE": 332281000000.0,
    "PF_TYPE": 4,
    "Shape_Leng": 0.70844546658,
    "Slope": 0.000437018108652,
    "TopElev": 93.0,
    "Tosegment": 3037050,
    "end_x": -129.72812499986884,
    "end_y": 67.99256944422461,
    "flow_acc": 1929.38,
    "seg_id": 3029746,
    "start_x": -130.37604166688936,
    "start_y": 67.8842361114074,
    "islake": 0,
    "lakeId": 0,
    "RATEACV": 0.0,
    "RATEBCV": 0.0,
    "lake_Vol": 0.0
  }
}