{
  "data": {
    "BotElev": 695.0,
    "Length": 41419.2866370434,
    "OBJECTID": null,
    "PFAF": "31896295",
    "PFAF_CODE": 318962950000.0,
    "PF_TYPE": 5,
    "Shape_Leng": 0.3716857561,
    "Slope": -0.001810750645158,
    "TopElev": 620.0,
    "Tosegment": 3031682,
    "end_x": -136.3593750000001,
    "end_y": 60.348819444444416,
    "flow_acc": 1951.44,
    "seg_id": 3029847,
    "start_x": -136.06145833333335,
    "start_y": 60.19256944444459,
    "islake": 0,
    "lakeId": 0,
    "RATEACV": 0.0,
    "RATEBCV": 0.0,
    "lake_Vol": 0.0
  }
}