{
  "data": {
    "BotElev": 106.0,
    "Length": 8598.470578866307,
    "OBJECTID": null,
    "PFAF": "321681",
    "PFAF_CODE": 321681000000.0,
    "PF_TYPE": 4,
    "Shape_Leng": 0.1276755651,
    "Slope": 0.00593128737631,
    "TopElev": 157.0,
    "Tosegment": 3035277,
    "end_x": -126.3072916666668,
    "end_y": 66.38840277777769,
    "flow_acc": 1875.86,
    "seg_id": 3029502,
    "start_x": -126.20520833333336,
    "start_y": 66.43006944444448,
    "islake": 0,
    "lakeId": 0,
    "RATEACV": 0.0,
    "RATEBCV": 0.0,
    "lake_Vol": 0.0
  }
}