{
  "data": {
    "BotElev": 246.0,
    "Length": 5390.510030369261,
    "OBJECTID": null,
    "PFAF": "328281",
    "PFAF_CODE": 328281000000.0,
    "PF_TYPE": 4,
    "Shape_Leng": 0.05446278255,
    "Slope": 0.0,
    "TopElev": 246.0,
    "Tosegment": 3035810,
    "end_x": -114.12812500000013,
    "end_y": 58.21965277777775,
    "flow_acc": 1965.37,
    "seg_id": 3029897,
    "start_x": -114.15729166666677,
    "start_y": 58.186319444444564,
    "islake": 0,
    "lakeId": 0,
    "RATEACV": 0.0,
    "RATEBCV": 0.0,
    "lake_Vol": 0.0
  }
}