{
  "data": {
    "BotElev": 1061.0,
    "Length": 47712.37121992654,
    "OBJECTID": null,
    "PFAF": "3129993",
    "PFAF_CODE": 312999300000.0,
    "PF_TYPE": 2,
    "Shape_Leng": 0.34939514165,
    "Slope": 0.001865344306401,
    "TopElev": 1150.0,
    "Tosegment": 3032351,
    "end_x": -115.80958333333535,
    "end_y": 50.627083333334724,
    "flow_acc": 1946.19,
    "seg_id": 3029820,
    "start_x": -116.00541666666851,
    "start_y": 50.823750000001155,
    "islake": 0,
    "lakeId": 0,
    "RATEACV": 0.0,
    "RATEBCV": 0.0,
    "lake_Vol": 0.0
  }
}