{
  "data": {
    "BotElev": 230.0,
    "Length": 25428.5449526102,
    "OBJECTID": null,
    "PFAF": "3285921",
    "PFAF_CODE": 328592100000.0,
    "PF_TYPE": 5,
    "Shape_Leng": 0.26204530402,
    "Slope": 0.001926968298474,
    "TopElev": 279.0,
    "Tosegment": 3044156,
    "end_x": -111.60520833333345,
    "end_y": 57.13006944444453,
    "flow_acc": 1795.38,
    "seg_id": 3029166,
    "start_x": -111.4677083333334,
    "start_y": 57.25090277777775,
    "islake": 0,
    "lakeId": 0,
    "RATEACV": 0.0,
    "RATEBCV": 0.0,
    "lake_Vol": 0.0
  }
}