{
  "data": {
    "BotElev": 353.0,
    "Length": 19577.129088194208,
    "OBJECTID": null,
    "PFAF": "3262993",
    "PFAF_CODE": 326299300000.0,
    "PF_TYPE": 3,
    "Shape_Leng": 0.23600889843,
    "Slope": -0.000204320050298,
    "TopElev": 349.0,
    "Tosegment": 3033934,
    "end_x": -118.98437500000011,
    "end_y": 64.35506944444455,
    "flow_acc": 1818.74,
    "seg_id": 3029264,
    "start_x": -119.18854166666671,
    "start_y": 64.41131944444447,
    "islake": 0,
    "lakeId": 0,
    "RATEACV": 0.0,
    "RATEBCV": 0.0,
    "lake_Vol": 0.0
  }
}