{
  "data": {
    "BotElev": 510.0,
    "Length": 60051.909866956186,
    "OBJECTID": null,
    "PFAF": "342543",
    "PFAF_CODE": 342543000000.0,
    "PF_TYPE": 4,
    "Shape_Leng": 0.46092899201,
    "Slope": 0.000566176830601,
    "TopElev": 544.0,
    "Tosegment": 3032856,
    "end_x": -106.57625000000417,
    "end_y": 51.89375000000081,
    "flow_acc": 1987.45,
    "seg_id": 3029997,
    "start_x": -106.50958333333756,
    "start_y": 51.576250000000925,
    "islake": 0,
    "lakeId": 0,
    "RATEACV": 0.0,
    "RATEBCV": 0.0,
    "lake_Vol": 0.0
  }
}