{
  "data": {
    "BotElev": 683.0,
    "Length": 579.6841465454039,
    "OBJECTID": null,
    "PFAF": "3189661",
    "PFAF_CODE": 318966100000.0,
    "PF_TYPE": 5,
    "Shape_Leng": 0.01178511302,
    "Slope": 0.0,
    "TopElev": 683.0,
    "Tosegment": 3038596,
    "end_x": -134.24270833333344,
    "end_y": 59.62173611111109,
    "flow_acc": 1887.67,
    "seg_id": 3029562,
    "start_x": -134.2510416666667,
    "start_y": 59.61340277777805,
    "islake": 0,
    "lakeId": 0,
    "RATEACV": 0.0,
    "RATEBCV": 0.0,
    "lake_Vol": 0.0
  }
}