{
  "data": {
    "BotElev": 938.0,
    "Length": 10309.077178179175,
    "OBJECTID": null,
    "PFAF": "3289681",
    "PFAF_CODE": 328968100000.0,
    "PF_TYPE": 5,
    "Shape_Leng": 0.10907362304,
    "Slope": 0.001261024607277,
    "TopElev": 951.0,
    "Tosegment": 3035571,
    "end_x": -116.61354166666678,
    "end_y": 53.45923611111118,
    "flow_acc": 1869.63,
    "seg_id": 3029478,
    "start_x": -116.66562500000015,
    "start_y": 53.3884027777778,
    "islake": 0,
    "lakeId": 0,
    "RATEACV": 0.0,
    "RATEBCV": 0.0,
    "lake_Vol": 0.0
  }
}