{
  "data": {
    "BotElev": 156.0,
    "Length": 34578.9863607077,
    "OBJECTID": null,
    "PFAF": "3224121",
    "PFAF_CODE": 322412100000.0,
    "PF_TYPE": 5,
    "Shape_Leng": 0.37082281118,
    "Slope": 0.000289192976789,
    "TopElev": 166.0,
    "Tosegment": 3042365,
    "end_x": -118.4989583333334,
    "end_y": 65.84048611111115,
    "flow_acc": 1858.21,
    "seg_id": 3029430,
    "start_x": -118.51562500000011,
    "start_y": 65.59673611111123,
    "islake": 0,
    "lakeId": 0,
    "RATEACV": 0.0,
    "RATEBCV": 0.0,
    "lake_Vol": 0.0
  }
}