{
  "data": {
    "BotElev": 565.0,
    "Length": 37858.342558798686,
    "OBJECTID": null,
    "PFAF": "324727",
    "PFAF_CODE": 324727000000.0,
    "PF_TYPE": 4,
    "Shape_Leng": 0.38689724608,
    "Slope": 0.002535768697504,
    "TopElev": 661.0,
    "Tosegment": 3032734,
    "end_x": -125.88437500000003,
    "end_y": 60.46548611111103,
    "flow_acc": 1946.71,
    "seg_id": 3029824,
    "start_x": -126.20520833333336,
    "start_y": 60.55506944444454,
    "islake": 0,
    "lakeId": 0,
    "RATEACV": 0.0,
    "RATEBCV": 0.0,
    "lake_Vol": 0.0
  }
}