{
  "data": {
    "BotElev": 561.0,
    "Length": 15872.869138365366,
    "OBJECTID": null,
    "PFAF": "3293943",
    "PFAF_CODE": 329394300000.0,
    "PF_TYPE": 5,
    "Shape_Leng": 0.16431262018,
    "Slope": 0.001323012230299,
    "TopElev": 582.0,
    "Tosegment": 3031067,
    "end_x": -117.1197916666668,
    "end_y": 56.042569444444496,
    "flow_acc": 1766.09,
    "seg_id": 3029040,
    "start_x": -116.97187500000013,
    "start_y": 56.02381944444454,
    "islake": 0,
    "lakeId": 0,
    "RATEACV": 0.0,
    "RATEBCV": 0.0,
    "lake_Vol": 0.0
  }
}