{
  "data": {
    "BotElev": 390.0,
    "Length": 66665.1800606862,
    "OBJECTID": null,
    "PFAF": "3284981",
    "PFAF_CODE": 328498100000.0,
    "PF_TYPE": 5,
    "Shape_Leng": 0.82245144853,
    "Slope": 0.0,
    "TopElev": 390.0,
    "Tosegment": 3035962,
    "end_x": -104.26770833333342,
    "end_y": 59.93006944444454,
    "flow_acc": 1807.52,
    "seg_id": 3029222,
    "start_x": -104.95729166666683,
    "start_y": 59.869652777777844,
    "islake": 0,
    "lakeId": 0,
    "RATEACV": 0.0,
    "RATEBCV": 0.0,
    "lake_Vol": 0.0
  }
}