{
  "data": {
    "BotElev": 10.0,
    "Length": 85328.41922735552,
    "OBJECTID": null,
    "PFAF": "321141",
    "PFAF_CODE": 321141000000.0,
    "PF_TYPE": 4,
    "Shape_Leng": 1.358506794,
    "Slope": -2.3438849777e-05,
    "TopElev": 8.0,
    "Tosegment": 3045362,
    "end_x": -135.28229166666677,
    "end_y": 67.99881944444456,
    "flow_acc": 1771.54,
    "seg_id": 3029068,
    "start_x": -134.05729166666674,
    "start_y": 68.06965277777772,
    "islake": 0,
    "lakeId": 0,
    "RATEACV": 0.0,
    "RATEBCV": 0.0,
    "lake_Vol": 0.0
  }
}