{
  "data": {
    "BotElev": 309.0,
    "Length": 49279.35799428568,
    "OBJECTID": null,
    "PFAF": "3293291",
    "PFAF_CODE": 329329100000.0,
    "PF_TYPE": 4,
    "Shape_Leng": 0.58930209802,
    "Slope": 0.000507311803918,
    "TopElev": 334.0,
    "Tosegment": 3031769,
    "end_x": -116.92395833333347,
    "end_y": 58.36965277777779,
    "flow_acc": 2049.31,
    "seg_id": 3030236,
    "start_x": -117.29479166666675,
    "start_y": 58.15506944444445,
    "islake": 0,
    "lakeId": 0,
    "RATEACV": 0.0,
    "RATEBCV": 0.0,
    "lake_Vol": 0.0
  }
}