{
  "data": {
    "BotElev": 447.0,
    "Length": 12081.361283056727,
    "OBJECTID": null,
    "PFAF": "327485",
    "PFAF_CODE": 327485000000.0,
    "PF_TYPE": 4,
    "Shape_Leng": 0.08880711875,
    "Slope": 0.001241581941684,
    "TopElev": 462.0,
    "Tosegment": 3032998,
    "end_x": -119.53854166666679,
    "end_y": 58.38423611111125,
    "flow_acc": 2200.99,
    "seg_id": 3030774,
    "start_x": -119.51145833333345,
    "start_y": 58.31131944444445,
    "islake": 0,
    "lakeId": 0,
    "RATEACV": 0.0,
    "RATEBCV": 0.0,
    "lake_Vol": 0.0
  }
}