{
  "data": {
    "BotElev": 395.0,
    "Length": 28993.978135830424,
    "OBJECTID": null,
    "PFAF": "3276981",
    "PFAF_CODE": 327698100000.0,
    "PF_TYPE": 5,
    "Shape_Leng": 0.37757831261,
    "Slope": 0.000655308488921,
    "TopElev": 414.0,
    "Tosegment": 3037247,
    "end_x": -106.3114583333334,
    "end_y": 61.31548611111123,
    "flow_acc": 2061.38,
    "seg_id": 3030298,
    "start_x": -106.60729166666681,
    "start_y": 61.14881944444454,
    "islake": 0,
    "lakeId": 0,
    "RATEACV": 0.0,
    "RATEBCV": 0.0,
    "lake_Vol": 0.0
  }
}