{
  "data": {
    "BotElev": 417.0,
    "Length": 28901.91207854121,
    "OBJECTID": null,
    "PFAF": "3142695",
    "PFAF_CODE": 314269500000.0,
    "PF_TYPE": 4,
    "Shape_Leng": 0.2391726189,
    "Slope": 0.002940981889676,
    "TopElev": 502.0,
    "Tosegment": 3033586,
    "end_x": -118.81958333333455,
    "end_y": 50.30875000000128,
    "flow_acc": 2027.19,
    "seg_id": 3030155,
    "start_x": -118.63375000000099,
    "start_y": 50.25708333333449,
    "islake": 0,
    "lakeId": 0,
    "RATEACV": 0.0,
    "RATEBCV": 0.0,
    "lake_Vol": 0.0
  }
}