{
  "data": {
    "BotElev": 141.0,
    "Length": 34401.84162920533,
    "OBJECTID": null,
    "PFAF": "325821",
    "PFAF_CODE": 325821000000.0,
    "PF_TYPE": 4,
    "Shape_Leng": 0.46294417382,
    "Slope": 5.8136422508e-05,
    "TopElev": 143.0,
    "Tosegment": 3041035,
    "end_x": -118.28437500000007,
    "end_y": 61.511319444444496,
    "flow_acc": 2247.02,
    "seg_id": 3030896,
    "start_x": -117.83437500000014,
    "start_y": 61.480069444444496,
    "islake": 0,
    "lakeId": 0,
    "RATEACV": 0.0,
    "RATEBCV": 0.0,
    "lake_Vol": 0.0
  }
}