{
  "data": {
    "BotElev": 620.0,
    "Length": 28691.430239214187,
    "OBJECTID": null,
    "PFAF": "329665",
    "PFAF_CODE": 329665000000.0,
    "PF_TYPE": 4,
    "Shape_Leng": 0.32490274751,
    "Slope": 0.001463851737255,
    "TopElev": 662.0,
    "Tosegment": 3032195,
    "end_x": -120.96979166666671,
    "end_y": 56.725902777777776,
    "flow_acc": 2223.23,
    "seg_id": 3030836,
    "start_x": -121.23437500000011,
    "start_y": 56.671736111111045,
    "islake": 0,
    "lakeId": 0,
    "RATEACV": 0.0,
    "RATEBCV": 0.0,
    "lake_Vol": 0.0
  }
}