{
  "data": {
    "BotElev": 482.0,
    "Length": 29365.4546529566,
    "OBJECTID": null,
    "PFAF": "3292561",
    "PFAF_CODE": 329256100000.0,
    "PF_TYPE": 5,
    "Shape_Leng": 0.371006794,
    "Slope": 0.000510804282694,
    "TopElev": 497.0,
    "Tosegment": 3040621,
    "end_x": -113.59687500000007,
    "end_y": 56.769652777777765,
    "flow_acc": 2039.6,
    "seg_id": 3030203,
    "start_x": -113.25937500000015,
    "start_y": 56.80715277777779,
    "islake": 0,
    "lakeId": 0,
    "RATEACV": 0.0,
    "RATEBCV": 0.0,
    "lake_Vol": 0.0
  }
}