{
  "data": {
    "BotElev": 110.0,
    "Length": 27106.80783180309,
    "OBJECTID": null,
    "PFAF": "3365841",
    "PFAF_CODE": 336584100000.0,
    "PF_TYPE": 5,
    "Shape_Leng": 0.32820647125,
    "Slope": 0.001401861858312,
    "TopElev": 148.0,
    "Tosegment": 3036772,
    "end_x": -102.55729166627737,
    "end_y": 64.11965277735385,
    "flow_acc": 2003.13,
    "seg_id": 3030060,
    "start_x": -102.77187500023098,
    "start_y": 64.00090277804094,
    "islake": 0,
    "lakeId": 0,
    "RATEACV": 0.0,
    "RATEBCV": 0.0,
    "lake_Vol": 0.0
  }
}