{
  "data": {
    "BotElev": 26.0,
    "Length": 93510.52214174681,
    "OBJECTID": null,
    "PFAF": "3212181",
    "PFAF_CODE": 321218100000.0,
    "PF_TYPE": 5,
    "Shape_Leng": 1.2917936803,
    "Slope": 0.00399954990555,
    "TopElev": 400.0,
    "Tosegment": 3043289,
    "end_x": -134.19270833333337,
    "end_y": 66.4988194444445,
    "flow_acc": 2096.34,
    "seg_id": 3030436,
    "start_x": -135.0072916666668,
    "start_y": 66.25715277777778,
    "islake": 0,
    "lakeId": 0,
    "RATEACV": 0.0,
    "RATEBCV": 0.0,
    "lake_Vol": 0.0
  }
}