{
  "data": {
    "BotElev": 348.0,
    "Length": 22610.535720959233,
    "OBJECTID": null,
    "PFAF": "3142661",
    "PFAF_CODE": 314266100000.0,
    "PF_TYPE": 5,
    "Shape_Leng": 0.27120899457,
    "Slope": -8.845433937e-05,
    "TopElev": 346.0,
    "Tosegment": 3038286,
    "end_x": -119.05458333333445,
    "end_y": 50.82625000000104,
    "flow_acc": 2159.43,
    "seg_id": 3030647,
    "start_x": -119.29458333333423,
    "start_y": 50.75375000000133,
    "islake": 0,
    "lakeId": 0,
    "RATEACV": 0.0,
    "RATEBCV": 0.0,
    "lake_Vol": 0.0
  }
}