{
  "data": {
    "BotElev": 192.0,
    "Length": 1691.5773492161197,
    "OBJECTID": null,
    "PFAF": "326163",
    "PFAF_CODE": 326163000000.0,
    "PF_TYPE": 4,
    "Shape_Leng": 0.02550550143,
    "Slope": -0.013005612785129,
    "TopElev": 170.0,
    "Tosegment": 3033574,
    "end_x": -112.00104166666677,
    "end_y": 61.56756944444436,
    "flow_acc": 1993.88,
    "seg_id": 3030018,
    "start_x": -111.97812500000015,
    "start_y": 61.57381944444444,
    "islake": 0,
    "lakeId": 0,
    "RATEACV": 0.0,
    "RATEBCV": 0.0,
    "lake_Vol": 0.0
  }
}