{
  "data": {
    "BotElev": 176.0,
    "Length": 14032.21098054497,
    "OBJECTID": null,
    "PFAF": "327925",
    "PFAF_CODE": 327925000000.0,
    "PF_TYPE": 4,
    "Shape_Leng": 0.14312184335,
    "Slope": 0.000285058427752,
    "TopElev": 180.0,
    "Tosegment": 3032360,
    "end_x": -112.2614583333334,
    "end_y": 59.942569444444416,
    "flow_acc": 2215.19,
    "seg_id": 3030813,
    "start_x": -112.1364583333334,
    "start_y": 59.89881944444443,
    "islake": 0,
    "lakeId": 0,
    "RATEACV": 0.0,
    "RATEBCV": 0.0,
    "lake_Vol": 0.0
  }
}