{
  "data": {
    "BotElev": 959.0,
    "Length": 23122.629966818502,
    "OBJECTID": null,
    "PFAF": "31894973",
    "PFAF_CODE": 318949730000.0,
    "PF_TYPE": 4,
    "Shape_Leng": 0.33014174465,
    "Slope": 0.000216238378038,
    "TopElev": 964.0,
    "Tosegment": 3033127,
    "end_x": -130.24479166666674,
    "end_y": 62.302986111111125,
    "flow_acc": 2186.74,
    "seg_id": 3030732,
    "start_x": -129.9552083333333,
    "start_y": 62.384236111111136,
    "islake": 0,
    "lakeId": 0,
    "RATEACV": 0.0,
    "RATEBCV": 0.0,
    "lake_Vol": 0.0
  }
}