{
  "data": {
    "BotElev": 342.0,
    "Length": 43126.150662336804,
    "OBJECTID": null,
    "PFAF": "31256273",
    "PFAF_CODE": 312562730000.0,
    "PF_TYPE": 5,
    "Shape_Leng": 0.34604148614,
    "Slope": 0.0,
    "TopElev": 342.0,
    "Tosegment": 3031757,
    "end_x": -119.50291666666766,
    "end_y": 49.918750000001296,
    "flow_acc": 2169.46,
    "seg_id": 3030678,
    "start_x": -119.426250000001,
    "start_y": 50.2145833333347,
    "islake": 0,
    "lakeId": 0,
    "RATEACV": 0.0,
    "RATEBCV": 0.0,
    "lake_Vol": 0.0
  }
}