{
  "data": {
    "BotElev": 622.0,
    "Length": 136576.95576715458,
    "OBJECTID": null,
    "PFAF": "3293923",
    "PFAF_CODE": 329392300000.0,
    "PF_TYPE": 5,
    "Shape_Leng": 1.32583663954,
    "Slope": 0.001369191449243,
    "TopElev": 809.0,
    "Tosegment": 3033612,
    "end_x": -117.55520833333344,
    "end_y": 56.44465277777783,
    "flow_acc": 2264.24,
    "seg_id": 3030957,
    "start_x": -118.6083333333334,
    "start_y": 56.71548611111109,
    "islake": 0,
    "lakeId": 0,
    "RATEACV": 0.0,
    "RATEBCV": 0.0,
    "lake_Vol": 0.0
  }
}