{
  "data": {
    "BotElev": 486.0,
    "Length": 189220.3008278354,
    "OBJECTID": null,
    "PFAF": "34982111",
    "PFAF_CODE": 349821110000.0,
    "PF_TYPE": 4,
    "Shape_Leng": 1.53734156946,
    "Slope": 0.000586617818037,
    "TopElev": 597.0,
    "Tosegment": 3038747,
    "end_x": -105.02958333333794,
    "end_y": 50.79541666666779,
    "flow_acc": 2095.22,
    "seg_id": 3030427,
    "start_x": -105.88500000000437,
    "start_y": 51.456250000000864,
    "islake": 0,
    "lakeId": 0,
    "RATEACV": 0.0,
    "RATEBCV": 0.0,
    "lake_Vol": 0.0
  }
}