{
  "data": {
    "BotElev": 301.0,
    "Length": 23240.59887249867,
    "OBJECTID": null,
    "PFAF": "322483",
    "PFAF_CODE": 322483000000.0,
    "PF_TYPE": 4,
    "Shape_Leng": 0.24666035337,
    "Slope": 0.000602394115436,
    "TopElev": 315.0,
    "Tosegment": 3033982,
    "end_x": -116.53645833333348,
    "end_y": 65.04048611111125,
    "flow_acc": 2200.65,
    "seg_id": 3030771,
    "start_x": -116.42395833333347,
    "start_y": 65.21756944444456,
    "islake": 0,
    "lakeId": 0,
    "RATEACV": 0.0,
    "RATEBCV": 0.0,
    "lake_Vol": 0.0
  }
}