{
  "data": {
    "BotElev": 180.0,
    "Length": 31267.96390297946,
    "OBJECTID": null,
    "PFAF": "325863",
    "PFAF_CODE": 325863000000.0,
    "PF_TYPE": 4,
    "Shape_Leng": 0.4069289621,
    "Slope": 0.000511705848505,
    "TopElev": 196.0,
    "Tosegment": 3032532,
    "end_x": -117.83229166666672,
    "end_y": 61.871736111111204,
    "flow_acc": 2150.36,
    "seg_id": 3030618,
    "start_x": -118.20520833333342,
    "start_y": 61.871736111111204,
    "islake": 0,
    "lakeId": 0,
    "RATEACV": 0.0,
    "RATEBCV": 0.0,
    "lake_Vol": 0.0
  }
}