{
  "data": {
    "BotElev": 476.0,
    "Length": 35394.2740031066,
    "OBJECTID": null,
    "PFAF": "3389221",
    "PFAF_CODE": 338922100000.0,
    "PF_TYPE": 5,
    "Shape_Leng": 0.24969125857,
    "Slope": 0.000197772102894,
    "TopElev": 483.0,
    "Tosegment": 3037186,
    "end_x": -107.43875000021228,
    "end_y": 54.26208333377883,
    "flow_acc": 2158.5,
    "seg_id": 3030644,
    "start_x": -107.25458333325412,
    "start_y": 54.10958333300448,
    "islake": 0,
    "lakeId": 0,
    "RATEACV": 0.0,
    "RATEBCV": 0.0,
    "lake_Vol": 0.0
  }
}