{
  "data": {
    "BotElev": 180.0,
    "Length": 92255.67758660177,
    "OBJECTID": null,
    "PFAF": "3276361",
    "PFAF_CODE": 327636100000.0,
    "PF_TYPE": 5,
    "Shape_Leng": 0.8851249092,
    "Slope": 0.000834636978605,
    "TopElev": 257.0,
    "Tosegment": 3043273,
    "end_x": -111.77187500000014,
    "end_y": 60.65506944444445,
    "flow_acc": 2220.47,
    "seg_id": 3030827,
    "start_x": -111.19062500000013,
    "start_y": 60.586319444444484,
    "islake": 0,
    "lakeId": 0,
    "RATEACV": 0.0,
    "RATEBCV": 0.0,
    "lake_Vol": 0.0
  }
}