{
  "data": {
    "BotElev": 847.0,
    "Length": 30522.521561600803,
    "OBJECTID": null,
    "PFAF": "31892661",
    "PFAF_CODE": 318926610000.0,
    "PF_TYPE": 6,
    "Shape_Leng": 0.38668786053,
    "Slope": 0.001932998880218,
    "TopElev": 906.0,
    "Tosegment": 3036144,
    "end_x": -137.6218750000001,
    "end_y": 61.86965277777779,
    "flow_acc": 2096.72,
    "seg_id": 3030439,
    "start_x": -137.30520833333333,
    "start_y": 61.93840277777775,
    "islake": 0,
    "lakeId": 0,
    "RATEACV": 0.0,
    "RATEBCV": 0.0,
    "lake_Vol": 0.0
  }
}