{
  "data": {
    "BotElev": 421.0,
    "Length": 69749.35118907514,
    "OBJECTID": null,
    "PFAF": "3186967",
    "PFAF_CODE": 318696700000.0,
    "PF_TYPE": 5,
    "Shape_Leng": 1.00081649789,
    "Slope": 0.002179231740636,
    "TopElev": 573.0,
    "Tosegment": 3034301,
    "end_x": -138.04895833333342,
    "end_y": 65.98631944444452,
    "flow_acc": 1998.46,
    "seg_id": 3030042,
    "start_x": -138.9531249999999,
    "start_y": 65.87798611111134,
    "islake": 0,
    "lakeId": 0,
    "RATEACV": 0.0,
    "RATEBCV": 0.0,
    "lake_Vol": 0.0
  }
}