{
  "data": {
    "BotElev": 572.0,
    "Length": 95141.88860956072,
    "OBJECTID": null,
    "PFAF": "328861",
    "PFAF_CODE": 328861000000.0,
    "PF_TYPE": 4,
    "Shape_Leng": 0.98679999359,
    "Slope": 0.000977487428084,
    "TopElev": 665.0,
    "Tosegment": 3039760,
    "end_x": -114.79895833333342,
    "end_y": 55.38631944444455,
    "flow_acc": 2238.61,
    "seg_id": 3030872,
    "start_x": -115.31145833333346,
    "start_y": 55.06548611111123,
    "islake": 0,
    "lakeId": 0,
    "RATEACV": 0.0,
    "RATEBCV": 0.0,
    "lake_Vol": 0.0
  }
}