{
  "data": {
    "BotElev": 273.0,
    "Length": 1389.859146310488,
    "OBJECTID": null,
    "PFAF": "332971",
    "PFAF_CODE": 332971000000.0,
    "PF_TYPE": 2,
    "Shape_Leng": 0.02047588948,
    "Slope": 0.001438994739366,
    "TopElev": 275.0,
    "Tosegment": 3033306,
    "end_x": -123.70937499975639,
    "end_y": 67.04465277780355,
    "flow_acc": 2501.06,
    "seg_id": 3031672,
    "start_x": -123.69062500024347,
    "start_y": 67.04465277780355,
    "islake": 0,
    "lakeId": 0,
    "RATEACV": 0.0,
    "RATEBCV": 0.0,
    "lake_Vol": 0.0
  }
}