{
  "data": {
    "BotElev": 683.0,
    "Length": 61634.077888609616,
    "OBJECTID": null,
    "PFAF": "3189981",
    "PFAF_CODE": 318998100000.0,
    "PF_TYPE": 5,
    "Shape_Leng": 0.54814093279,
    "Slope": 0.001038386590543,
    "TopElev": 747.0,
    "Tosegment": 3036747,
    "end_x": -132.16145833333337,
    "end_y": 59.68423611111103,
    "flow_acc": 2511.29,
    "seg_id": 3031701,
    "start_x": -131.99270833333344,
    "start_y": 59.309236111111204,
    "islake": 0,
    "lakeId": 0,
    "RATEACV": 0.0,
    "RATEBCV": 0.0,
    "lake_Vol": 0.0
  }
}