{
  "data": {
    "BotElev": 463.0,
    "Length": 27222.302553708232,
    "OBJECTID": null,
    "PFAF": "3284271",
    "PFAF_CODE": 328427100000.0,
    "PF_TYPE": 4,
    "Shape_Leng": 0.25103640559,
    "Slope": 0.000551018782133,
    "TopElev": 478.0,
    "Tosegment": 3033978,
    "end_x": -107.90312500000016,
    "end_y": 58.28423611111111,
    "flow_acc": 2409.9,
    "seg_id": 3031422,
    "start_x": -107.75312500000013,
    "start_y": 58.16548611111125,
    "islake": 0,
    "lakeId": 0,
    "RATEACV": 0.0,
    "RATEBCV": 0.0,
    "lake_Vol": 0.0
  }
}