{
  "data": {
    "BotElev": 65.0,
    "Length": 106186.61354138315,
    "OBJECTID": null,
    "PFAF": "321663",
    "PFAF_CODE": 321663000000.0,
    "PF_TYPE": 4,
    "Shape_Leng": 1.37675565099,
    "Slope": 0.000536790826066,
    "TopElev": 122.0,
    "Tosegment": 3033046,
    "end_x": -127.39270833333342,
    "end_y": 66.2634027777778,
    "flow_acc": 2614.64,
    "seg_id": 3031996,
    "start_x": -127.02604166666674,
    "start_y": 65.9050694444445,
    "islake": 0,
    "lakeId": 0,
    "RATEACV": 0.0,
    "RATEBCV": 0.0,
    "lake_Vol": 0.0
  }
}