{
  "data": {
    "BotElev": 859.0,
    "Length": 20563.767148341987,
    "OBJECTID": null,
    "PFAF": "3189285",
    "PFAF_CODE": 318928500000.0,
    "PF_TYPE": 5,
    "Shape_Leng": 0.19041035337,
    "Slope": 0.004036225434827,
    "TopElev": 942.0,
    "Tosegment": 3034191,
    "end_x": -139.73020833333345,
    "end_y": 61.382152777777776,
    "flow_acc": 2545.03,
    "seg_id": 3031802,
    "start_x": -139.61562500000014,
    "start_y": 61.26340277777774,
    "islake": 0,
    "lakeId": 0,
    "RATEACV": 0.0,
    "RATEBCV": 0.0,
    "lake_Vol": 0.0
  }
}