{
  "data": {
    "BotElev": 624.0,
    "Length": 83105.3765354632,
    "OBJECTID": null,
    "PFAF": "329643",
    "PFAF_CODE": 329643000000.0,
    "PF_TYPE": 4,
    "Shape_Leng": 0.89545484554,
    "Slope": 0.0009866990972,
    "TopElev": 706.0,
    "Tosegment": 3034527,
    "end_x": -120.49062500000014,
    "end_y": 56.55090277777782,
    "flow_acc": 2590.42,
    "seg_id": 3031942,
    "start_x": -120.0572916666668,
    "start_y": 56.94881944444455,
    "islake": 0,
    "lakeId": 0,
    "RATEACV": 0.0,
    "RATEBCV": 0.0,
    "lake_Vol": 0.0
  }
}