{
  "data": {
    "BotElev": 559.0,
    "Length": 14905.436100967796,
    "OBJECTID": null,
    "PFAF": "3242423",
    "PFAF_CODE": 324242300000.0,
    "PF_TYPE": 5,
    "Shape_Leng": 0.19743656796,
    "Slope": 0.003757018554886,
    "TopElev": 615.0,
    "Tosegment": 3034089,
    "end_x": -125.98854166666678,
    "end_y": 61.27590277777779,
    "flow_acc": 2337.99,
    "seg_id": 3031196,
    "start_x": -126.14687500000014,
    "start_y": 61.213402777777844,
    "islake": 0,
    "lakeId": 0,
    "RATEACV": 0.0,
    "RATEBCV": 0.0,
    "lake_Vol": 0.0
  }
}