{
  "data": {
    "BotElev": 155.0,
    "Length": 40140.05972603905,
    "OBJECTID": null,
    "PFAF": "322861",
    "PFAF_CODE": 322861000000.0,
    "PF_TYPE": 4,
    "Shape_Leng": 0.56745776183,
    "Slope": 0.0,
    "TopElev": 155.0,
    "Tosegment": 3037063,
    "end_x": -118.32187500000009,
    "end_y": 66.39256944444452,
    "flow_acc": 2424.98,
    "seg_id": 3031472,
    "start_x": -118.06354166666677,
    "start_y": 66.59048611111115,
    "islake": 0,
    "lakeId": 0,
    "RATEACV": 0.0,
    "RATEBCV": 0.0,
    "lake_Vol": 0.0
  }
}