{
  "data": {
    "BotElev": 733.0,
    "Length": 82178.6199271364,
    "OBJECTID": null,
    "PFAF": "3146997",
    "PFAF_CODE": 314699700000.0,
    "PF_TYPE": 3,
    "Shape_Leng": 0.77957876341,
    "Slope": 0.003674921777316,
    "TopElev": 1035.0,
    "Tosegment": 3033406,
    "end_x": -119.46291666666747,
    "end_y": 52.97041666666712,
    "flow_acc": 2399.45,
    "seg_id": 3031394,
    "start_x": -118.80125000000123,
    "start_y": 52.91875000000073,
    "islake": 0,
    "lakeId": 0,
    "RATEACV": 0.0,
    "RATEBCV": 0.0,
    "lake_Vol": 0.0
  }
}