{
  "data": {
    "BotElev": 627.0,
    "Length": 32570.476186003376,
    "OBJECTID": null,
    "PFAF": "3289261",
    "PFAF_CODE": 328926100000.0,
    "PF_TYPE": 5,
    "Shape_Leng": 0.38070857369,
    "Slope": 0.0004298371298,
    "TopElev": 641.0,
    "Tosegment": 3038930,
    "end_x": -114.25312500000001,
    "end_y": 54.10298611111125,
    "flow_acc": 2471.34,
    "seg_id": 3031602,
    "start_x": -114.59895833333343,
    "start_y": 54.07590277777791,
    "islake": 0,
    "lakeId": 0,
    "RATEACV": 0.0,
    "RATEBCV": 0.0,
    "lake_Vol": 0.0
  }
}