{
  "data": {
    "BotElev": 762.0,
    "Length": 110488.78024100851,
    "OBJECTID": null,
    "PFAF": "3899465",
    "PFAF_CODE": 389946500000.0,
    "PF_TYPE": 5,
    "Shape_Leng": 0.93679876084,
    "Slope": 0.001239944903918,
    "TopElev": 899.0,
    "Tosegment": 3034035,
    "end_x": -107.86041666666426,
    "end_y": 48.95374999999808,
    "flow_acc": 2526.49,
    "seg_id": 3031748,
    "start_x": -108.5745833333309,
    "start_y": 49.21541666666451,
    "islake": 0,
    "lakeId": 0,
    "RATEACV": 0.0,
    "RATEBCV": 0.0,
    "lake_Vol": 0.0
  }
}