{
  "data": {
    "BotElev": 812.0,
    "Length": 37913.282611278584,
    "OBJECTID": null,
    "PFAF": "3299223",
    "PFAF_CODE": 329922300000.0,
    "PF_TYPE": 5,
    "Shape_Leng": 0.44502119387,
    "Slope": 0.002215582355694,
    "TopElev": 896.0,
    "Tosegment": 3033575,
    "end_x": -124.95104166666681,
    "end_y": 56.427986111111125,
    "flow_acc": 2305.21,
    "seg_id": 3031079,
    "start_x": -125.32187500000009,
    "start_y": 56.3259027777778,
    "islake": 0,
    "lakeId": 0,
    "RATEACV": 0.0,
    "RATEBCV": 0.0,
    "lake_Vol": 0.0
  }
}