{
  "data": {
    "BotElev": 159.0,
    "Length": 55660.41879153967,
    "OBJECTID": null,
    "PFAF": "32687",
    "PFAF_CODE": 326870000000.0,
    "PF_TYPE": 3,
    "Shape_Leng": 0.57022005726,
    "Slope": 0.004078302048897,
    "TopElev": 386.0,
    "Tosegment": 3035026,
    "end_x": -110.57812500000011,
    "end_y": 62.93631944444451,
    "flow_acc": 2396.98,
    "seg_id": 3031388,
    "start_x": -110.75520833333348,
    "start_y": 63.20923611111118,
    "islake": 0,
    "lakeId": 0,
    "RATEACV": 0.0,
    "RATEBCV": 0.0,
    "lake_Vol": 0.0
  }
}