{
  "data": {
    "BotElev": 1.0,
    "Length": 20295.019259636254,
    "OBJECTID": null,
    "PFAF": "3199981",
    "PFAF_CODE": 319998100000.0,
    "PF_TYPE": 5,
    "Shape_Leng": 0.3299016953,
    "Slope": 0.002414385489028,
    "TopElev": 50.0,
    "Tosegment": -9999,
    "end_x": -136.01354166666675,
    "end_y": 68.6998611111112,
    "flow_acc": 2360.48,
    "seg_id": 3031263,
    "start_x": -136.25520833333337,
    "start_y": 68.55090277777771,
    "islake": 0,
    "lakeId": 0,
    "RATEACV": 0.0,
    "RATEBCV": 0.0,
    "lake_Vol": 0.0
  }
}