{
  "data": {
    "BotElev": 387.0,
    "Length": 3358.0664165001567,
    "OBJECTID": null,
    "PFAF": "328741",
    "PFAF_CODE": 328741000000.0,
    "PF_TYPE": 4,
    "Shape_Leng": 0.03348139127,
    "Slope": 0.006551389183937,
    "TopElev": 409.0,
    "Tosegment": 3043810,
    "end_x": -112.51562500000006,
    "end_y": 56.20090277777791,
    "flow_acc": 2335.19,
    "seg_id": 3031189,
    "start_x": -112.48645833333347,
    "start_y": 56.19465277777789,
    "islake": 0,
    "lakeId": 0,
    "RATEACV": 0.0,
    "RATEBCV": 0.0,
    "lake_Vol": 0.0
  }
}