{
  "data": {
    "BotElev": 155.0,
    "Length": 68404.02419117735,
    "OBJECTID": null,
    "PFAF": "322421",
    "PFAF_CODE": 322421000000.0,
    "PF_TYPE": 4,
    "Shape_Leng": 1.11260161091,
    "Slope": 0.001286474020213,
    "TopElev": 243.0,
    "Tosegment": 3042159,
    "end_x": -118.13229166666673,
    "end_y": 65.78631944444447,
    "flow_acc": 2281.66,
    "seg_id": 3031009,
    "start_x": -117.1218750000001,
    "start_y": 66.01340277777786,
    "islake": 0,
    "lakeId": 0,
    "RATEACV": 0.0,
    "RATEBCV": 0.0,
    "lake_Vol": 0.0
  }
}