{
  "data": {
    "BotElev": 141.0,
    "Length": 1218.7574853102517,
    "OBJECTID": null,
    "PFAF": "32561",
    "PFAF_CODE": 325610000000.0,
    "PF_TYPE": 3,
    "Shape_Leng": 0.00883883476,
    "Slope": 0.0,
    "TopElev": 141.0,
    "Tosegment": 3045230,
    "end_x": -119.5593750000001,
    "end_y": 61.22381944444453,
    "flow_acc": 2345.69,
    "seg_id": 3031220,
    "start_x": -119.55312500000008,
    "start_y": 61.21756944444451,
    "islake": 0,
    "lakeId": 0,
    "RATEACV": 0.0,
    "RATEBCV": 0.0,
    "lake_Vol": 0.0
  }
}