{
  "data": {
    "BotElev": 54.0,
    "Length": 15334.517932513743,
    "OBJECTID": null,
    "PFAF": "33373383",
    "PFAF_CODE": 333733830000.0,
    "PF_TYPE": 6,
    "Shape_Leng": 0.13228640594,
    "Slope": 0.000782548238739,
    "TopElev": 66.0,
    "Tosegment": 3033206,
    "end_x": -106.62395833321045,
    "end_y": 67.90090277744139,
    "flow_acc": 2391.73,
    "seg_id": 3031356,
    "start_x": -106.53854166686426,
    "start_y": 67.8154861110952,
    "islake": 0,
    "lakeId": 0,
    "RATEACV": 0.0,
    "RATEBCV": 0.0,
    "lake_Vol": 0.0
  }
}