{
  "data": {
    "BotElev": 255.0,
    "Length": 74270.17997476419,
    "OBJECTID": null,
    "PFAF": "3262625",
    "PFAF_CODE": 326262500000.0,
    "PF_TYPE": 5,
    "Shape_Leng": 0.9045538713,
    "Slope": 0.000929040430809,
    "TopElev": 324.0,
    "Tosegment": 3034362,
    "end_x": -114.86562500000008,
    "end_y": 63.311319444444564,
    "flow_acc": 2390.95,
    "seg_id": 3031353,
    "start_x": -114.36145833333347,
    "start_y": 63.78006944444445,
    "islake": 0,
    "lakeId": 0,
    "RATEACV": 0.0,
    "RATEBCV": 0.0,
    "lake_Vol": 0.0
  }
}