{
  "data": {
    "BotElev": 394.0,
    "Length": 43501.444417570936,
    "OBJECTID": null,
    "PFAF": "3276495",
    "PFAF_CODE": 327649500000.0,
    "PF_TYPE": 4,
    "Shape_Leng": 0.51421536769,
    "Slope": 0.000137926454635,
    "TopElev": 400.0,
    "Tosegment": 3034403,
    "end_x": -108.59270833333346,
    "end_y": 60.02173611111124,
    "flow_acc": 2614.39,
    "seg_id": 3031995,
    "start_x": -108.21770833333346,
    "start_y": 60.21965277777775,
    "islake": 0,
    "lakeId": 0,
    "RATEACV": 0.0,
    "RATEBCV": 0.0,
    "lake_Vol": 0.0
  }
}