{
  "data": {
    "BotElev": 327.0,
    "Length": 29117.11450003036,
    "OBJECTID": null,
    "PFAF": "336765",
    "PFAF_CODE": 336765000000.0,
    "PF_TYPE": 4,
    "Shape_Leng": 0.47451990178,
    "Slope": 0.000515160937392,
    "TopElev": 342.0,
    "Tosegment": 3033862,
    "end_x": -105.519791666652,
    "end_y": 63.06965277765369,
    "flow_acc": 2972.7,
    "seg_id": 3032850,
    "start_x": -105.88437500030591,
    "start_y": 63.03215277772864,
    "islake": 0,
    "lakeId": 0,
    "RATEACV": 0.0,
    "RATEBCV": 0.0,
    "lake_Vol": 0.0
  }
}