{
  "data": {
    "BotElev": 382.0,
    "Length": 4528.487830309596,
    "OBJECTID": null,
    "PFAF": "336855",
    "PFAF_CODE": 336855000000.0,
    "PF_TYPE": 3,
    "Shape_Leng": 0.03139805797,
    "Slope": 0.0,
    "TopElev": 382.0,
    "Tosegment": 3033397,
    "end_x": -105.07812499966894,
    "end_y": 61.890486111245025,
    "flow_acc": 2759.45,
    "seg_id": 3032380,
    "start_x": -105.06770833317302,
    "start_y": 61.863402777816134,
    "islake": 0,
    "lakeId": 0,
    "RATEACV": 0.0,
    "RATEBCV": 0.0,
    "lake_Vol": 0.0
  }
}