{
  "data": {
    "BotElev": 206.0,
    "Length": 1313.9870699026533,
    "OBJECTID": null,
    "PFAF": "33465",
    "PFAF_CODE": 334650000000.0,
    "PF_TYPE": 3,
    "Shape_Leng": 0.01803511237,
    "Slope": -0.000761042496464,
    "TopElev": 205.0,
    "Tosegment": 3034713,
    "end_x": -103.49479166710171,
    "end_y": 66.02381944411218,
    "flow_acc": 2945.01,
    "seg_id": 3032778,
    "start_x": -103.50937499965647,
    "start_y": 66.0154861110953,
    "islake": 0,
    "lakeId": 0,
    "RATEACV": 0.0,
    "RATEBCV": 0.0,
    "lake_Vol": 0.0
  }
}