{
  "data": {
    "BotElev": 10.0,
    "Length": 50095.52288983023,
    "OBJECTID": null,
    "PFAF": "321163",
    "PFAF_CODE": 321163000000.0,
    "PF_TYPE": 4,
    "Shape_Leng": 0.69123737342,
    "Slope": 0.002575080417539,
    "TopElev": 139.0,
    "Tosegment": 3033592,
    "end_x": -135.16145833333331,
    "end_y": 67.75715277777783,
    "flow_acc": 2986.58,
    "seg_id": 3032884,
    "start_x": -135.66145833333337,
    "start_y": 67.66756944444455,
    "islake": 0,
    "lakeId": 0,
    "RATEACV": 0.0,
    "RATEBCV": 0.0,
    "lake_Vol": 0.0
  }
}