{
  "data": {
    "BotElev": 236.0,
    "Length": 13216.871270351508,
    "OBJECTID": null,
    "PFAF": "329141",
    "PFAF_CODE": 329141000000.0,
    "PF_TYPE": 4,
    "Shape_Leng": 0.15252750716,
    "Slope": 0.000453965229537,
    "TopElev": 242.0,
    "Tosegment": 3044646,
    "end_x": -114.39687500000014,
    "end_y": 58.54465277777791,
    "flow_acc": 2881.37,
    "seg_id": 3032647,
    "start_x": -114.53020833333346,
    "start_y": 58.55715277777779,
    "islake": 0,
    "lakeId": 0,
    "RATEACV": 0.0,
    "RATEBCV": 0.0,
    "lake_Vol": 0.0
  }
}