{
  "data": {
    "BotElev": 399.0,
    "Length": 34557.21076848842,
    "OBJECTID": null,
    "PFAF": "3276467",
    "PFAF_CODE": 327646700000.0,
    "PF_TYPE": 5,
    "Shape_Leng": 0.48796957655,
    "Slope": 0.000376187768367,
    "TopElev": 412.0,
    "Tosegment": 3034032,
    "end_x": -108.19062500000013,
    "end_y": 60.82381944444455,
    "flow_acc": 2818.49,
    "seg_id": 3032500,
    "start_x": -107.7447916666668,
    "start_y": 60.84465277777787,
    "islake": 0,
    "lakeId": 0,
    "RATEACV": 0.0,
    "RATEBCV": 0.0,
    "lake_Vol": 0.0
  }
}