{
  "data": {
    "BotElev": 647.0,
    "Length": 21569.922173397397,
    "OBJECTID": null,
    "PFAF": "3424763",
    "PFAF_CODE": 342476300000.0,
    "PF_TYPE": 5,
    "Shape_Leng": 0.25115993249,
    "Slope": -4.6360853413e-05,
    "TopElev": 646.0,
    "Tosegment": 3033794,
    "end_x": -113.50458333333575,
    "end_y": 53.728750000000275,
    "flow_acc": 2746.94,
    "seg_id": 3032349,
    "start_x": -113.67375000000237,
    "start_y": 53.61875000000032,
    "islake": 0,
    "lakeId": 0,
    "RATEACV": 0.0,
    "RATEBCV": 0.0,
    "lake_Vol": 0.0
  }
}