{
  "data": {
    "BotElev": 264.0,
    "Length": 36591.982490272065,
    "OBJECTID": null,
    "PFAF": "32742241",
    "PFAF_CODE": 327422410000.0,
    "PF_TYPE": 6,
    "Shape_Leng": 0.3533545272,
    "Slope": 0.000191298736051,
    "TopElev": 271.0,
    "Tosegment": 3036804,
    "end_x": -115.7447916666668,
    "end_y": 60.161319444444416,
    "flow_acc": 2884.38,
    "seg_id": 3032654,
    "start_x": -115.54062500000009,
    "start_y": 60.0259027777779,
    "islake": 0,
    "lakeId": 0,
    "RATEACV": 0.0,
    "RATEBCV": 0.0,
    "lake_Vol": 0.0
  }
}