{
  "data": {
    "BotElev": 285.0,
    "Length": 17103.981848478354,
    "OBJECTID": null,
    "PFAF": "3284721",
    "PFAF_CODE": 328472100000.0,
    "PF_TYPE": 5,
    "Shape_Leng": 0.22403980259,
    "Slope": -0.000760056933828,
    "TopElev": 272.0,
    "Tosegment": 3041708,
    "end_x": -105.51770833333342,
    "end_y": 59.15090277777779,
    "flow_acc": 2859.76,
    "seg_id": 3032602,
    "start_x": -105.33854166666669,
    "start_y": 59.259236111111136,
    "islake": 0,
    "lakeId": 0,
    "RATEACV": 0.0,
    "RATEBCV": 0.0,
    "lake_Vol": 0.0
  }
}