{
  "data": {
    "BotElev": 239.0,
    "Length": 52628.47040213723,
    "OBJECTID": null,
    "PFAF": "3335825",
    "PFAF_CODE": 333582500000.0,
    "PF_TYPE": 5,
    "Shape_Leng": 0.9230288009,
    "Slope": 0.000494029178529,
    "TopElev": 265.0,
    "Tosegment": 3034048,
    "end_x": -109.83645833308555,
    "end_y": 67.14673611108276,
    "flow_acc": 2725.27,
    "seg_id": 3032283,
    "start_x": -110.71979166705171,
    "start_y": 67.17590277799087,
    "islake": 0,
    "lakeId": 0,
    "RATEACV": 0.0,
    "RATEBCV": 0.0,
    "lake_Vol": 0.0
  }
}