{
  "data": {
    "BotElev": 849.0,
    "Length": 12794.043480910019,
    "OBJECTID": null,
    "PFAF": "314943",
    "PFAF_CODE": 314943000000.0,
    "PF_TYPE": 4,
    "Shape_Leng": 0.12005922318,
    "Slope": 0.0,
    "TopElev": 849.0,
    "Tosegment": 3035582,
    "end_x": -126.5787499999991,
    "end_y": 53.78291666666712,
    "flow_acc": 2787.64,
    "seg_id": 3032436,
    "start_x": -126.66624999999897,
    "start_y": 53.74791666666721,
    "islake": 0,
    "lakeId": 0,
    "RATEACV": 0.0,
    "RATEBCV": 0.0,
    "lake_Vol": 0.0
  }
}