{
  "data": {
    "BotElev": 213.0,
    "Length": 12628.330639666132,
    "OBJECTID": null,
    "PFAF": "3284363",
    "PFAF_CODE": 328436300000.0,
    "PF_TYPE": 5,
    "Shape_Leng": 0.18722928684,
    "Slope": -0.000316748120883,
    "TopElev": 209.0,
    "Tosegment": 3035657,
    "end_x": -108.85312500000015,
    "end_y": 59.357152777777856,
    "flow_acc": 2751.87,
    "seg_id": 3032363,
    "start_x": -108.68229166666674,
    "start_y": 59.396736111111125,
    "islake": 0,
    "lakeId": 0,
    "RATEACV": 0.0,
    "RATEBCV": 0.0,
    "lake_Vol": 0.0
  }
}