{
  "data": {
    "BotElev": 983.0,
    "Length": 69856.2726410205,
    "OBJECTID": null,
    "PFAF": "3899497",
    "PFAF_CODE": 389949700000.0,
    "PF_TYPE": 4,
    "Shape_Leng": 0.63678264753,
    "Slope": 0.00151740131548,
    "TopElev": 1089.0,
    "Tosegment": 3034251,
    "end_x": -111.90124999999716,
    "end_y": 49.08291666666457,
    "flow_acc": 2961.33,
    "seg_id": 3032823,
    "start_x": -112.37458333333058,
    "start_y": 49.13791666666464,
    "islake": 0,
    "lakeId": 0,
    "RATEACV": 0.0,
    "RATEBCV": 0.0,
    "lake_Vol": 0.0
  }
}