{
  "data": {
    "BotElev": 651.0,
    "Length": 7665.052473024678,
    "OBJECTID": null,
    "PFAF": "342623",
    "PFAF_CODE": 342623000000.0,
    "PF_TYPE": 4,
    "Shape_Leng": 0.06127242661,
    "Slope": 0.002217858267745,
    "TopElev": 668.0,
    "Tosegment": 3034530,
    "end_x": -111.56375000000293,
    "end_y": 50.89875000000097,
    "flow_acc": 2905.5,
    "seg_id": 3032701,
    "start_x": -111.60458333333617,
    "start_y": 50.9220833333344,
    "islake": 0,
    "lakeId": 0,
    "RATEACV": 0.0,
    "RATEBCV": 0.0,
    "lake_Vol": 0.0
  }
}