{
  "data": {
    "BotElev": 938.0,
    "Length": 94740.48790090583,
    "OBJECTID": null,
    "PFAF": "3289691",
    "PFAF_CODE": 328969100000.0,
    "PF_TYPE": 4,
    "Shape_Leng": 0.95932329189,
    "Slope": 0.002448794650949,
    "TopElev": 1170.0,
    "Tosegment": 3035571,
    "end_x": -116.61354166666678,
    "end_y": 53.45923611111118,
    "flow_acc": 2622.04,
    "seg_id": 3032023,
    "start_x": -117.28020833333346,
    "start_y": 53.292569444444496,
    "islake": 0,
    "lakeId": 0,
    "RATEACV": 0.0,
    "RATEBCV": 0.0,
    "lake_Vol": 0.0
  }
}