{
  "data": {
    "BotElev": 492.0,
    "Length": 41715.94091048351,
    "OBJECTID": null,
    "PFAF": "349873",
    "PFAF_CODE": 349873000000.0,
    "PF_TYPE": 3,
    "Shape_Leng": 0.29320646926,
    "Slope": 0.000551347985878,
    "TopElev": 515.0,
    "Tosegment": 3033438,
    "end_x": -105.17125000000448,
    "end_y": 51.49375000000083,
    "flow_acc": 2634.31,
    "seg_id": 3032068,
    "start_x": -105.22791666667109,
    "start_y": 51.722083333334126,
    "islake": 0,
    "lakeId": 0,
    "RATEACV": 0.0,
    "RATEBCV": 0.0,
    "lake_Vol": 0.0
  }
}