{
  "data": {
    "BotElev": 84.0,
    "Length": 7964.796025497147,
    "OBJECTID": null,
    "PFAF": "3333641",
    "PFAF_CODE": 333364100000.0,
    "PF_TYPE": 5,
    "Shape_Leng": 0.10166456077,
    "Slope": 0.00238549737359,
    "TopElev": 103.0,
    "Tosegment": 3037939,
    "end_x": -117.96562499999374,
    "end_y": 68.06131944453688,
    "flow_acc": 2912.99,
    "seg_id": 3032717,
    "start_x": -118.05520833329791,
    "start_y": 68.08631944448689,
    "islake": 0,
    "lakeId": 0,
    "RATEACV": 0.0,
    "RATEBCV": 0.0,
    "lake_Vol": 0.0
  }
}