{
  "data": {
    "BotElev": 158.0,
    "Length": 51814.62210673033,
    "OBJECTID": null,
    "PFAF": "3269213",
    "PFAF_CODE": 326921300000.0,
    "PF_TYPE": 4,
    "Shape_Leng": 0.58313882836,
    "Slope": 0.003898513427038,
    "TopElev": 360.0,
    "Tosegment": 3033839,
    "end_x": -109.25520833333343,
    "end_y": 62.74881944444451,
    "flow_acc": 3035.78,
    "seg_id": 3032988,
    "start_x": -108.92395833333336,
    "start_y": 63.092569444444564,
    "islake": 0,
    "lakeId": 0,
    "RATEACV": 0.0,
    "RATEBCV": 0.0,
    "lake_Vol": 0.0
  }
}