{
  "data": {
    "BotElev": 584.0,
    "Length": 27600.562105620145,
    "OBJECTID": null,
    "PFAF": "3155663",
    "PFAF_CODE": 315566300000.0,
    "PF_TYPE": 5,
    "Shape_Leng": 0.25722507798,
    "Slope": 0.001884019600797,
    "TopElev": 636.0,
    "Tosegment": 3034888,
    "end_x": -137.93229166666669,
    "end_y": 60.66340277777789,
    "flow_acc": 2745.49,
    "seg_id": 3032345,
    "start_x": -138.1364583333334,
    "start_y": 60.765486111111045,
    "islake": 0,
    "lakeId": 0,
    "RATEACV": 0.0,
    "RATEBCV": 0.0,
    "lake_Vol": 0.0
  }
}