{
  "data": {
    "BotElev": 229.0,
    "Length": 57617.09366500955,
    "OBJECTID": null,
    "PFAF": "326425",
    "PFAF_CODE": 326425000000.0,
    "PF_TYPE": 4,
    "Shape_Leng": 0.54489853865,
    "Slope": 0.000937221865337,
    "TopElev": 283.0,
    "Tosegment": 3034806,
    "end_x": -113.33020833333342,
    "end_y": 62.505069444444416,
    "flow_acc": 2725.39,
    "seg_id": 3032284,
    "start_x": -113.19479166666679,
    "start_y": 62.85090277777789,
    "islake": 0,
    "lakeId": 0,
    "RATEACV": 0.0,
    "RATEBCV": 0.0,
    "lake_Vol": 0.0
  }
}