{
  "data": {
    "BotElev": 1337.0,
    "Length": 11322.955752665293,
    "OBJECTID": null,
    "PFAF": "342897",
    "PFAF_CODE": 342897000000.0,
    "PF_TYPE": 3,
    "Shape_Leng": 0.10596194078,
    "Slope": 0.003444330336699,
    "TopElev": 1376.0,
    "Tosegment": 3035173,
    "end_x": -115.47791666666859,
    "end_y": 51.16625000000096,
    "flow_acc": 3005.53,
    "seg_id": 3032924,
    "start_x": -115.55791666666858,
    "start_y": 51.16625000000096,
    "islake": 0,
    "lakeId": 0,
    "RATEACV": 0.0,
    "RATEBCV": 0.0,
    "lake_Vol": 0.0
  }
}