{
  "data": {
    "BotElev": 722.0,
    "Length": 37881.78962322822,
    "OBJECTID": null,
    "PFAF": "329995",
    "PFAF_CODE": 329995000000.0,
    "PF_TYPE": 1,
    "Shape_Leng": 0.32109352433,
    "Slope": 0.000607151885609,
    "TopElev": 745.0,
    "Tosegment": 3034726,
    "end_x": -122.53229166666671,
    "end_y": 54.790486111111136,
    "flow_acc": 2805.48,
    "seg_id": 3032472,
    "start_x": -122.26770833333347,
    "start_y": 54.69673611111125,
    "islake": 0,
    "lakeId": 0,
    "RATEACV": 0.0,
    "RATEBCV": 0.0,
    "lake_Vol": 0.0
  }
}