{
  "data": {
    "BotElev": 595.0,
    "Length": 439.5885921896718,
    "OBJECTID": null,
    "PFAF": "33887",
    "PFAF_CODE": 338870000000.0,
    "PF_TYPE": 3,
    "Shape_Leng": 0.00284517817,
    "Slope": -0.00227485430188,
    "TopElev": 594.0,
    "Tosegment": 3033831,
    "end_x": -109.69708333322916,
    "end_y": 54.8495833335042,
    "flow_acc": 2711.01,
    "seg_id": 3032244,
    "start_x": -109.69791666662081,
    "start_y": 54.85208333367888,
    "islake": 0,
    "lakeId": 0,
    "RATEACV": 0.0,
    "RATEBCV": 0.0,
    "lake_Vol": 0.0
  }
}