{
  "data": {
    "BotElev": 399.0,
    "Length": 34486.01266369813,
    "OBJECTID": null,
    "PFAF": "329167",
    "PFAF_CODE": 329167000000.0,
    "PF_TYPE": 4,
    "Shape_Leng": 0.36448608085,
    "Slope": 0.002348778352253,
    "TopElev": 480.0,
    "Tosegment": 3034088,
    "end_x": -114.4968750000001,
    "end_y": 57.696736111111136,
    "flow_acc": 2650.95,
    "seg_id": 3032107,
    "start_x": -114.25312500000001,
    "start_y": 57.62798611111117,
    "islake": 0,
    "lakeId": 0,
    "RATEACV": 0.0,
    "RATEBCV": 0.0,
    "lake_Vol": 0.0
  }
}