{
  "data": {
    "BotElev": 23.0,
    "Length": 41873.59143364872,
    "OBJECTID": null,
    "PFAF": "321581",
    "PFAF_CODE": 321581000000.0,
    "PF_TYPE": 4,
    "Shape_Leng": 0.60590743708,
    "Slope": 0.001647816622306,
    "TopElev": 92.0,
    "Tosegment": 3045337,
    "end_x": -129.03020833333335,
    "end_y": 66.4675694444445,
    "flow_acc": 3107.66,
    "seg_id": 3033139,
    "start_x": -128.64479166666678,
    "start_y": 66.70715277777782,
    "islake": 0,
    "lakeId": 0,
    "RATEACV": 0.0,
    "RATEBCV": 0.0,
    "lake_Vol": 0.0
  }
}