{
  "data": {
    "BotElev": 370.0,
    "Length": 43905.266049630765,
    "OBJECTID": null,
    "PFAF": "329541",
    "PFAF_CODE": 329541000000.0,
    "PF_TYPE": 4,
    "Shape_Leng": 0.43347086912,
    "Slope": 0.002710381025034,
    "TopElev": 489.0,
    "Tosegment": 3044106,
    "end_x": -119.70520833333347,
    "end_y": 56.16965277777774,
    "flow_acc": 3110.98,
    "seg_id": 3033151,
    "start_x": -119.50937500000003,
    "start_y": 56.377986111111056,
    "islake": 0,
    "lakeId": 0,
    "RATEACV": 0.0,
    "RATEBCV": 0.0,
    "lake_Vol": 0.0
  }
}