{
  "data": {
    "BotElev": 153.0,
    "Length": 98375.30038215192,
    "OBJECTID": null,
    "PFAF": "323841",
    "PFAF_CODE": 323841000000.0,
    "PF_TYPE": 4,
    "Shape_Leng": 1.10961940777,
    "Slope": 0.004188043120575,
    "TopElev": 565.0,
    "Tosegment": 3038764,
    "end_x": -123.64687500000008,
    "end_y": 62.01131944444455,
    "flow_acc": 3104.44,
    "seg_id": 3033131,
    "start_x": -124.24062500000008,
    "start_y": 61.81756944444453,
    "islake": 0,
    "lakeId": 0,
    "RATEACV": 0.0,
    "RATEBCV": 0.0,
    "lake_Vol": 0.0
  }
}