{
  "data": {
    "BotElev": 566.0,
    "Length": 1072.5944785790862,
    "OBJECTID": null,
    "PFAF": "321491",
    "PFAF_CODE": 321491000000.0,
    "PF_TYPE": 3,
    "Shape_Leng": 0.01005922318,
    "Slope": 0.002796956407956,
    "TopElev": 569.0,
    "Tosegment": 3037793,
    "end_x": -131.221875,
    "end_y": 65.18840277777781,
    "flow_acc": 3563.56,
    "seg_id": 3033985,
    "start_x": -131.2156250000001,
    "start_y": 65.18215277777779,
    "islake": 0,
    "lakeId": 0,
    "RATEACV": 0.0,
    "RATEBCV": 0.0,
    "lake_Vol": 0.0
  }
}