{
  "data": {
    "BotElev": 537.0,
    "Length": 32654.995092217905,
    "OBJECTID": null,
    "PFAF": "3287835",
    "PFAF_CODE": 328783500000.0,
    "PF_TYPE": 4,
    "Shape_Leng": 0.37871197069,
    "Slope": 0.000979941963232,
    "TopElev": 569.0,
    "Tosegment": 3035023,
    "end_x": -112.12604166666677,
    "end_y": 54.865486111111125,
    "flow_acc": 3428.7,
    "seg_id": 3033740,
    "start_x": -111.84479166666682,
    "start_y": 55.017569444444575,
    "islake": 0,
    "lakeId": 0,
    "RATEACV": 0.0,
    "RATEBCV": 0.0,
    "lake_Vol": 0.0
  }
}