{
  "data": {
    "BotElev": 364.0,
    "Length": 120233.99741590022,
    "OBJECTID": null,
    "PFAF": "3333261",
    "PFAF_CODE": 333326100000.0,
    "PF_TYPE": 5,
    "Shape_Leng": 1.49797182838,
    "Slope": 0.000856662859205,
    "TopElev": 467.0,
    "Tosegment": 3037915,
    "end_x": -121.99687499958151,
    "end_y": 68.3300694444493,
    "flow_acc": 3373.52,
    "seg_id": 3033644,
    "start_x": -120.99479166630232,
    "start_y": 68.01548611069558,
    "islake": 0,
    "lakeId": 0,
    "RATEACV": 0.0,
    "RATEBCV": 0.0,
    "lake_Vol": 0.0
  }
}