{
  "data": {
    "BotElev": 185.0,
    "Length": 11921.965694583283,
    "OBJECTID": null,
    "PFAF": "325843",
    "PFAF_CODE": 325843000000.0,
    "PF_TYPE": 4,
    "Shape_Leng": 0.15562184335,
    "Slope": 0.000419393926144,
    "TopElev": 190.0,
    "Tosegment": 3035260,
    "end_x": -117.27812500000016,
    "end_y": 61.952986111111215,
    "flow_acc": 3476.38,
    "seg_id": 3033807,
    "start_x": -117.16145833333343,
    "start_y": 62.00506944444453,
    "islake": 0,
    "lakeId": 0,
    "RATEACV": 0.0,
    "RATEBCV": 0.0,
    "lake_Vol": 0.0
  }
}