{
  "data": {
    "BotElev": 822.0,
    "Length": 16453.013545612353,
    "OBJECTID": null,
    "PFAF": "314491",
    "PFAF_CODE": 314491000000.0,
    "PF_TYPE": 3,
    "Shape_Leng": 0.19905417254,
    "Slope": 0.009238429153335,
    "TopElev": 974.0,
    "Tosegment": 3037148,
    "end_x": -123.67708333333326,
    "end_y": 52.00791666666771,
    "flow_acc": 3513.82,
    "seg_id": 3033892,
    "start_x": -123.82041666666657,
    "start_y": 51.923750000000894,
    "islake": 0,
    "lakeId": 0,
    "RATEACV": 0.0,
    "RATEBCV": 0.0,
    "lake_Vol": 0.0
  }
}