{
  "data": {
    "BotElev": 236.0,
    "Length": 28494.413165020298,
    "OBJECTID": null,
    "PFAF": "329123",
    "PFAF_CODE": 329123000000.0,
    "PF_TYPE": 4,
    "Shape_Leng": 0.26469546639,
    "Slope": 0.000491324384149,
    "TopElev": 250.0,
    "Tosegment": 3034762,
    "end_x": -113.14687500000014,
    "end_y": 59.04048611111119,
    "flow_acc": 3249.13,
    "seg_id": 3033428,
    "start_x": -113.36354166666672,
    "start_y": 59.136319444444496,
    "islake": 0,
    "lakeId": 0,
    "RATEACV": 0.0,
    "RATEBCV": 0.0,
    "lake_Vol": 0.0
  }
}