{
  "data": {
    "BotElev": 333.0,
    "Length": 38394.74099497879,
    "OBJECTID": null,
    "PFAF": "3155261",
    "PFAF_CODE": 315526100000.0,
    "PF_TYPE": 5,
    "Shape_Leng": 0.38548989873,
    "Slope": 0.005183001495596,
    "TopElev": 532.0,
    "Tosegment": 3037595,
    "end_x": -132.08874999999762,
    "end_y": 58.774583333332316,
    "flow_acc": 3345.48,
    "seg_id": 3033588,
    "start_x": -132.14208333333096,
    "start_y": 58.53708333333242,
    "islake": 0,
    "lakeId": 0,
    "RATEACV": 0.0,
    "RATEBCV": 0.0,
    "lake_Vol": 0.0
  }
}