{
  "data": {
    "BotElev": 63.0,
    "Length": 10545.798363526934,
    "OBJECTID": null,
    "PFAF": "321661",
    "PFAF_CODE": 321661000000.0,
    "PF_TYPE": 4,
    "Shape_Leng": 0.11898478828,
    "Slope": 0.000189648989205,
    "TopElev": 65.0,
    "Tosegment": 3038531,
    "end_x": -127.35937500000006,
    "end_y": 66.33423611111118,
    "flow_acc": 3064.03,
    "seg_id": 3033046,
    "start_x": -127.39270833333342,
    "start_y": 66.2634027777778,
    "islake": 0,
    "lakeId": 0,
    "RATEACV": 0.0,
    "RATEBCV": 0.0,
    "lake_Vol": 0.0
  }
}