{
  "data": {
    "BotElev": 184.0,
    "Length": 31808.46141340283,
    "OBJECTID": null,
    "PFAF": "326441",
    "PFAF_CODE": 326441000000.0,
    "PF_TYPE": 4,
    "Shape_Leng": 0.43986892706,
    "Slope": 0.001194650678199,
    "TopElev": 222.0,
    "Tosegment": 3038998,
    "end_x": -114.29687500000011,
    "end_y": 62.732152777777856,
    "flow_acc": 3484.84,
    "seg_id": 3033828,
    "start_x": -113.94479166666673,
    "start_y": 62.90090277777773,
    "islake": 0,
    "lakeId": 0,
    "RATEACV": 0.0,
    "RATEBCV": 0.0,
    "lake_Vol": 0.0
  }
}