{
  "data": {
    "BotElev": 392.0,
    "Length": 52717.96950458417,
    "OBJECTID": null,
    "PFAF": "3284891",
    "PFAF_CODE": 328489100000.0,
    "PF_TYPE": 4,
    "Shape_Leng": 0.59938672393,
    "Slope": 0.000588034787594,
    "TopElev": 423.0,
    "Tosegment": 3034748,
    "end_x": -104.42187500000011,
    "end_y": 58.573819444444496,
    "flow_acc": 3360.99,
    "seg_id": 3033624,
    "start_x": -104.62812500000013,
    "start_y": 58.28423611111111,
    "islake": 0,
    "lakeId": 0,
    "RATEACV": 0.0,
    "RATEBCV": 0.0,
    "lake_Vol": 0.0
  }
}