{
  "data": {
    "BotElev": 416.0,
    "Length": 3311.7130921341914,
    "OBJECTID": null,
    "PFAF": "333495",
    "PFAF_CODE": 333495000000.0,
    "PF_TYPE": 3,
    "Shape_Leng": 0.05711294532,
    "Slope": 0.0,
    "TopElev": 416.0,
    "Tosegment": 3034467,
    "end_x": -110.96145833353518,
    "end_y": 64.50298611142006,
    "flow_acc": 3185.3,
    "seg_id": 3033289,
    "start_x": -110.90520833319795,
    "start_y": 64.50090277794101,
    "islake": 0,
    "lakeId": 0,
    "RATEACV": 0.0,
    "RATEBCV": 0.0,
    "lake_Vol": 0.0
  }
}