{
  "data": {
    "BotElev": 0.0,
    "Length": 1881.6110907850534,
    "OBJECTID": null,
    "PFAF": "3151921",
    "PFAF_CODE": 315192100000.0,
    "PF_TYPE": 5,
    "Shape_Leng": 0.01554737854,
    "Slope": -0.000531459452433,
    "TopElev": -1.0,
    "Tosegment": -9999,
    "end_x": -127.88458333333216,
    "end_y": 53.241250000000605,
    "flow_acc": 3223.14,
    "seg_id": 3033377,
    "start_x": -127.87041666666539,
    "start_y": 53.23791666666733,
    "islake": 0,
    "lakeId": 0,
    "RATEACV": 0.0,
    "RATEBCV": 0.0,
    "lake_Vol": 0.0
  }
}