{
  "data": {
    "BotElev": 163.0,
    "Length": 48812.67612743172,
    "OBJECTID": null,
    "PFAF": "3262821",
    "PFAF_CODE": 326282100000.0,
    "PF_TYPE": 5,
    "Shape_Leng": 0.53483931547,
    "Slope": 0.000655567416883,
    "TopElev": 195.0,
    "Tosegment": 3038237,
    "end_x": -116.58020833333347,
    "end_y": 63.305069444444484,
    "flow_acc": 3505.97,
    "seg_id": 3033872,
    "start_x": -116.82187500000009,
    "start_y": 63.507152777777776,
    "islake": 0,
    "lakeId": 0,
    "RATEACV": 0.0,
    "RATEBCV": 0.0,
    "lake_Vol": 0.0
  }
}