{
  "data": {
    "BotElev": 704.0,
    "Length": 46490.109837502765,
    "OBJECTID": null,
    "PFAF": "324863",
    "PFAF_CODE": 324863000000.0,
    "PF_TYPE": 4,
    "Shape_Leng": 0.43525808657,
    "Slope": 0.001570226447198,
    "TopElev": 777.0,
    "Tosegment": 3034356,
    "end_x": -126.69479166666679,
    "end_y": 58.51131944444455,
    "flow_acc": 3276.44,
    "seg_id": 3033479,
    "start_x": -126.33437500000014,
    "start_y": 58.39881944444454,
    "islake": 0,
    "lakeId": 0,
    "RATEACV": 0.0,
    "RATEBCV": 0.0,
    "lake_Vol": 0.0
  }
}