{
  "data": {
    "BotElev": 317.0,
    "Length": 1798.368924161109,
    "OBJECTID": null,
    "PFAF": "3155625",
    "PFAF_CODE": 315562500000.0,
    "PF_TYPE": 5,
    "Shape_Leng": 0.02428511302,
    "Slope": 0.004448475444899,
    "TopElev": 325.0,
    "Tosegment": 3035843,
    "end_x": -137.20729166666678,
    "end_y": 59.617569444444484,
    "flow_acc": 3794.49,
    "seg_id": 3034338,
    "start_x": -137.19270833333331,
    "start_y": 59.632152777777776,
    "islake": 0,
    "lakeId": 0,
    "RATEACV": 0.0,
    "RATEBCV": 0.0,
    "lake_Vol": 0.0
  }
}