{
  "data": {
    "BotElev": 909.0,
    "Length": 14619.212851159538,
    "OBJECTID": null,
    "PFAF": "38994951",
    "PFAF_CODE": 389949510000.0,
    "PF_TYPE": 4,
    "Shape_Leng": 0.12337818656,
    "Slope": 0.001231256442003,
    "TopElev": 927.0,
    "Tosegment": 3035792,
    "end_x": -111.64791666666395,
    "end_y": 49.077083333331245,
    "flow_acc": 4092.42,
    "seg_id": 3034755,
    "start_x": -111.75374999999724,
    "start_y": 49.110416666664605,
    "islake": 0,
    "lakeId": 0,
    "RATEACV": 0.0,
    "RATEBCV": 0.0,
    "lake_Vol": 0.0
  }
}