{
  "data": {
    "BotElev": 233.0,
    "Length": 84197.3872617543,
    "OBJECTID": null,
    "PFAF": "322261",
    "PFAF_CODE": 322261000000.0,
    "PF_TYPE": 4,
    "Shape_Leng": 0.77557118746,
    "Slope": 0.000391936152335,
    "TopElev": 266.0,
    "Tosegment": 3038927,
    "end_x": -121.34895833333343,
    "end_y": 64.07381944444444,
    "flow_acc": 3776.67,
    "seg_id": 3034316,
    "start_x": -120.88854166666675,
    "start_y": 63.65923611111123,
    "islake": 0,
    "lakeId": 0,
    "RATEACV": 0.0,
    "RATEBCV": 0.0,
    "lake_Vol": 0.0
  }
}