{
  "data": {
    "BotElev": 156.0,
    "Length": 14177.504553693141,
    "OBJECTID": null,
    "PFAF": "322223",
    "PFAF_CODE": 322223000000.0,
    "PF_TYPE": 4,
    "Shape_Leng": 0.11195857369,
    "Slope": 0.0,
    "TopElev": 156.0,
    "Tosegment": 3035586,
    "end_x": -120.26979166666672,
    "end_y": 65.42590277777771,
    "flow_acc": 3648.33,
    "seg_id": 3034122,
    "start_x": -120.19062500000013,
    "start_y": 65.34673611111111,
    "islake": 0,
    "lakeId": 0,
    "RATEACV": 0.0,
    "RATEBCV": 0.0,
    "lake_Vol": 0.0
  }
}