{
  "data": {
    "BotElev": 352.0,
    "Length": 18877.281732796553,
    "OBJECTID": null,
    "PFAF": "3274931",
    "PFAF_CODE": 327493100000.0,
    "PF_TYPE": 3,
    "Shape_Leng": 0.23779611588,
    "Slope": 0.000105947457283,
    "TopElev": 354.0,
    "Tosegment": 3037297,
    "end_x": -120.17187500000011,
    "end_y": 58.76756944444452,
    "flow_acc": 3943.41,
    "seg_id": 3034571,
    "start_x": -120.40104166666674,
    "start_y": 58.76340277777791,
    "islake": 0,
    "lakeId": 0,
    "RATEACV": 0.0,
    "RATEBCV": 0.0,
    "lake_Vol": 0.0
  }
}