{
  "data": {
    "BotElev": 366.0,
    "Length": 3578.5399854486172,
    "OBJECTID": null,
    "PFAF": "326941",
    "PFAF_CODE": 326941000000.0,
    "PF_TYPE": 4,
    "Shape_Leng": 0.06214255651,
    "Slope": 0.000838330719287,
    "TopElev": 369.0,
    "Tosegment": 3041022,
    "end_x": -108.0614583333334,
    "end_y": 64.06965277777783,
    "flow_acc": 3872.66,
    "seg_id": 3034476,
    "start_x": -108.12187500000005,
    "start_y": 64.06965277777783,
    "islake": 0,
    "lakeId": 0,
    "RATEACV": 0.0,
    "RATEBCV": 0.0,
    "lake_Vol": 0.0
  }
}