{
  "data": {
    "BotElev": 600.0,
    "Length": 17413.21828556459,
    "OBJECTID": null,
    "PFAF": "31259475",
    "PFAF_CODE": 312594750000.0,
    "PF_TYPE": 5,
    "Shape_Leng": 0.16017346067,
    "Slope": 0.002871381911146,
    "TopElev": 650.0,
    "Tosegment": 3035549,
    "end_x": -118.99875000000094,
    "end_y": 49.05875000000174,
    "flow_acc": 4294.12,
    "seg_id": 3034976,
    "start_x": -118.97208333333447,
    "start_y": 49.167083333334915,
    "islake": 0,
    "lakeId": 0,
    "RATEACV": 0.0,
    "RATEBCV": 0.0,
    "lake_Vol": 0.0
  }
}