{
  "data": {
    "BotElev": 698.0,
    "Length": 23573.663962211893,
    "OBJECTID": null,
    "PFAF": "314623",
    "PFAF_CODE": 314623000000.0,
    "PF_TYPE": 4,
    "Shape_Leng": 0.22919714994,
    "Slope": 0.001145345926848,
    "TopElev": 725.0,
    "Tosegment": 3035223,
    "end_x": -122.8895833333334,
    "end_y": 54.26375000000024,
    "flow_acc": 3650.31,
    "seg_id": 3034127,
    "start_x": -122.98791666666665,
    "start_y": 54.18541666666698,
    "islake": 0,
    "lakeId": 0,
    "RATEACV": 0.0,
    "RATEBCV": 0.0,
    "lake_Vol": 0.0
  }
}