{
  "data": {
    "BotElev": 662.0,
    "Length": 77654.92457210575,
    "OBJECTID": null,
    "PFAF": "3294641",
    "PFAF_CODE": 329464100000.0,
    "PF_TYPE": 5,
    "Shape_Leng": 0.8199493441,
    "Slope": 0.002575496674577,
    "TopElev": 862.0,
    "Tosegment": 3038910,
    "end_x": -118.4635416666668,
    "end_y": 54.611319444444575,
    "flow_acc": 3840.39,
    "seg_id": 3034424,
    "start_x": -118.76562500000006,
    "start_y": 54.294652777777856,
    "islake": 0,
    "lakeId": 0,
    "RATEACV": 0.0,
    "RATEBCV": 0.0,
    "lake_Vol": 0.0
  }
}