{
  "data": {
    "BotElev": 88.0,
    "Length": 5361.330880955084,
    "OBJECTID": null,
    "PFAF": "33399653",
    "PFAF_CODE": 333996530000.0,
    "PF_TYPE": 5,
    "Shape_Leng": 0.09059433613,
    "Slope": 0.000373041702594,
    "TopElev": 90.0,
    "Tosegment": 3035094,
    "end_x": -110.06145833353526,
    "end_y": 69.04256944482415,
    "flow_acc": 3859.44,
    "seg_id": 3034450,
    "start_x": -110.14687499988128,
    "start_y": 69.05506944479919,
    "islake": 0,
    "lakeId": 0,
    "RATEACV": 0.0,
    "RATEBCV": 0.0,
    "lake_Vol": 0.0
  }
}