{
  "data": {
    "BotElev": 659.0,
    "Length": 34467.28228028869,
    "OBJECTID": null,
    "PFAF": "329981",
    "PFAF_CODE": 329981000000.0,
    "PF_TYPE": 4,
    "Shape_Leng": 0.25722507798,
    "Slope": 0.000667299493269,
    "TopElev": 682.0,
    "Tosegment": 3038592,
    "end_x": -123.13854166666675,
    "end_y": 55.18006944444443,
    "flow_acc": 4200.5,
    "seg_id": 3034876,
    "start_x": -123.03854166666673,
    "start_y": 54.994652777777844,
    "islake": 0,
    "lakeId": 0,
    "RATEACV": 0.0,
    "RATEBCV": 0.0,
    "lake_Vol": 0.0
  }
}