{
  "data": {
    "BotElev": 395.0,
    "Length": 114702.45184817741,
    "OBJECTID": null,
    "PFAF": "3276991",
    "PFAF_CODE": 327699100000.0,
    "PF_TYPE": 3,
    "Shape_Leng": 1.23961309448,
    "Slope": 0.000357446587578,
    "TopElev": 436.0,
    "Tosegment": 3037247,
    "end_x": -106.3114583333334,
    "end_y": 61.31548611111123,
    "flow_acc": 4156.62,
    "seg_id": 3034826,
    "start_x": -106.40937500000013,
    "start_y": 60.732152777777856,
    "islake": 0,
    "lakeId": 0,
    "RATEACV": 0.0,
    "RATEBCV": 0.0,
    "lake_Vol": 0.0
  }
}