{
  "data": {
    "BotElev": 701.0,
    "Length": 15663.878818465431,
    "OBJECTID": null,
    "PFAF": "324785",
    "PFAF_CODE": 324785000000.0,
    "PF_TYPE": 4,
    "Shape_Leng": 0.15612734479,
    "Slope": 0.005618020990833,
    "TopElev": 789.0,
    "Tosegment": 3036379,
    "end_x": -127.50520833333343,
    "end_y": 60.496736111111204,
    "flow_acc": 4127.49,
    "seg_id": 3034802,
    "start_x": -127.5572916666668,
    "start_y": 60.58423611111107,
    "islake": 0,
    "lakeId": 0,
    "RATEACV": 0.0,
    "RATEBCV": 0.0,
    "lake_Vol": 0.0
  }
}