{
  "data": {
    "BotElev": 229.0,
    "Length": 1697.1086233489211,
    "OBJECTID": null,
    "PFAF": "3284523",
    "PFAF_CODE": 328452300000.0,
    "PF_TYPE": 5,
    "Shape_Leng": 0.02062394778,
    "Slope": 0.000589237474987,
    "TopElev": 230.0,
    "Tosegment": 3037077,
    "end_x": -107.15937500000007,
    "end_y": 59.20506944444446,
    "flow_acc": 3790.82,
    "seg_id": 3034332,
    "start_x": -107.17395833333342,
    "start_y": 59.19048611111117,
    "islake": 0,
    "lakeId": 0,
    "RATEACV": 0.0,
    "RATEBCV": 0.0,
    "lake_Vol": 0.0
  }
}