{
  "data": {
    "BotElev": 156.0,
    "Length": 6512.194805324043,
    "OBJECTID": null,
    "PFAF": "322953",
    "PFAF_CODE": 322953000000.0,
    "PF_TYPE": 2,
    "Shape_Leng": 0.10633673033,
    "Slope": 0.0,
    "TopElev": 156.0,
    "Tosegment": 3035716,
    "end_x": -120.34687500000013,
    "end_y": 66.92381944444458,
    "flow_acc": 3979.39,
    "seg_id": 3034615,
    "start_x": -120.25520833333337,
    "start_y": 66.95923611111118,
    "islake": 0,
    "lakeId": 0,
    "RATEACV": 0.0,
    "RATEBCV": 0.0,
    "lake_Vol": 0.0
  }
}