{
  "data": {
    "BotElev": 424.0,
    "Length": 29447.68889452859,
    "OBJECTID": null,
    "PFAF": "338625",
    "PFAF_CODE": 338625000000.0,
    "PF_TYPE": 4,
    "Shape_Leng": 0.28220562652,
    "Slope": 3.39585223e-05,
    "TopElev": 425.0,
    "Tosegment": 3035808,
    "end_x": -108.04791666632104,
    "end_y": 55.39041666689582,
    "flow_acc": 3937.65,
    "seg_id": 3034561,
    "start_x": -108.14291666667077,
    "start_y": 55.22125000008748,
    "islake": 0,
    "lakeId": 0,
    "RATEACV": 0.0,
    "RATEBCV": 0.0,
    "lake_Vol": 0.0
  }
}