{
  "data": {
    "BotElev": 711.0,
    "Length": 41634.393436260114,
    "OBJECTID": null,
    "PFAF": "329843",
    "PFAF_CODE": 329843000000.0,
    "PF_TYPE": 4,
    "Shape_Leng": 0.42383041704,
    "Slope": -0.000144111622743,
    "TopElev": 705.0,
    "Tosegment": 3036352,
    "end_x": -125.09479166666677,
    "end_y": 56.73006944444455,
    "flow_acc": 4214.8,
    "seg_id": 3034894,
    "start_x": -125.45104166666681,
    "start_y": 56.76131944444455,
    "islake": 0,
    "lakeId": 0,
    "RATEACV": 0.0,
    "RATEBCV": 0.0,
    "lake_Vol": 0.0
  }
}