{
  "data": {
    "BotElev": 532.0,
    "Length": 11677.997532919988,
    "OBJECTID": null,
    "PFAF": "329261",
    "PFAF_CODE": 329261000000.0,
    "PF_TYPE": 4,
    "Shape_Leng": 0.09053300859,
    "Slope": 0.000856311193063,
    "TopElev": 542.0,
    "Tosegment": 3039816,
    "end_x": -113.82187500000015,
    "end_y": 56.29881944444446,
    "flow_acc": 3707.5,
    "seg_id": 3034229,
    "start_x": -113.78437500000007,
    "start_y": 56.240486111111125,
    "islake": 0,
    "lakeId": 0,
    "RATEACV": 0.0,
    "RATEBCV": 0.0,
    "lake_Vol": 0.0
  }
}