{
  "data": {
    "BotElev": 909.0,
    "Length": 27534.03095703376,
    "OBJECTID": null,
    "PFAF": "3294691",
    "PFAF_CODE": 329469100000.0,
    "PF_TYPE": 4,
    "Shape_Leng": 0.28668786053,
    "Slope": 0.002397033696337,
    "TopElev": 975.0,
    "Tosegment": 3035758,
    "end_x": -119.0572916666668,
    "end_y": 54.01965277777782,
    "flow_acc": 3921.26,
    "seg_id": 3034538,
    "start_x": -119.18020833333338,
    "start_y": 53.84881944444447,
    "islake": 0,
    "lakeId": 0,
    "RATEACV": 0.0,
    "RATEBCV": 0.0,
    "lake_Vol": 0.0
  }
}