{
  "data": {
    "BotElev": 476.0,
    "Length": 65910.5592433171,
    "OBJECTID": null,
    "PFAF": "338923",
    "PFAF_CODE": 338923000000.0,
    "PF_TYPE": 4,
    "Shape_Leng": 0.47739941311,
    "Slope": -6.0688303148e-05,
    "TopElev": 472.0,
    "Tosegment": 3037186,
    "end_x": -107.43875000021228,
    "end_y": 54.26208333377883,
    "flow_acc": 4261.38,
    "seg_id": 3034943,
    "start_x": -107.1995833330044,
    "start_y": 53.95208333367901,
    "islake": 0,
    "lakeId": 0,
    "RATEACV": 0.0,
    "RATEBCV": 0.0,
    "lake_Vol": 0.0
  }
}