{
  "data": {
    "BotElev": 156.0,
    "Length": 137672.99189190497,
    "OBJECTID": null,
    "PFAF": "322721",
    "PFAF_CODE": 322721000000.0,
    "PF_TYPE": 4,
    "Shape_Leng": 1.25588203436,
    "Slope": 0.000392233794428,
    "TopElev": 210.0,
    "Tosegment": 3042280,
    "end_x": -121.20312500000006,
    "end_y": 66.06756944444436,
    "flow_acc": 4007.33,
    "seg_id": 3034646,
    "start_x": -121.34479166666671,
    "start_y": 67.01131944444444,
    "islake": 0,
    "lakeId": 0,
    "RATEACV": 0.0,
    "RATEBCV": 0.0,
    "lake_Vol": 0.0
  }
}