{
  "data": {
    "BotElev": 850.0,
    "Length": 12344.958874874943,
    "OBJECTID": null,
    "PFAF": "3429231",
    "PFAF_CODE": 342923100000.0,
    "PF_TYPE": 4,
    "Shape_Leng": 0.12874789557,
    "Slope": 0.000729042525878,
    "TopElev": 859.0,
    "Tosegment": 3036848,
    "end_x": -112.85791666666921,
    "end_y": 50.22958333333446,
    "flow_acc": 4109.77,
    "seg_id": 3034774,
    "start_x": -112.96958333333583,
    "start_y": 50.21875000000114,
    "islake": 0,
    "lakeId": 0,
    "RATEACV": 0.0,
    "RATEBCV": 0.0,
    "lake_Vol": 0.0
  }
}