{
  "data": {
    "BotElev": 1.0,
    "Length": 89780.02331680898,
    "OBJECTID": null,
    "PFAF": "333341",
    "PFAF_CODE": 333341000000.0,
    "PF_TYPE": 4,
    "Shape_Leng": 1.18885484627,
    "Slope": 0.006126084396962,
    "TopElev": 551.0,
    "Tosegment": -9999,
    "end_x": -119.30416666675825,
    "end_y": 69.30194444408102,
    "flow_acc": 3953.27,
    "seg_id": 3034583,
    "start_x": -119.74479166700172,
    "start_y": 68.76965277795341,
    "islake": 0,
    "lakeId": 0,
    "RATEACV": 0.0,
    "RATEBCV": 0.0,
    "lake_Vol": 0.0
  }
}