{
  "data": {
    "BotElev": 729.0,
    "Length": 9679.086764410233,
    "OBJECTID": null,
    "PFAF": "3249973",
    "PFAF_CODE": 324997300000.0,
    "PF_TYPE": 2,
    "Shape_Leng": 0.07365695637,
    "Slope": 0.000516577660858,
    "TopElev": 734.0,
    "Tosegment": 3035480,
    "end_x": -129.6239583333334,
    "end_y": 61.40298611111109,
    "flow_acc": 3753.43,
    "seg_id": 3034297,
    "start_x": -129.67604166666672,
    "start_y": 61.455069444444575,
    "islake": 0,
    "lakeId": 0,
    "RATEACV": 0.0,
    "RATEBCV": 0.0,
    "lake_Vol": 0.0
  }
}