{
  "data": {
    "BotElev": 348.0,
    "Length": 40035.76985980804,
    "OBJECTID": null,
    "PFAF": "3186983",
    "PFAF_CODE": 318698300000.0,
    "PF_TYPE": 5,
    "Shape_Leng": 0.49394886339,
    "Slope": 0.001099017207714,
    "TopElev": 392.0,
    "Tosegment": 3034835,
    "end_x": -138.77812500000005,
    "end_y": 66.41756944444444,
    "flow_acc": 3879.66,
    "seg_id": 3034486,
    "start_x": -139.20520833333342,
    "start_y": 66.52798611111103,
    "islake": 0,
    "lakeId": 0,
    "RATEACV": 0.0,
    "RATEBCV": 0.0,
    "lake_Vol": 0.0
  }
}