{
  "data": {
    "BotElev": 156.0,
    "Length": 82229.09329545584,
    "OBJECTID": null,
    "PFAF": "322921",
    "PFAF_CODE": 322921000000.0,
    "PF_TYPE": 4,
    "Shape_Leng": 0.84876908943,
    "Slope": 0.00127692031849,
    "TopElev": 261.0,
    "Tosegment": 3040193,
    "end_x": -120.59479166666677,
    "end_y": 66.67590277777782,
    "flow_acc": 3599.86,
    "seg_id": 3034051,
    "start_x": -120.55520833333338,
    "start_y": 67.18006944444454,
    "islake": 0,
    "lakeId": 0,
    "RATEACV": 0.0,
    "RATEBCV": 0.0,
    "lake_Vol": 0.0
  }
}