{
  "data": {
    "BotElev": 389.0,
    "Length": 45857.93106678457,
    "OBJECTID": null,
    "PFAF": "3293651",
    "PFAF_CODE": 329365100000.0,
    "PF_TYPE": 4,
    "Shape_Leng": 0.490016985,
    "Slope": 0.002137034918939,
    "TopElev": 487.0,
    "Tosegment": 3036984,
    "end_x": -117.48229166666675,
    "end_y": 57.036319444444416,
    "flow_acc": 5115.49,
    "seg_id": 3035908,
    "start_x": -117.75937500000003,
    "start_y": 56.890486111111215,
    "islake": 0,
    "lakeId": 0,
    "RATEACV": 0.0,
    "RATEBCV": 0.0,
    "lake_Vol": 0.0
  }
}