{
  "data": {
    "BotElev": 30.0,
    "Length": 84305.39323195141,
    "OBJECTID": null,
    "PFAF": "321761",
    "PFAF_CODE": 321761000000.0,
    "PF_TYPE": 4,
    "Shape_Leng": 1.09348364526,
    "Slope": 0.000225371109387,
    "TopElev": 49.0,
    "Tosegment": 3045333,
    "end_x": -129.0781250000001,
    "end_y": 66.10090277777778,
    "flow_acc": 4582.07,
    "seg_id": 3035346,
    "start_x": -129.55104166666672,
    "start_y": 65.93840277777787,
    "islake": 0,
    "lakeId": 0,
    "RATEACV": 0.0,
    "RATEBCV": 0.0,
    "lake_Vol": 0.0
  }
}