{
  "data": {
    "BotElev": 156.0,
    "Length": 8555.325868635686,
    "OBJECTID": null,
    "PFAF": "3219455",
    "PFAF_CODE": 321945500000.0,
    "PF_TYPE": 4,
    "Shape_Leng": 0.12026650429,
    "Slope": 0.001870180077963,
    "TopElev": 172.0,
    "Tosegment": 3036051,
    "end_x": -127.31770833333343,
    "end_y": 65.03840277777783,
    "flow_acc": 4970.65,
    "seg_id": 3035764,
    "start_x": -127.20520833333342,
    "start_y": 65.04048611111125,
    "islake": 0,
    "lakeId": 0,
    "RATEACV": 0.0,
    "RATEBCV": 0.0,
    "lake_Vol": 0.0
  }
}