{
  "data": {
    "BotElev": 560.0,
    "Length": 26410.963622147967,
    "OBJECTID": null,
    "PFAF": "3292951",
    "PFAF_CODE": 329295100000.0,
    "PF_TYPE": 3,
    "Shape_Leng": 0.25240485194,
    "Slope": 0.000681535147961,
    "TopElev": 578.0,
    "Tosegment": 3036660,
    "end_x": -114.65104166666674,
    "end_y": 56.13006944444453,
    "flow_acc": 4374.54,
    "seg_id": 3035081,
    "start_x": -114.8697916666668,
    "start_y": 56.18631944444445,
    "islake": 0,
    "lakeId": 0,
    "RATEACV": 0.0,
    "RATEBCV": 0.0,
    "lake_Vol": 0.0
  }
}