{
  "data": {
    "BotElev": 724.0,
    "Length": 43072.225311796996,
    "OBJECTID": null,
    "PFAF": "3249971",
    "PFAF_CODE": 324997100000.0,
    "PF_TYPE": 2,
    "Shape_Leng": 0.39266714738,
    "Slope": 0.000116084088152,
    "TopElev": 729.0,
    "Tosegment": 3037285,
    "end_x": -129.29687500000006,
    "end_y": 61.244652777777844,
    "flow_acc": 4696.35,
    "seg_id": 3035480,
    "start_x": -129.6239583333334,
    "start_y": 61.40298611111109,
    "islake": 0,
    "lakeId": 0,
    "RATEACV": 0.0,
    "RATEBCV": 0.0,
    "lake_Vol": 0.0
  }
}