{
  "data": {
    "BotElev": 343.0,
    "Length": 6545.721118255035,
    "OBJECTID": null,
    "PFAF": "3362933",
    "PFAF_CODE": 336293300000.0,
    "PF_TYPE": 3,
    "Shape_Leng": 0.09577200628,
    "Slope": 0.000152771555942,
    "TopElev": 344.0,
    "Tosegment": 3036509,
    "end_x": -102.84062499964398,
    "end_y": 60.180069444549304,
    "flow_acc": 4914.39,
    "seg_id": 3035706,
    "start_x": -102.92604166688938,
    "start_y": 60.15923611155739,
    "islake": 0,
    "lakeId": 0,
    "RATEACV": 0.0,
    "RATEBCV": 0.0,
    "lake_Vol": 0.0
  }
}