{
  "data": {
    "BotElev": 530.0,
    "Length": 9926.214241540216,
    "OBJECTID": null,
    "PFAF": "3142921",
    "PFAF_CODE": 314292100000.0,
    "PF_TYPE": 5,
    "Shape_Leng": 0.08331896338,
    "Slope": 0.004533450407677,
    "TopElev": 575.0,
    "Tosegment": 3038513,
    "end_x": -120.1920833333341,
    "end_y": 51.917083333334176,
    "flow_acc": 4762.31,
    "seg_id": 3035550,
    "start_x": -120.1945833333341,
    "start_y": 51.96291666666764,
    "islake": 0,
    "lakeId": 0,
    "RATEACV": 0.0,
    "RATEBCV": 0.0,
    "lake_Vol": 0.0
  }
}