{
  "data": {
    "BotElev": 581.0,
    "Length": 94374.53288439638,
    "OBJECTID": null,
    "PFAF": "3424631",
    "PFAF_CODE": 342463100000.0,
    "PF_TYPE": 4,
    "Shape_Leng": 0.80149248387,
    "Slope": 0.000180133341914,
    "TopElev": 598.0,
    "Tosegment": 3036611,
    "end_x": -111.23291666666961,
    "end_y": 53.38291666666714,
    "flow_acc": 4792.26,
    "seg_id": 3035583,
    "start_x": -111.83958333333618,
    "start_y": 53.68208333333365,
    "islake": 0,
    "lakeId": 0,
    "RATEACV": 0.0,
    "RATEBCV": 0.0,
    "lake_Vol": 0.0
  }
}