{
  "data": {
    "BotElev": 415.0,
    "Length": 52662.62076298169,
    "OBJECTID": null,
    "PFAF": "338681",
    "PFAF_CODE": 338681000000.0,
    "PF_TYPE": 4,
    "Shape_Leng": 0.45964219498,
    "Slope": 0.0001898880051,
    "TopElev": 425.0,
    "Tosegment": 3038563,
    "end_x": -108.88291666627106,
    "end_y": 56.02958333330429,
    "flow_acc": 4465.81,
    "seg_id": 3035203,
    "start_x": -109.224583333454,
    "start_y": 56.22625000023737,
    "islake": 0,
    "lakeId": 0,
    "RATEACV": 0.0,
    "RATEBCV": 0.0,
    "lake_Vol": 0.0
  }
}