{
  "data": {
    "BotElev": 524.0,
    "Length": 41349.512584568794,
    "OBJECTID": null,
    "PFAF": "3389951",
    "PFAF_CODE": 338995100000.0,
    "PF_TYPE": 2,
    "Shape_Leng": 0.38807365284,
    "Slope": 0.000169288573491,
    "TopElev": 531.0,
    "Tosegment": 3036117,
    "end_x": -111.13458333305431,
    "end_y": 54.36874999981279,
    "flow_acc": 5039.63,
    "seg_id": 3035829,
    "start_x": -111.44791666672074,
    "start_y": 54.43875000021245,
    "islake": 0,
    "lakeId": 0,
    "RATEACV": 0.0,
    "RATEBCV": 0.0,
    "lake_Vol": 0.0
  }
}