{
  "data": {
    "BotElev": 158.0,
    "Length": 33017.82575090013,
    "OBJECTID": null,
    "PFAF": "326421",
    "PFAF_CODE": 326421000000.0,
    "PF_TYPE": 4,
    "Shape_Leng": 0.35097507798,
    "Slope": 0.000605733404461,
    "TopElev": 178.0,
    "Tosegment": 3040241,
    "end_x": -114.1989583333334,
    "end_y": 62.57173611111119,
    "flow_acc": 5021.93,
    "seg_id": 3035811,
    "start_x": -113.95937500000014,
    "start_y": 62.56548611111111,
    "islake": 0,
    "lakeId": 0,
    "RATEACV": 0.0,
    "RATEBCV": 0.0,
    "lake_Vol": 0.0
  }
}