{
  "data": {
    "BotElev": 277.0,
    "Length": 32973.80405644203,
    "OBJECTID": null,
    "PFAF": "336441",
    "PFAF_CODE": 336441000000.0,
    "PF_TYPE": 4,
    "Shape_Leng": 0.51511423828,
    "Slope": 0.000606542089162,
    "TopElev": 297.0,
    "Tosegment": 3041944,
    "end_x": -102.66770833347277,
    "end_y": 62.48631944488665,
    "flow_acc": 4569.29,
    "seg_id": 3035328,
    "start_x": -103.14687500038093,
    "start_y": 62.5029861109204,
    "islake": 0,
    "lakeId": 0,
    "RATEACV": 0.0,
    "RATEBCV": 0.0,
    "lake_Vol": 0.0
  }
}