{
  "data": {
    "BotElev": 610.0,
    "Length": 47331.28379608374,
    "OBJECTID": null,
    "PFAF": "314663",
    "PFAF_CODE": 314663000000.0,
    "PF_TYPE": 4,
    "Shape_Leng": 0.482013588,
    "Slope": 0.000760596314165,
    "TopElev": 646.0,
    "Tosegment": 3036322,
    "end_x": -121.8595833333336,
    "end_y": 54.23875000000032,
    "flow_acc": 5030.03,
    "seg_id": 3035820,
    "start_x": -121.47541666666706,
    "start_y": 54.26791666666685,
    "islake": 0,
    "lakeId": 0,
    "RATEACV": 0.0,
    "RATEBCV": 0.0,
    "lake_Vol": 0.0
  }
}