{
  "data": {
    "BotElev": 581.0,
    "Length": 12461.597192387562,
    "OBJECTID": null,
    "PFAF": "321871",
    "PFAF_CODE": 321871000000.0,
    "PF_TYPE": 3,
    "Shape_Leng": 0.11898478828,
    "Slope": 0.003209861415231,
    "TopElev": 621.0,
    "Tosegment": 3038482,
    "end_x": -129.1697916666667,
    "end_y": 64.85298611111125,
    "flow_acc": 5181.75,
    "seg_id": 3035963,
    "start_x": -129.11354166666678,
    "start_y": 64.77590277777784,
    "islake": 0,
    "lakeId": 0,
    "RATEACV": 0.0,
    "RATEBCV": 0.0,
    "lake_Vol": 0.0
  }
}