{
  "data": {
    "BotElev": 650.0,
    "Length": 1061.329444121879,
    "OBJECTID": null,
    "PFAF": "342741",
    "PFAF_CODE": 342741000000.0,
    "PF_TYPE": 4,
    "Shape_Leng": 0.0098570226,
    "Slope": 0.00471107253991,
    "TopElev": 655.0,
    "Tosegment": 3043203,
    "end_x": -110.63958333333647,
    "end_y": 50.03875000000119,
    "flow_acc": 4678.2,
    "seg_id": 3035467,
    "start_x": -110.64541666666975,
    "start_y": 50.03375000000125,
    "islake": 0,
    "lakeId": 0,
    "RATEACV": 0.0,
    "RATEBCV": 0.0,
    "lake_Vol": 0.0
  }
}