{
  "data": {
    "BotElev": 239.0,
    "Length": 63065.42934112992,
    "OBJECTID": null,
    "PFAF": "322291",
    "PFAF_CODE": 322291000000.0,
    "PF_TYPE": 3,
    "Shape_Leng": 0.71581860232,
    "Slope": 0.000665975011013,
    "TopElev": 281.0,
    "Tosegment": 3037091,
    "end_x": -121.21979166666677,
    "end_y": 64.03840277777783,
    "flow_acc": 5068.33,
    "seg_id": 3035855,
    "start_x": -120.64687500000014,
    "start_y": 63.91756944444444,
    "islake": 0,
    "lakeId": 0,
    "RATEACV": 0.0,
    "RATEBCV": 0.0,
    "lake_Vol": 0.0
  }
}