{
  "data": {
    "BotElev": 951.0,
    "Length": 71696.78674755077,
    "OBJECTID": null,
    "PFAF": "342485",
    "PFAF_CODE": 342485000000.0,
    "PF_TYPE": 4,
    "Shape_Leng": 0.7013190232,
    "Slope": 0.001464500778392,
    "TopElev": 1056.0,
    "Tosegment": 3036534,
    "end_x": -115.61208333333519,
    "end_y": 52.97375000000039,
    "flow_acc": 4957.95,
    "seg_id": 3035746,
    "start_x": -116.08541666666844,
    "start_y": 52.829583333333915,
    "islake": 0,
    "lakeId": 0,
    "RATEACV": 0.0,
    "RATEBCV": 0.0,
    "lake_Vol": 0.0
  }
}