{
  "data": {
    "BotElev": 458.0,
    "Length": 33596.15583704171,
    "OBJECTID": null,
    "PFAF": "3286255",
    "PFAF_CODE": 328625500000.0,
    "PF_TYPE": 4,
    "Shape_Leng": 0.36025808657,
    "Slope": 0.002470520746558,
    "TopElev": 541.0,
    "Tosegment": 3036221,
    "end_x": -110.86562500000008,
    "end_y": 55.84465277777781,
    "flow_acc": 5065.17,
    "seg_id": 3035852,
    "start_x": -111.10312500000015,
    "start_y": 55.70506944444446,
    "islake": 0,
    "lakeId": 0,
    "RATEACV": 0.0,
    "RATEBCV": 0.0,
    "lake_Vol": 0.0
  }
}