{
  "data": {
    "BotElev": 172.0,
    "Length": 99221.53770121865,
    "OBJECTID": null,
    "PFAF": "3276251",
    "PFAF_CODE": 327625100000.0,
    "PF_TYPE": 4,
    "Shape_Leng": 1.15449254369,
    "Slope": 0.001169101010602,
    "TopElev": 288.0,
    "Tosegment": 3035971,
    "end_x": -111.97604166666673,
    "end_y": 61.161319444444416,
    "flow_acc": 4497.63,
    "seg_id": 3035254,
    "start_x": -111.08437500000014,
    "start_y": 61.219652777777696,
    "islake": 0,
    "lakeId": 0,
    "RATEACV": 0.0,
    "RATEBCV": 0.0,
    "lake_Vol": 0.0
  }
}