{
  "data": {
    "BotElev": 531.0,
    "Length": 39429.98247031106,
    "OBJECTID": null,
    "PFAF": "3389953",
    "PFAF_CODE": 338995300000.0,
    "PF_TYPE": 2,
    "Shape_Leng": 0.38669294218,
    "Slope": 0.000152168467346,
    "TopElev": 537.0,
    "Tosegment": 3035829,
    "end_x": -111.44791666672074,
    "end_y": 54.43875000021245,
    "flow_acc": 4324.27,
    "seg_id": 3035017,
    "start_x": -111.76875000001246,
    "start_y": 54.46458333355412,
    "islake": 0,
    "lakeId": 0,
    "RATEACV": 0.0,
    "RATEBCV": 0.0,
    "lake_Vol": 0.0
  }
}