{
  "data": {
    "BotElev": 542.0,
    "Length": 6215.435595280031,
    "OBJECTID": null,
    "PFAF": "3129455",
    "PFAF_CODE": 312945500000.0,
    "PF_TYPE": 4,
    "Shape_Leng": 0.04759391531,
    "Slope": 0.001287118155657,
    "TopElev": 550.0,
    "Tosegment": 3035419,
    "end_x": -116.95291666666827,
    "end_y": 50.20291666666799,
    "flow_acc": 4335.01,
    "seg_id": 3035034,
    "start_x": -116.95291666666827,
    "start_y": 50.241250000001344,
    "islake": 0,
    "lakeId": 0,
    "RATEACV": 0.0,
    "RATEBCV": 0.0,
    "lake_Vol": 0.0
  }
}