{
  "data": {
    "BotElev": 712.0,
    "Length": 68437.11672399862,
    "OBJECTID": null,
    "PFAF": "3146991",
    "PFAF_CODE": 314699100000.0,
    "PF_TYPE": 3,
    "Shape_Leng": 0.60103306841,
    "Slope": 0.000263015171615,
    "TopElev": 730.0,
    "Tosegment": 3036254,
    "end_x": -120.00958333333409,
    "end_y": 53.2012500000007,
    "flow_acc": 4475.21,
    "seg_id": 3035220,
    "start_x": -119.60291666666751,
    "start_y": 53.043750000000784,
    "islake": 0,
    "lakeId": 0,
    "RATEACV": 0.0,
    "RATEBCV": 0.0,
    "lake_Vol": 0.0
  }
}