{
  "data": {
    "BotElev": 524.0,
    "Length": 68464.6174459789,
    "OBJECTID": null,
    "PFAF": "342423",
    "PFAF_CODE": 342423000000.0,
    "PF_TYPE": 4,
    "Shape_Leng": 0.67622089903,
    "Slope": 0.000365152117,
    "TopElev": 549.0,
    "Tosegment": 3036954,
    "end_x": -107.43541666667068,
    "end_y": 52.09375000000068,
    "flow_acc": 4420.83,
    "seg_id": 3035139,
    "start_x": -107.66791666667058,
    "start_y": 51.74375000000077,
    "islake": 0,
    "lakeId": 0,
    "RATEACV": 0.0,
    "RATEBCV": 0.0,
    "lake_Vol": 0.0
  }
}