{
  "data": {
    "BotElev": 415.0,
    "Length": 36820.75950526535,
    "OBJECTID": null,
    "PFAF": "338693",
    "PFAF_CODE": 338693000000.0,
    "PF_TYPE": 3,
    "Shape_Leng": 0.32690951208,
    "Slope": 0.00019011014694,
    "TopElev": 422.0,
    "Tosegment": 3036091,
    "end_x": -108.94541666704549,
    "end_y": 55.96541666664598,
    "flow_acc": 4836.37,
    "seg_id": 3035633,
    "start_x": -109.02458333295442,
    "start_y": 55.78124999968787,
    "islake": 0,
    "lakeId": 0,
    "RATEACV": 0.0,
    "RATEBCV": 0.0,
    "lake_Vol": 0.0
  }
}