{
  "data": {
    "BotElev": 482.0,
    "Length": 1459.0487142821676,
    "OBJECTID": null,
    "PFAF": "32846933",
    "PFAF_CODE": 328469330000.0,
    "PF_TYPE": 4,
    "Shape_Leng": 0.01214255651,
    "Slope": 0.003426890377995,
    "TopElev": 487.0,
    "Tosegment": 3037222,
    "end_x": -106.28645833333348,
    "end_y": 57.72381944444453,
    "flow_acc": 5827.97,
    "seg_id": 3036502,
    "start_x": -106.29062500000009,
    "start_y": 57.713402777777844,
    "islake": 0,
    "lakeId": 0,
    "RATEACV": 0.0,
    "RATEBCV": 0.0,
    "lake_Vol": 0.0
  }
}