{
  "data": {
    "BotElev": 609.0,
    "Length": 20893.36085871608,
    "OBJECTID": null,
    "PFAF": "3297635",
    "PFAF_CODE": 329763500000.0,
    "PF_TYPE": 4,
    "Shape_Leng": 0.2057699013,
    "Slope": 0.002201656320927,
    "TopElev": 655.0,
    "Tosegment": 3037232,
    "end_x": -122.05729166666674,
    "end_y": 56.47798611111119,
    "flow_acc": 6458.79,
    "seg_id": 3036964,
    "start_x": -122.23229166666681,
    "start_y": 56.50298611111117,
    "islake": 0,
    "lakeId": 0,
    "RATEACV": 0.0,
    "RATEBCV": 0.0,
    "lake_Vol": 0.0
  }
}