{
  "data": {
    "BotElev": 516.0,
    "Length": 8652.270334451123,
    "OBJECTID": null,
    "PFAF": "349281",
    "PFAF_CODE": 349281000000.0,
    "PF_TYPE": 4,
    "Shape_Leng": 0.0697242063,
    "Slope": 0.004507487456178,
    "TopElev": 555.0,
    "Tosegment": 3041193,
    "end_x": -102.1987500000053,
    "end_y": 49.217916666668145,
    "flow_acc": 5503.49,
    "seg_id": 3036251,
    "start_x": -102.22541666667195,
    "start_y": 49.25875000000144,
    "islake": 0,
    "lakeId": 0,
    "RATEACV": 0.0,
    "RATEBCV": 0.0,
    "lake_Vol": 0.0
  }
}