{
  "data": {
    "BotElev": 281.0,
    "Length": 2489.4581262708352,
    "OBJECTID": null,
    "PFAF": "318683",
    "PFAF_CODE": 318683000000.0,
    "PF_TYPE": 4,
    "Shape_Leng": 0.03053511302,
    "Slope": 0.000401693842305,
    "TopElev": 282.0,
    "Tosegment": 3039041,
    "end_x": -137.1343750000001,
    "end_y": 67.30090277777799,
    "flow_acc": 5886.53,
    "seg_id": 3036556,
    "start_x": -137.10729166666675,
    "start_y": 67.29256944444455,
    "islake": 0,
    "lakeId": 0,
    "RATEACV": 0.0,
    "RATEBCV": 0.0,
    "lake_Vol": 0.0
  }
}