{
  "data": {
    "BotElev": 312.0,
    "Length": 16471.321812389913,
    "OBJECTID": null,
    "PFAF": "3154237",
    "PFAF_CODE": 315423700000.0,
    "PF_TYPE": 4,
    "Shape_Leng": 0.22179106525,
    "Slope": 0.002185616941375,
    "TopElev": 348.0,
    "Tosegment": 3037029,
    "end_x": -130.51874999999808,
    "end_y": 56.84291666666621,
    "flow_acc": 6117.17,
    "seg_id": 3036725,
    "start_x": -130.35124999999812,
    "start_y": 56.94041666666624,
    "islake": 0,
    "lakeId": 0,
    "RATEACV": 0.0,
    "RATEBCV": 0.0,
    "lake_Vol": 0.0
  }
}