{
  "data": {
    "BotElev": 157.0,
    "Length": 11900.548171935692,
    "OBJECTID": null,
    "PFAF": "327561",
    "PFAF_CODE": 327561000000.0,
    "PF_TYPE": 4,
    "Shape_Leng": 0.08874579114,
    "Slope": 0.000252089227879,
    "TopElev": 160.0,
    "Tosegment": 3045093,
    "end_x": -113.77187500000002,
    "end_y": 61.00090277777775,
    "flow_acc": 5585.89,
    "seg_id": 3036313,
    "start_x": -113.70729166666683,
    "start_y": 60.942569444444416,
    "islake": 0,
    "lakeId": 0,
    "RATEACV": 0.0,
    "RATEBCV": 0.0,
    "lake_Vol": 0.0
  }
}