{
  "data": {
    "BotElev": 445.0,
    "Length": 59227.17811354886,
    "OBJECTID": null,
    "PFAF": "342421",
    "PFAF_CODE": 342421000000.0,
    "PF_TYPE": 4,
    "Shape_Leng": 0.50576148357,
    "Slope": 0.001333847103918,
    "TopElev": 524.0,
    "Tosegment": 3043922,
    "end_x": -107.38291666667067,
    "end_y": 52.34708333333407,
    "flow_acc": 6443.76,
    "seg_id": 3036954,
    "start_x": -107.43541666667068,
    "start_y": 52.09375000000068,
    "islake": 0,
    "lakeId": 0,
    "RATEACV": 0.0,
    "RATEBCV": 0.0,
    "lake_Vol": 0.0
  }
}