{
  "data": {
    "BotElev": 281.0,
    "Length": 75492.78137379087,
    "OBJECTID": null,
    "PFAF": "326457",
    "PFAF_CODE": 326457000000.0,
    "PF_TYPE": 3,
    "Shape_Leng": 0.89774756442,
    "Slope": 0.000887502073453,
    "TopElev": 348.0,
    "Tosegment": 3036844,
    "end_x": -114.18020833333338,
    "end_y": 63.30090277777788,
    "flow_acc": 5373.76,
    "seg_id": 3036131,
    "start_x": -113.71145833333338,
    "start_y": 63.76548611111116,
    "islake": 0,
    "lakeId": 0,
    "RATEACV": 0.0,
    "RATEBCV": 0.0,
    "lake_Vol": 0.0
  }
}