{
  "data": {
    "BotElev": 796.0,
    "Length": 10826.304584252492,
    "OBJECTID": null,
    "PFAF": "31892655",
    "PFAF_CODE": 318926550000.0,
    "PF_TYPE": 5,
    "Shape_Leng": 0.11538495065,
    "Slope": 0.001939720043582,
    "TopElev": 817.0,
    "Tosegment": 3037255,
    "end_x": -138.11770833333338,
    "end_y": 61.927986111111125,
    "flow_acc": 6393.48,
    "seg_id": 3036925,
    "start_x": -138.0135416666668,
    "start_y": 61.9092361111114,
    "islake": 0,
    "lakeId": 0,
    "RATEACV": 0.0,
    "RATEBCV": 0.0,
    "lake_Vol": 0.0
  }
}