{
  "data": {
    "BotElev": 450.0,
    "Length": 8441.903627713242,
    "OBJECTID": null,
    "PFAF": "328691",
    "PFAF_CODE": 328691000000.0,
    "PF_TYPE": 3,
    "Shape_Leng": 0.0636590608,
    "Slope": -0.000236913389231,
    "TopElev": 448.0,
    "Tosegment": 3038545,
    "end_x": -108.29270833333345,
    "end_y": 57.02798611111115,
    "flow_acc": 6034.89,
    "seg_id": 3036667,
    "start_x": -108.29687500000006,
    "start_y": 57.0759027777778,
    "islake": 0,
    "lakeId": 0,
    "RATEACV": 0.0,
    "RATEBCV": 0.0,
    "lake_Vol": 0.0
  }
}