{
  "data": {
    "BotElev": 573.0,
    "Length": 37299.74162436843,
    "OBJECTID": null,
    "PFAF": "3288931",
    "PFAF_CODE": 328893100000.0,
    "PF_TYPE": 3,
    "Shape_Leng": 0.47916666667,
    "Slope": 0.000107239348741,
    "TopElev": 577.0,
    "Tosegment": 3037305,
    "end_x": -114.90729166666671,
    "end_y": 55.48006944444444,
    "flow_acc": 5835.01,
    "seg_id": 3036510,
    "start_x": -115.3864583333334,
    "start_y": 55.48006944444444,
    "islake": 0,
    "lakeId": 0,
    "RATEACV": 0.0,
    "RATEBCV": 0.0,
    "lake_Vol": 0.0
  }
}