{
  "data": {
    "BotElev": 263.0,
    "Length": 22346.260007328045,
    "OBJECTID": null,
    "PFAF": "3274223",
    "PFAF_CODE": 327422300000.0,
    "PF_TYPE": 5,
    "Shape_Leng": 0.32737944922,
    "Slope": 4.4750217695e-05,
    "TopElev": 264.0,
    "Tosegment": 3037553,
    "end_x": -115.42604166666678,
    "end_y": 60.1821527777779,
    "flow_acc": 6213.39,
    "seg_id": 3036804,
    "start_x": -115.7447916666668,
    "start_y": 60.161319444444416,
    "islake": 0,
    "lakeId": 0,
    "RATEACV": 0.0,
    "RATEBCV": 0.0,
    "lake_Vol": 0.0
  }
}