{
  "data": {
    "BotElev": 195.0,
    "Length": 25625.29826833942,
    "OBJECTID": null,
    "PFAF": "321225",
    "PFAF_CODE": 321225000000.0,
    "PF_TYPE": 4,
    "Shape_Leng": 0.32088413879,
    "Slope": 0.002809723393111,
    "TopElev": 267.0,
    "Tosegment": 3037728,
    "end_x": -133.184375,
    "end_y": 65.91756944444455,
    "flow_acc": 5803.16,
    "seg_id": 3036483,
    "start_x": -133.28854166666673,
    "start_y": 65.78423611111123,
    "islake": 0,
    "lakeId": 0,
    "RATEACV": 0.0,
    "RATEBCV": 0.0,
    "lake_Vol": 0.0
  }
}