{
  "data": {
    "BotElev": 155.0,
    "Length": 25931.300294975397,
    "OBJECTID": null,
    "PFAF": "3226931",
    "PFAF_CODE": 322693100000.0,
    "PF_TYPE": 3,
    "Shape_Leng": 0.30208333333,
    "Slope": 3.8563434484e-05,
    "TopElev": 156.0,
    "Tosegment": 3036977,
    "end_x": -125.05312500000014,
    "end_y": 66.04465277777786,
    "flow_acc": 6056.6,
    "seg_id": 3036684,
    "start_x": -124.8718750000001,
    "start_y": 65.92381944444458,
    "islake": 0,
    "lakeId": 0,
    "RATEACV": 0.0,
    "RATEBCV": 0.0,
    "lake_Vol": 0.0
  }
}