{
  "data": {
    "BotElev": 262.0,
    "Length": 6018.002984789821,
    "OBJECTID": null,
    "PFAF": "323855",
    "PFAF_CODE": 323855000000.0,
    "PF_TYPE": 3,
    "Shape_Leng": 0.04627750716,
    "Slope": 0.0,
    "TopElev": 262.0,
    "Tosegment": 3037141,
    "end_x": -123.82604166666675,
    "end_y": 62.34465277777775,
    "flow_acc": 6204.16,
    "seg_id": 3036794,
    "start_x": -123.85937500000011,
    "start_y": 62.37590277777775,
    "islake": 0,
    "lakeId": 0,
    "RATEACV": 0.0,
    "RATEBCV": 0.0,
    "lake_Vol": 0.0
  }
}