{
  "data": {
    "BotElev": 929.0,
    "Length": 41823.736671286715,
    "OBJECTID": null,
    "PFAF": "3429911",
    "PFAF_CODE": 342991100000.0,
    "PF_TYPE": 2,
    "Shape_Leng": 0.40959734222,
    "Slope": 0.00148241178179,
    "TopElev": 991.0,
    "Tosegment": 3038211,
    "end_x": -113.37541666666914,
    "end_y": 49.752916666668,
    "flow_acc": 5832.82,
    "seg_id": 3036507,
    "start_x": -113.62541666666908,
    "start_y": 49.63875000000144,
    "islake": 0,
    "lakeId": 0,
    "RATEACV": 0.0,
    "RATEBCV": 0.0,
    "lake_Vol": 0.0
  }
}