{
  "data": {
    "BotElev": 235.0,
    "Length": 68423.40636904344,
    "OBJECTID": null,
    "PFAF": "3237433",
    "PFAF_CODE": 323743300000.0,
    "PF_TYPE": 4,
    "Shape_Leng": 0.827516985,
    "Slope": 0.002221462041515,
    "TopElev": 387.0,
    "Tosegment": 3037208,
    "end_x": -124.14062500000006,
    "end_y": 62.87590277777781,
    "flow_acc": 6208.44,
    "seg_id": 3036798,
    "start_x": -124.890625,
    "start_y": 62.94881944444438,
    "islake": 0,
    "lakeId": 0,
    "RATEACV": 0.0,
    "RATEBCV": 0.0,
    "lake_Vol": 0.0
  }
}