{
  "data": {
    "BotElev": 386.0,
    "Length": 35386.898093384654,
    "OBJECTID": null,
    "PFAF": "338561",
    "PFAF_CODE": 338561000000.0,
    "PF_TYPE": 4,
    "Shape_Leng": 0.38094336087,
    "Slope": 0.000762994256483,
    "TopElev": 413.0,
    "Tosegment": 3043811,
    "end_x": -106.76791666672068,
    "end_y": 55.834583333154455,
    "flow_acc": 5265.17,
    "seg_id": 3036039,
    "start_x": -106.52875000041212,
    "start_y": 55.98958333320434,
    "islake": 0,
    "lakeId": 0,
    "RATEACV": 0.0,
    "RATEBCV": 0.0,
    "lake_Vol": 0.0
  }
}