{
  "data": {
    "BotElev": 0.0,
    "Length": 14446.666252002022,
    "OBJECTID": null,
    "PFAF": "333561",
    "PFAF_CODE": 333561000000.0,
    "PF_TYPE": 4,
    "Shape_Leng": 0.18454846018,
    "Slope": 0.00256114451283,
    "TopElev": 37.0,
    "Tosegment": -9999,
    "end_x": -111.85624999983759,
    "end_y": 67.66965277745379,
    "flow_acc": 6157.48,
    "seg_id": 3036755,
    "start_x": -111.9364583333853,
    "start_y": 67.58423611110777,
    "islake": 0,
    "lakeId": 0,
    "RATEACV": 0.0,
    "RATEBCV": 0.0,
    "lake_Vol": 0.0
  }
}