{
  "data": {
    "BotElev": 262.0,
    "Length": 45449.379361337946,
    "OBJECTID": null,
    "PFAF": "323857",
    "PFAF_CODE": 323857000000.0,
    "PF_TYPE": 3,
    "Shape_Leng": 0.57987103149,
    "Slope": 0.002904330088879,
    "TopElev": 394.0,
    "Tosegment": 3036794,
    "end_x": -123.85937500000011,
    "end_y": 62.37590277777775,
    "flow_acc": 5859.77,
    "seg_id": 3036532,
    "start_x": -124.29270833333345,
    "start_y": 62.25298611111123,
    "islake": 0,
    "lakeId": 0,
    "RATEACV": 0.0,
    "RATEBCV": 0.0,
    "lake_Vol": 0.0
  }
}