{
  "data": {
    "BotElev": 527.0,
    "Length": 23935.549284072276,
    "OBJECTID": null,
    "PFAF": "3212935",
    "PFAF_CODE": 321293500000.0,
    "PF_TYPE": 3,
    "Shape_Leng": 0.29415824894,
    "Slope": 0.002632068278538,
    "TopElev": 590.0,
    "Tosegment": 3036967,
    "end_x": -138.2302083333334,
    "end_y": 65.53631944444453,
    "flow_acc": 5809.69,
    "seg_id": 3036485,
    "start_x": -138.30104166666678,
    "start_y": 65.36131944444458,
    "islake": 0,
    "lakeId": 0,
    "RATEACV": 0.0,
    "RATEBCV": 0.0,
    "lake_Vol": 0.0
  }
}