{
  "data": {
    "BotElev": 273.0,
    "Length": 21911.966953049163,
    "OBJECTID": null,
    "PFAF": "3335855",
    "PFAF_CODE": 333585500000.0,
    "PF_TYPE": 4,
    "Shape_Leng": 0.36273478967,
    "Slope": 0.000638920277216,
    "TopElev": 287.0,
    "Tosegment": 3037502,
    "end_x": -110.38854166636474,
    "end_y": 66.83631944428691,
    "flow_acc": 6200.29,
    "seg_id": 3036791,
    "start_x": -110.73229166702674,
    "start_y": 66.8571527781782,
    "islake": 0,
    "lakeId": 0,
    "RATEACV": 0.0,
    "RATEBCV": 0.0,
    "lake_Vol": 0.0
  }
}