{
  "data": {
    "BotElev": 365.0,
    "Length": 37334.4582503781,
    "OBJECTID": null,
    "PFAF": "344973",
    "PFAF_CODE": 344973000000.0,
    "PF_TYPE": 2,
    "Shape_Leng": 0.38404996368,
    "Slope": 0.001366030267748,
    "TopElev": 416.0,
    "Tosegment": 3037565,
    "end_x": -102.4095833333385,
    "end_y": 52.82541666666714,
    "flow_acc": 7085.75,
    "seg_id": 3037327,
    "start_x": -102.68541666667187,
    "start_y": 52.81791666666726,
    "islake": 0,
    "lakeId": 0,
    "RATEACV": 0.0,
    "RATEBCV": 0.0,
    "lake_Vol": 0.0
  }
}