{
  "data": {
    "BotElev": 402.0,
    "Length": 56565.14000897075,
    "OBJECTID": null,
    "PFAF": "3212931",
    "PFAF_CODE": 321293100000.0,
    "PF_TYPE": 3,
    "Shape_Leng": 0.82930420246,
    "Slope": 0.001325904965286,
    "TopElev": 477.0,
    "Tosegment": 3039443,
    "end_x": -137.2489583333334,
    "end_y": 65.85506944444444,
    "flow_acc": 7446.5,
    "seg_id": 3037533,
    "start_x": -137.99062500000002,
    "start_y": 65.7050694444444,
    "islake": 0,
    "lakeId": 0,
    "RATEACV": 0.0,
    "RATEBCV": 0.0,
    "lake_Vol": 0.0
  }
}