{
  "data": {
    "BotElev": 273.0,
    "Length": 56754.24417824724,
    "OBJECTID": null,
    "PFAF": "325451",
    "PFAF_CODE": 325451000000.0,
    "PF_TYPE": 3,
    "Shape_Leng": 0.71177459086,
    "Slope": 0.001656263797731,
    "TopElev": 367.0,
    "Tosegment": 3037835,
    "end_x": -120.06354166666665,
    "end_y": 61.048819444444575,
    "flow_acc": 7287.27,
    "seg_id": 3037447,
    "start_x": -120.66979166666681,
    "start_y": 60.96548611111115,
    "islake": 0,
    "lakeId": 0,
    "RATEACV": 0.0,
    "RATEBCV": 0.0,
    "lake_Vol": 0.0
  }
}