{
  "data": {
    "BotElev": 337.0,
    "Length": 34132.91873374819,
    "OBJECTID": null,
    "PFAF": "3364651",
    "PFAF_CODE": 336465100000.0,
    "PF_TYPE": 4,
    "Shape_Leng": 0.40516714887,
    "Slope": 0.000644539078876,
    "TopElev": 359.0,
    "Tosegment": 3037783,
    "end_x": -103.7031249997188,
    "end_y": 61.469652778153375,
    "flow_acc": 7084.47,
    "seg_id": 3037325,
    "start_x": -104.01354166651458,
    "start_y": 61.43631944428711,
    "islake": 0,
    "lakeId": 0,
    "RATEACV": 0.0,
    "RATEBCV": 0.0,
    "lake_Vol": 0.0
  }
}