{
  "data": {
    "BotElev": 296.0,
    "Length": 40192.62156215738,
    "OBJECTID": null,
    "PFAF": "3332795",
    "PFAF_CODE": 333279500000.0,
    "PF_TYPE": 3,
    "Shape_Leng": 0.48814303796,
    "Slope": 0.000547364146575,
    "TopElev": 318.0,
    "Tosegment": 3037703,
    "end_x": -123.0052083332979,
    "end_y": 67.89465277790356,
    "flow_acc": 7262.41,
    "seg_id": 3037424,
    "start_x": -122.85520833359766,
    "start_y": 67.72798611127007,
    "islake": 0,
    "lakeId": 0,
    "RATEACV": 0.0,
    "RATEBCV": 0.0,
    "lake_Vol": 0.0
  }
}