{
  "data": {
    "BotElev": 186.0,
    "Length": 74147.77005571987,
    "OBJECTID": null,
    "PFAF": "333621",
    "PFAF_CODE": 333621000000.0,
    "PF_TYPE": 4,
    "Shape_Leng": 0.88280678693,
    "Slope": 0.001483524048226,
    "TopElev": 296.0,
    "Tosegment": 3040732,
    "end_x": -108.94687499958155,
    "end_y": 66.56340277741634,
    "flow_acc": 7702.57,
    "seg_id": 3037654,
    "start_x": -108.59479166680194,
    "start_y": 66.22798611067049,
    "islake": 0,
    "lakeId": 0,
    "RATEACV": 0.0,
    "RATEBCV": 0.0,
    "lake_Vol": 0.0
  }
}