{
  "data": {
    "BotElev": 168.0,
    "Length": 11585.86070840903,
    "OBJECTID": null,
    "PFAF": "327621",
    "PFAF_CODE": 327621000000.0,
    "PF_TYPE": 4,
    "Shape_Leng": 0.15463624322,
    "Slope": -8.6312102758e-05,
    "TopElev": 167.0,
    "Tosegment": 3043535,
    "end_x": -112.14270833333336,
    "end_y": 60.83215277777782,
    "flow_acc": 6765.33,
    "seg_id": 3037145,
    "start_x": -112.02812500000005,
    "start_y": 60.92590277777771,
    "islake": 0,
    "lakeId": 0,
    "RATEACV": 0.0,
    "RATEBCV": 0.0,
    "lake_Vol": 0.0
  }
}