{
  "data": {
    "BotElev": 860.0,
    "Length": 12170.763408054601,
    "OBJECTID": null,
    "PFAF": "3298935",
    "PFAF_CODE": 329893500000.0,
    "PF_TYPE": 3,
    "Shape_Leng": 0.12615906081,
    "Slope": 0.002300595210114,
    "TopElev": 888.0,
    "Tosegment": 3037817,
    "end_x": -126.24062500000014,
    "end_y": 57.62173611111115,
    "flow_acc": 7462.49,
    "seg_id": 3037540,
    "start_x": -126.35729166666675,
    "start_y": 57.63215277777783,
    "islake": 0,
    "lakeId": 0,
    "RATEACV": 0.0,
    "RATEBCV": 0.0,
    "lake_Vol": 0.0
  }
}