{
  "data": {
    "BotElev": 274.0,
    "Length": 2306.5789441129723,
    "OBJECTID": null,
    "PFAF": "32543",
    "PFAF_CODE": 325430000000.0,
    "PF_TYPE": 3,
    "Shape_Leng": 0.03484983763,
    "Slope": -0.000433542499186,
    "TopElev": 273.0,
    "Tosegment": 3038328,
    "end_x": -120.03645833333348,
    "end_y": 61.06756944444447,
    "flow_acc": 8072.07,
    "seg_id": 3037835,
    "start_x": -120.06354166666665,
    "start_y": 61.048819444444575,
    "islake": 0,
    "lakeId": 0,
    "RATEACV": 0.0,
    "RATEBCV": 0.0,
    "lake_Vol": 0.0
  }
}