{
  "data": {
    "BotElev": 676.0,
    "Length": 75367.99999056736,
    "OBJECTID": null,
    "PFAF": "3424471",
    "PFAF_CODE": 342447100000.0,
    "PF_TYPE": 4,
    "Shape_Leng": 0.60042646669,
    "Slope": 5.3072922202e-05,
    "TopElev": 680.0,
    "Tosegment": 3038337,
    "end_x": -112.33375000000274,
    "end_y": 52.56208333333393,
    "flow_acc": 7494.03,
    "seg_id": 3037559,
    "start_x": -112.74375000000265,
    "start_y": 52.84625000000062,
    "islake": 0,
    "lakeId": 0,
    "RATEACV": 0.0,
    "RATEBCV": 0.0,
    "lake_Vol": 0.0
  }
}