{
  "data": {
    "BotElev": 109.0,
    "Length": 19812.153427681686,
    "OBJECTID": null,
    "PFAF": "3212231",
    "PFAF_CODE": 321223100000.0,
    "PF_TYPE": 4,
    "Shape_Leng": 0.25389595351,
    "Slope": 0.001110429518947,
    "TopElev": 131.0,
    "Tosegment": 3038315,
    "end_x": -133.79687500000006,
    "end_y": 65.94673611111114,
    "flow_acc": 8242.65,
    "seg_id": 3037919,
    "start_x": -133.5635416666667,
    "start_y": 65.9071527777777,
    "islake": 0,
    "lakeId": 0,
    "RATEACV": 0.0,
    "RATEBCV": 0.0,
    "lake_Vol": 0.0
  }
}