{
  "data": {
    "BotElev": 160.0,
    "Length": 105755.37145977883,
    "OBJECTID": null,
    "PFAF": "326541",
    "PFAF_CODE": 326541000000.0,
    "PF_TYPE": 4,
    "Shape_Leng": 1.11932118746,
    "Slope": 0.000813197465178,
    "TopElev": 246.0,
    "Tosegment": 3043485,
    "end_x": -113.16979166666675,
    "end_y": 62.01131944444455,
    "flow_acc": 6908.86,
    "seg_id": 3037218,
    "start_x": -112.76145833333345,
    "start_y": 62.50090277777781,
    "islake": 0,
    "lakeId": 0,
    "RATEACV": 0.0,
    "RATEBCV": 0.0,
    "lake_Vol": 0.0
  }
}