{
  "data": {
    "BotElev": 781.0,
    "Length": 24338.758966262863,
    "OBJECTID": null,
    "PFAF": "3298931",
    "PFAF_CODE": 329893100000.0,
    "PF_TYPE": 3,
    "Shape_Leng": 0.19823818528,
    "Slope": 0.00373889236202,
    "TopElev": 872.0,
    "Tosegment": 3038379,
    "end_x": -125.91979166666681,
    "end_y": 57.43840277777775,
    "flow_acc": 8403.07,
    "seg_id": 3037996,
    "start_x": -126.06979166666673,
    "start_y": 57.53006944444445,
    "islake": 0,
    "lakeId": 0,
    "RATEACV": 0.0,
    "RATEBCV": 0.0,
    "lake_Vol": 0.0
  }
}