{
  "data": {
    "BotElev": 338.0,
    "Length": 42859.66494033099,
    "OBJECTID": null,
    "PFAF": "3246423",
    "PFAF_CODE": 324642300000.0,
    "PF_TYPE": 5,
    "Shape_Leng": 0.46594125753,
    "Slope": 0.001306589775678,
    "TopElev": 394.0,
    "Tosegment": 3037863,
    "end_x": -122.83020833333342,
    "end_y": 58.53840277777789,
    "flow_acc": 7430.98,
    "seg_id": 3037521,
    "start_x": -122.90937500000013,
    "start_y": 58.33631944444443,
    "islake": 0,
    "lakeId": 0,
    "RATEACV": 0.0,
    "RATEBCV": 0.0,
    "lake_Vol": 0.0
  }
}