{
  "data": {
    "BotElev": 282.0,
    "Length": 16962.95740580686,
    "OBJECTID": null,
    "PFAF": "3154235",
    "PFAF_CODE": 315423500000.0,
    "PF_TYPE": 4,
    "Shape_Leng": 0.21333928556,
    "Slope": 0.001768559531354,
    "TopElev": 312.0,
    "Tosegment": 3037548,
    "end_x": -130.65374999999813,
    "end_y": 56.73458333333281,
    "flow_acc": 6551.74,
    "seg_id": 3037029,
    "start_x": -130.51874999999808,
    "start_y": 56.84291666666621,
    "islake": 0,
    "lakeId": 0,
    "RATEACV": 0.0,
    "RATEBCV": 0.0,
    "lake_Vol": 0.0
  }
}