{
  "data": {
    "BotElev": 888.0,
    "Length": 11177.913806797606,
    "OBJECTID": null,
    "PFAF": "3298951",
    "PFAF_CODE": 329895100000.0,
    "PF_TYPE": 3,
    "Shape_Leng": 0.12889595351,
    "Slope": 0.002773326090701,
    "TopElev": 919.0,
    "Tosegment": 3037540,
    "end_x": -126.35729166666675,
    "end_y": 57.63215277777783,
    "flow_acc": 6697.07,
    "seg_id": 3037112,
    "start_x": -126.46770833333346,
    "start_y": 57.615486111111125,
    "islake": 0,
    "lakeId": 0,
    "RATEACV": 0.0,
    "RATEBCV": 0.0,
    "lake_Vol": 0.0
  }
}