{
  "data": {
    "BotElev": 580.0,
    "Length": 6902.757333650351,
    "OBJECTID": null,
    "PFAF": "315279",
    "PFAF_CODE": 315279000000.0,
    "PF_TYPE": 3,
    "Shape_Leng": 0.07846194078,
    "Slope": 0.001738435732269,
    "TopElev": 592.0,
    "Tosegment": 3038380,
    "end_x": -127.41208333333219,
    "end_y": 56.27708333333311,
    "flow_acc": 8221.13,
    "seg_id": 3037903,
    "start_x": -127.37208333333228,
    "start_y": 56.31791666666635,
    "islake": 0,
    "lakeId": 0,
    "RATEACV": 0.0,
    "RATEBCV": 0.0,
    "lake_Vol": 0.0
  }
}