{
  "data": {
    "BotElev": 494.0,
    "Length": 6356.719579683039,
    "OBJECTID": null,
    "PFAF": "328781",
    "PFAF_CODE": 328781000000.0,
    "PF_TYPE": 4,
    "Shape_Leng": 0.05446278255,
    "Slope": 0.008180319950907,
    "TopElev": 546.0,
    "Tosegment": 3043678,
    "end_x": -112.7156250000001,
    "end_y": 54.98840277777782,
    "flow_acc": 6855.95,
    "seg_id": 3037193,
    "start_x": -112.67812500000014,
    "start_y": 54.97173611111111,
    "islake": 0,
    "lakeId": 0,
    "RATEACV": 0.0,
    "RATEBCV": 0.0,
    "lake_Vol": 0.0
  }
}