{
  "data": {
    "BotElev": 58.0,
    "Length": 37233.4463989864,
    "OBJECTID": null,
    "PFAF": "33227",
    "PFAF_CODE": 332270000000.0,
    "PF_TYPE": 3,
    "Shape_Leng": 0.5107635889,
    "Slope": 0.000429721165979,
    "TopElev": 74.0,
    "Tosegment": 3039467,
    "end_x": -129.43020833304809,
    "end_y": 68.08423611100784,
    "flow_acc": 6581.78,
    "seg_id": 3037050,
    "start_x": -129.72812499986884,
    "start_y": 67.99256944422461,
    "islake": 0,
    "lakeId": 0,
    "RATEACV": 0.0,
    "RATEBCV": 0.0,
    "lake_Vol": 0.0
  }
}