{
  "data": {
    "BotElev": 627.0,
    "Length": 5197.006239174541,
    "OBJECTID": null,
    "PFAF": "3242795",
    "PFAF_CODE": 324279500000.0,
    "PF_TYPE": 3,
    "Shape_Leng": 0.04612944922,
    "Slope": 0.001346929304651,
    "TopElev": 634.0,
    "Tosegment": 3038824,
    "end_x": -127.5906250000001,
    "end_y": 62.24465277777779,
    "flow_acc": 10045.8,
    "seg_id": 3038645,
    "start_x": -127.62604166666677,
    "start_y": 62.26756944444452,
    "islake": 0,
    "lakeId": 0,
    "RATEACV": 0.0,
    "RATEBCV": 0.0,
    "lake_Vol": 0.0
  }
}