{
  "data": {
    "BotElev": 6.0,
    "Length": 56775.1800882084,
    "OBJECTID": null,
    "PFAF": "315421",
    "PFAF_CODE": 315421000000.0,
    "PF_TYPE": 4,
    "Shape_Leng": 0.54654996368,
    "Slope": 0.000634079890968,
    "TopElev": 42.0,
    "Tosegment": 3042828,
    "end_x": -131.78874999999778,
    "end_y": 56.742083333333085,
    "flow_acc": 9685.79,
    "seg_id": 3038510,
    "start_x": -131.3095833333312,
    "start_y": 56.700416666666456,
    "islake": 0,
    "lakeId": 0,
    "RATEACV": 0.0,
    "RATEBCV": 0.0,
    "lake_Vol": 0.0
  }
}