{
  "data": {
    "BotElev": 468.0,
    "Length": 18708.353907109115,
    "OBJECTID": null,
    "PFAF": "338813",
    "PFAF_CODE": 338813000000.0,
    "PF_TYPE": 3,
    "Shape_Leng": 0.23099663266,
    "Slope": 0.000106904114062,
    "TopElev": 470.0,
    "Tosegment": 3038794,
    "end_x": -108.3495833334041,
    "end_y": 54.46625000033737,
    "flow_acc": 9750.72,
    "seg_id": 3038535,
    "start_x": -108.52541666644589,
    "start_y": 54.41541666704569,
    "islake": 0,
    "lakeId": 0,
    "RATEACV": 0.0,
    "RATEBCV": 0.0,
    "lake_Vol": 0.0
  }
}