{
  "data": {
    "BotElev": 648.0,
    "Length": 34416.38488678247,
    "OBJECTID": null,
    "PFAF": "3146951",
    "PFAF_CODE": 314695100000.0,
    "PF_TYPE": 3,
    "Shape_Leng": 0.30857617827,
    "Slope": 0.000610174487212,
    "TopElev": 669.0,
    "Tosegment": 3039034,
    "end_x": -120.69875000000053,
    "end_y": 53.61291666666716,
    "flow_acc": 9343.6,
    "seg_id": 3038374,
    "start_x": -120.56125000000077,
    "start_y": 53.53541666666706,
    "islake": 0,
    "lakeId": 0,
    "RATEACV": 0.0,
    "RATEBCV": 0.0,
    "lake_Vol": 0.0
  }
}