{
  "data": {
    "BotElev": 229.0,
    "Length": 6716.449182103366,
    "OBJECTID": null,
    "PFAF": "334851",
    "PFAF_CODE": 334851000000.0,
    "PF_TYPE": 3,
    "Shape_Leng": 0.10151650409,
    "Slope": 0.000744440978326,
    "TopElev": 234.0,
    "Tosegment": 3038717,
    "end_x": -105.53020833314804,
    "end_y": 64.9071527775788,
    "flow_acc": 9238.62,
    "seg_id": 3038333,
    "start_x": -105.62395833341031,
    "start_y": 64.91340277801578,
    "islake": 0,
    "lakeId": 0,
    "RATEACV": 0.0,
    "RATEBCV": 0.0,
    "lake_Vol": 0.0
  }
}