{
  "data": {
    "BotElev": 427.0,
    "Length": 52975.375782150004,
    "OBJECTID": null,
    "PFAF": "329761",
    "PFAF_CODE": 329761000000.0,
    "PF_TYPE": 4,
    "Shape_Leng": 0.46983721104,
    "Slope": 0.001736655920636,
    "TopElev": 519.0,
    "Tosegment": 3043688,
    "end_x": -121.4364583333334,
    "end_y": 56.20923611111118,
    "flow_acc": 9494.78,
    "seg_id": 3038439,
    "start_x": -121.67187500000006,
    "start_y": 56.386319444444496,
    "islake": 0,
    "lakeId": 0,
    "RATEACV": 0.0,
    "RATEBCV": 0.0,
    "lake_Vol": 0.0
  }
}