{
  "data": {
    "BotElev": 359.0,
    "Length": 15630.540498448934,
    "OBJECTID": null,
    "PFAF": "3333235",
    "PFAF_CODE": 333323500000.0,
    "PF_TYPE": 4,
    "Shape_Leng": 0.1901142375,
    "Slope": 6.3977314163e-05,
    "TopElev": 360.0,
    "Tosegment": 3038885,
    "end_x": -122.32395833331037,
    "end_y": 68.57381944441192,
    "flow_acc": 9823.67,
    "seg_id": 3038572,
    "start_x": -122.35937499975643,
    "start_y": 68.48006944414965,
    "islake": 0,
    "lakeId": 0,
    "RATEACV": 0.0,
    "RATEBCV": 0.0,
    "lake_Vol": 0.0
  }
}