{
  "data": {
    "BotElev": 267.0,
    "Length": 6207.208202485467,
    "OBJECTID": null,
    "PFAF": "3293611",
    "PFAF_CODE": 329361100000.0,
    "PF_TYPE": 4,
    "Shape_Leng": 0.06193317096,
    "Slope": 0.00289985439715,
    "TopElev": 285.0,
    "Tosegment": 3044487,
    "end_x": -117.13229166666679,
    "end_y": 57.28006944444451,
    "flow_acc": 9650.26,
    "seg_id": 3038492,
    "start_x": -117.16145833333343,
    "start_y": 57.23631944444446,
    "islake": 0,
    "lakeId": 0,
    "RATEACV": 0.0,
    "RATEBCV": 0.0,
    "lake_Vol": 0.0
  }
}