{
  "data": {
    "BotElev": 318.0,
    "Length": 1796.220939602403,
    "OBJECTID": null,
    "PFAF": "336461",
    "PFAF_CODE": 336461000000.0,
    "PF_TYPE": 4,
    "Shape_Leng": 0.02062394796,
    "Slope": 0.0,
    "TopElev": 318.0,
    "Tosegment": 3040949,
    "end_x": -103.41562500029352,
    "end_y": 61.49048611114529,
    "flow_acc": 8595.92,
    "seg_id": 3038084,
    "start_x": -103.43020833374749,
    "start_y": 61.4759027776912,
    "islake": 0,
    "lakeId": 0,
    "RATEACV": 0.0,
    "RATEBCV": 0.0,
    "lake_Vol": 0.0
  }
}