{
  "data": {
    "BotElev": 470.0,
    "Length": 98955.76318891677,
    "OBJECTID": null,
    "PFAF": "324781",
    "PFAF_CODE": 324781000000.0,
    "PF_TYPE": 4,
    "Shape_Leng": 0.99512280477,
    "Slope": 0.001333929381637,
    "TopElev": 602.0,
    "Tosegment": 3043853,
    "end_x": -126.95312500000006,
    "end_y": 59.65298611111109,
    "flow_acc": 9730.17,
    "seg_id": 3038527,
    "start_x": -127.11354166666672,
    "start_y": 60.11131944444452,
    "islake": 0,
    "lakeId": 0,
    "RATEACV": 0.0,
    "RATEBCV": 0.0,
    "lake_Vol": 0.0
  }
}