{
  "data": {
    "BotElev": 766.0,
    "Length": 16882.740668467726,
    "OBJECTID": null,
    "PFAF": "3129911",
    "PFAF_CODE": 312991100000.0,
    "PF_TYPE": 2,
    "Shape_Leng": 0.10688918942,
    "Slope": 0.000355392534768,
    "TopElev": 772.0,
    "Tosegment": 3039329,
    "end_x": -115.646250000002,
    "end_y": 49.627083333334724,
    "flow_acc": 8904.85,
    "seg_id": 3038207,
    "start_x": -115.70625000000177,
    "start_y": 49.70208333333471,
    "islake": 0,
    "lakeId": 0,
    "RATEACV": 0.0,
    "RATEBCV": 0.0,
    "lake_Vol": 0.0
  }
}