{
  "data": {
    "BotElev": 616.0,
    "Length": 40407.89302442055,
    "OBJECTID": null,
    "PFAF": "3242793",
    "PFAF_CODE": 324279300000.0,
    "PF_TYPE": 3,
    "Shape_Leng": 0.3482022604,
    "Slope": 0.000272224042797,
    "TopElev": 627.0,
    "Tosegment": 3038954,
    "end_x": -127.33437500000014,
    "end_y": 62.05506944444443,
    "flow_acc": 10564.6,
    "seg_id": 3038824,
    "start_x": -127.5906250000001,
    "start_y": 62.24465277777779,
    "islake": 0,
    "lakeId": 0,
    "RATEACV": 0.0,
    "RATEBCV": 0.0,
    "lake_Vol": 0.0
  }
}