{
  "data": {
    "BotElev": 432.0,
    "Length": 60498.05394115748,
    "OBJECTID": null,
    "PFAF": "349651",
    "PFAF_CODE": 349651000000.0,
    "PF_TYPE": 3,
    "Shape_Leng": 0.55792646669,
    "Slope": 0.000562001548563,
    "TopElev": 466.0,
    "Tosegment": 3039541,
    "end_x": -101.93125000000538,
    "end_y": 51.57208333333409,
    "flow_acc": 9648.1,
    "seg_id": 3038489,
    "start_x": -102.33708333333863,
    "start_y": 51.651250000000914,
    "islake": 0,
    "lakeId": 0,
    "RATEACV": 0.0,
    "RATEBCV": 0.0,
    "lake_Vol": 0.0
  }
}