{
  "data": {
    "BotElev": 495.0,
    "Length": 24724.7955810386,
    "OBJECTID": null,
    "PFAF": "321853",
    "PFAF_CODE": 321853000000.0,
    "PF_TYPE": 3,
    "Shape_Leng": 0.35234352433,
    "Slope": 0.003478289627031,
    "TopElev": 581.0,
    "Tosegment": 3038599,
    "end_x": -128.91145833333348,
    "end_y": 64.9800694444445,
    "flow_acc": 9622.47,
    "seg_id": 3038482,
    "start_x": -129.1697916666667,
    "start_y": 64.85298611111125,
    "islake": 0,
    "lakeId": 0,
    "RATEACV": 0.0,
    "RATEBCV": 0.0,
    "lake_Vol": 0.0
  }
}