{
  "data": {
    "BotElev": 607.0,
    "Length": 62167.44161621341,
    "OBJECTID": null,
    "PFAF": "324857",
    "PFAF_CODE": 324857000000.0,
    "PF_TYPE": 3,
    "Shape_Leng": 0.55727588344,
    "Slope": 0.000595166843577,
    "TopElev": 644.0,
    "Tosegment": 3038848,
    "end_x": -127.33645833333344,
    "end_y": 58.94673611111125,
    "flow_acc": 10301.4,
    "seg_id": 3038739,
    "start_x": -127.05937500000005,
    "start_y": 58.65923611111111,
    "islake": 0,
    "lakeId": 0,
    "RATEACV": 0.0,
    "RATEBCV": 0.0,
    "lake_Vol": 0.0
  }
}