{
  "data": {
    "BotElev": 448.0,
    "Length": 32687.026748671993,
    "OBJECTID": null,
    "PFAF": "3152433",
    "PFAF_CODE": 315243300000.0,
    "PF_TYPE": 4,
    "Shape_Leng": 0.30633760202,
    "Slope": 0.001682624743538,
    "TopElev": 503.0,
    "Tosegment": 3038895,
    "end_x": -127.15041666666565,
    "end_y": 54.82458333333335,
    "flow_acc": 9089.83,
    "seg_id": 3038278,
    "start_x": -127.05291666666568,
    "start_y": 54.69875000000013,
    "islake": 0,
    "lakeId": 0,
    "RATEACV": 0.0,
    "RATEBCV": 0.0,
    "lake_Vol": 0.0
  }
}