{
  "data": {
    "BotElev": 380.0,
    "Length": 11802.138631899012,
    "OBJECTID": null,
    "PFAF": "3385431",
    "PFAF_CODE": 338543100000.0,
    "PF_TYPE": 4,
    "Shape_Leng": 0.12385197147,
    "Slope": -0.000169460812348,
    "TopElev": 378.0,
    "Tosegment": 3038602,
    "end_x": -106.49708333332916,
    "end_y": 55.587083332929524,
    "flow_acc": 9161.56,
    "seg_id": 3038307,
    "start_x": -106.56874999961275,
    "start_y": 55.49625000043727,
    "islake": 0,
    "lakeId": 0,
    "RATEACV": 0.0,
    "RATEBCV": 0.0,
    "lake_Vol": 0.0
  }
}