{
  "data": {
    "BotElev": 130.0,
    "Length": 8712.664975533648,
    "OBJECTID": null,
    "PFAF": "32383",
    "PFAF_CODE": 323830000000.0,
    "PF_TYPE": 3,
    "Shape_Leng": 0.1245812289,
    "Slope": 0.002639835235785,
    "TopElev": 153.0,
    "Tosegment": 3039724,
    "end_x": -123.53437500000007,
    "end_y": 62.03631944444447,
    "flow_acc": 10370.5,
    "seg_id": 3038764,
    "start_x": -123.64687500000008,
    "start_y": 62.01131944444455,
    "islake": 0,
    "lakeId": 0,
    "RATEACV": 0.0,
    "RATEBCV": 0.0,
    "lake_Vol": 0.0
  }
}