{
  "data": {
    "BotElev": 604.0,
    "Length": 952.2785040244734,
    "OBJECTID": null,
    "PFAF": "31894253",
    "PFAF_CODE": 318942530000.0,
    "PF_TYPE": 5,
    "Shape_Leng": 0.01422588984,
    "Slope": 0.010501129614644,
    "TopElev": 614.0,
    "Tosegment": 3038712,
    "end_x": -133.38854166666675,
    "end_y": 63.03840277777806,
    "flow_acc": 8633.26,
    "seg_id": 3038101,
    "start_x": -133.3760416666667,
    "start_y": 63.042569444444496,
    "islake": 0,
    "lakeId": 0,
    "RATEACV": 0.0,
    "RATEBCV": 0.0,
    "lake_Vol": 0.0
  }
}