{
  "data": {
    "BotElev": 265.0,
    "Length": 17700.72064413616,
    "OBJECTID": null,
    "PFAF": "3262953",
    "PFAF_CODE": 326295300000.0,
    "PF_TYPE": 3,
    "Shape_Leng": 0.15118446353,
    "Slope": 0.0,
    "TopElev": 265.0,
    "Tosegment": 3038891,
    "end_x": -117.94062500000013,
    "end_y": 63.44256944444447,
    "flow_acc": 8727.04,
    "seg_id": 3038138,
    "start_x": -118.05729166666674,
    "start_y": 63.5259027777779,
    "islake": 0,
    "lakeId": 0,
    "RATEACV": 0.0,
    "RATEBCV": 0.0,
    "lake_Vol": 0.0
  }
}