{
  "data": {
    "BotElev": 206.0,
    "Length": 10379.335531445255,
    "OBJECTID": null,
    "PFAF": "3212611",
    "PFAF_CODE": 321261100000.0,
    "PF_TYPE": 4,
    "Shape_Leng": 0.1089255651,
    "Slope": 0.003757465965123,
    "TopElev": 245.0,
    "Tosegment": 3042301,
    "end_x": -135.30312500000014,
    "end_y": 65.84048611111115,
    "flow_acc": 9841.33,
    "seg_id": 3038577,
    "start_x": -135.2197916666667,
    "start_y": 65.79048611111125,
    "islake": 0,
    "lakeId": 0,
    "RATEACV": 0.0,
    "RATEBCV": 0.0,
    "lake_Vol": 0.0
  }
}