{
  "data": {
    "BotElev": 320.0,
    "Length": 9264.907827456296,
    "OBJECTID": null,
    "PFAF": "3152611",
    "PFAF_CODE": 315261100000.0,
    "PF_TYPE": 4,
    "Shape_Leng": 0.10021236166,
    "Slope": 0.004317366210753,
    "TopElev": 360.0,
    "Tosegment": 3041281,
    "end_x": -127.69374999999889,
    "end_y": 55.69791666666657,
    "flow_acc": 10606.6,
    "seg_id": 3038837,
    "start_x": -127.6087499999989,
    "start_y": 55.71208333333317,
    "islake": 0,
    "lakeId": 0,
    "RATEACV": 0.0,
    "RATEBCV": 0.0,
    "lake_Vol": 0.0
  }
}