{
  "data": {
    "BotElev": 355.0,
    "Length": 4232.721627215134,
    "OBJECTID": null,
    "PFAF": "3246435",
    "PFAF_CODE": 324643500000.0,
    "PF_TYPE": 4,
    "Shape_Leng": 0.05101100286,
    "Slope": 0.001417527663861,
    "TopElev": 361.0,
    "Tosegment": 3038877,
    "end_x": -123.36145833333336,
    "end_y": 58.836319444444484,
    "flow_acc": 10197.4,
    "seg_id": 3038702,
    "start_x": -123.40729166666671,
    "start_y": 58.83215277777788,
    "islake": 0,
    "lakeId": 0,
    "RATEACV": 0.0,
    "RATEBCV": 0.0,
    "lake_Vol": 0.0
  }
}