{
  "data": {
    "BotElev": 348.0,
    "Length": 4241.731623654406,
    "OBJECTID": null,
    "PFAF": "3142651",
    "PFAF_CODE": 314265100000.0,
    "PF_TYPE": 4,
    "Shape_Leng": 0.03664213562,
    "Slope": 0.0,
    "TopElev": 348.0,
    "Tosegment": 3039097,
    "end_x": -119.03541666666769,
    "end_y": 51.001250000000994,
    "flow_acc": 9581.87,
    "seg_id": 3038472,
    "start_x": -119.00291666666783,
    "start_y": 50.994583333334276,
    "islake": 0,
    "lakeId": 0,
    "RATEACV": 0.0,
    "RATEBCV": 0.0,
    "lake_Vol": 0.0
  }
}