{
  "data": {
    "BotElev": 394.0,
    "Length": 13981.094466717197,
    "OBJECTID": null,
    "PFAF": "3382791",
    "PFAF_CODE": 338279100000.0,
    "PF_TYPE": 3,
    "Shape_Leng": 0.09836802568,
    "Slope": 7.1525158662e-05,
    "TopElev": 395.0,
    "Tosegment": 3039404,
    "end_x": -103.35125000028717,
    "end_y": 58.15625000033731,
    "flow_acc": 11067.6,
    "seg_id": 3038980,
    "start_x": -103.36541666704545,
    "start_y": 58.06375000016243,
    "islake": 0,
    "lakeId": 0,
    "RATEACV": 0.0,
    "RATEBCV": 0.0,
    "lake_Vol": 0.0
  }
}