{
  "data": {
    "BotElev": 378.0,
    "Length": 20317.105771433125,
    "OBJECTID": null,
    "PFAF": "338541",
    "PFAF_CODE": 338541000000.0,
    "PF_TYPE": 4,
    "Shape_Leng": 0.17712608366,
    "Slope": 9.8439217795e-05,
    "TopElev": 380.0,
    "Tosegment": 3043932,
    "end_x": -106.42958333310429,
    "end_y": 55.7262500003373,
    "flow_acc": 9890.9,
    "seg_id": 3038602,
    "start_x": -106.49708333332916,
    "start_y": 55.587083332929524,
    "islake": 0,
    "lakeId": 0,
    "RATEACV": 0.0,
    "RATEBCV": 0.0,
    "lake_Vol": 0.0
  }
}