{
  "data": {
    "BotElev": 155.0,
    "Length": 10216.743973042627,
    "OBJECTID": null,
    "PFAF": "322673",
    "PFAF_CODE": 322673000000.0,
    "PF_TYPE": 3,
    "Shape_Leng": 0.10380922318,
    "Slope": 0.0,
    "TopElev": 155.0,
    "Tosegment": 3039169,
    "end_x": -125.09062500000005,
    "end_y": 66.2488194444445,
    "flow_acc": 11071.2,
    "seg_id": 3038982,
    "start_x": -125.1197916666668,
    "start_y": 66.18006944444454,
    "islake": 0,
    "lakeId": 0,
    "RATEACV": 0.0,
    "RATEBCV": 0.0,
    "lake_Vol": 0.0
  }
}