{
  "data": {
    "BotElev": 415.0,
    "Length": 129.1859991530387,
    "OBJECTID": null,
    "PFAF": "338673",
    "PFAF_CODE": 338673000000.0,
    "PF_TYPE": 3,
    "Shape_Leng": 0.00083333339,
    "Slope": 0.0,
    "TopElev": 415.0,
    "Tosegment": 3039024,
    "end_x": -108.88291666627106,
    "end_y": 56.030416666695885,
    "flow_acc": 9797.76,
    "seg_id": 3038563,
    "start_x": -108.88291666627106,
    "start_y": 56.02958333330429,
    "islake": 0,
    "lakeId": 0,
    "RATEACV": 0.0,
    "RATEBCV": 0.0,
    "lake_Vol": 0.0
  }
}