{
  "data": {
    "BotElev": 178.0,
    "Length": 28346.46900731913,
    "OBJECTID": null,
    "PFAF": "325871",
    "PFAF_CODE": 325871000000.0,
    "PF_TYPE": 3,
    "Shape_Leng": 0.39037442849,
    "Slope": 0.000599721961688,
    "TopElev": 195.0,
    "Tosegment": 3039623,
    "end_x": -117.70520833333347,
    "end_y": 61.871736111111204,
    "flow_acc": 10462.5,
    "seg_id": 3038788,
    "start_x": -117.4177083333334,
    "start_y": 62.06340277777781,
    "islake": 0,
    "lakeId": 0,
    "RATEACV": 0.0,
    "RATEBCV": 0.0,
    "lake_Vol": 0.0
  }
}