{
  "data": {
    "BotElev": 257.0,
    "Length": 53172.24766990977,
    "OBJECTID": null,
    "PFAF": "3186611",
    "PFAF_CODE": 318661100000.0,
    "PF_TYPE": 4,
    "Shape_Leng": 0.72531099645,
    "Slope": 0.000188068032446,
    "TopElev": 267.0,
    "Tosegment": 3043029,
    "end_x": -139.81770833333343,
    "end_y": 67.5779861111111,
    "flow_acc": 14192.3,
    "seg_id": 3039825,
    "start_x": -139.92812500000002,
    "start_y": 67.7800694444444,
    "islake": 0,
    "lakeId": 0,
    "RATEACV": 0.0,
    "RATEBCV": 0.0,
    "lake_Vol": 0.0
  }
}