{
  "data": {
    "BotElev": 164.0,
    "Length": 29365.00242078132,
    "OBJECTID": null,
    "PFAF": "32265",
    "PFAF_CODE": 322650000000.0,
    "PF_TYPE": 3,
    "Shape_Leng": 0.43520728112,
    "Slope": -0.00027243314628,
    "TopElev": 156.0,
    "Tosegment": 3040373,
    "end_x": -124.45520833333342,
    "end_y": 66.26548611111122,
    "flow_acc": 12932.2,
    "seg_id": 3039516,
    "start_x": -124.85729166666681,
    "start_y": 66.2488194444445,
    "islake": 0,
    "lakeId": 0,
    "RATEACV": 0.0,
    "RATEBCV": 0.0,
    "lake_Vol": 0.0
  }
}