{
  "data": {
    "BotElev": 646.0,
    "Length": 14377.304700460063,
    "OBJECTID": null,
    "PFAF": "3189653",
    "PFAF_CODE": 318965300000.0,
    "PF_TYPE": 4,
    "Shape_Leng": 0.18091795924,
    "Slope": 0.002573500441902,
    "TopElev": 683.0,
    "Tosegment": 3039248,
    "end_x": -134.19062500000007,
    "end_y": 60.06340277777787,
    "flow_acc": 11470.0,
    "seg_id": 3039104,
    "start_x": -134.25520833333343,
    "start_y": 59.91340277777806,
    "islake": 0,
    "lakeId": 0,
    "RATEACV": 0.0,
    "RATEBCV": 0.0,
    "lake_Vol": 0.0
  }
}