{
  "data": {
    "BotElev": 607.0,
    "Length": 918.59150001902,
    "OBJECTID": null,
    "PFAF": "3289233",
    "PFAF_CODE": 328923300000.0,
    "PF_TYPE": 4,
    "Shape_Leng": 0.00589255651,
    "Slope": 0.002177246360279,
    "TopElev": 609.0,
    "Tosegment": 3039607,
    "end_x": -114.01770833333342,
    "end_y": 54.3571527777778,
    "flow_acc": 12160.0,
    "seg_id": 3039315,
    "start_x": -114.01354166666681,
    "start_y": 54.35298611111119,
    "islake": 0,
    "lakeId": 0,
    "RATEACV": 0.0,
    "RATEBCV": 0.0,
    "lake_Vol": 0.0
  }
}