{
  "data": {
    "BotElev": 407.0,
    "Length": 57299.000489415106,
    "OBJECTID": null,
    "PFAF": "3286231",
    "PFAF_CODE": 328623100000.0,
    "PF_TYPE": 4,
    "Shape_Leng": 0.56575727471,
    "Slope": 0.000558473965107,
    "TopElev": 439.0,
    "Tosegment": 3039509,
    "end_x": -110.59687500000013,
    "end_y": 56.361319444444575,
    "flow_acc": 11564.0,
    "seg_id": 3039141,
    "start_x": -110.61354166666683,
    "start_y": 56.08215277777788,
    "islake": 0,
    "lakeId": 0,
    "RATEACV": 0.0,
    "RATEBCV": 0.0,
    "lake_Vol": 0.0
  }
}