{
  "data": {
    "BotElev": 343.0,
    "Length": 46412.330705329114,
    "OBJECTID": null,
    "PFAF": "3274791",
    "PFAF_CODE": 327479100000.0,
    "PF_TYPE": 3,
    "Shape_Leng": 0.5330266953,
    "Slope": 0.000215459983328,
    "TopElev": 353.0,
    "Tosegment": 3039614,
    "end_x": -119.64895833333338,
    "end_y": 58.75506944444447,
    "flow_acc": 12197.7,
    "seg_id": 3039326,
    "start_x": -120.11562500000002,
    "start_y": 58.75298611111123,
    "islake": 0,
    "lakeId": 0,
    "RATEACV": 0.0,
    "RATEBCV": 0.0,
    "lake_Vol": 0.0
  }
}