{
  "data": {
    "BotElev": 252.0,
    "Length": 43906.969664001845,
    "OBJECTID": null,
    "PFAF": "3286211",
    "PFAF_CODE": 328621100000.0,
    "PF_TYPE": 4,
    "Shape_Leng": 0.38123947785,
    "Slope": 0.001844809619517,
    "TopElev": 333.0,
    "Tosegment": 3041905,
    "end_x": -111.05520833333338,
    "end_y": 56.66548611111119,
    "flow_acc": 14260.0,
    "seg_id": 3039843,
    "start_x": -110.80937500000016,
    "start_y": 56.49048611111107,
    "islake": 0,
    "lakeId": 0,
    "RATEACV": 0.0,
    "RATEBCV": 0.0,
    "lake_Vol": 0.0
  }
}