{
  "data": {
    "BotElev": 253.0,
    "Length": 27720.41526417163,
    "OBJECTID": null,
    "PFAF": "3262671",
    "PFAF_CODE": 326267100000.0,
    "PF_TYPE": 4,
    "Shape_Leng": 0.32427459087,
    "Slope": 0.000721489913098,
    "TopElev": 273.0,
    "Tosegment": 3039929,
    "end_x": -115.43229166666674,
    "end_y": 63.98006944444455,
    "flow_acc": 12629.1,
    "seg_id": 3039440,
    "start_x": -115.25104166666677,
    "start_y": 64.19673611111114,
    "islake": 0,
    "lakeId": 0,
    "RATEACV": 0.0,
    "RATEBCV": 0.0,
    "lake_Vol": 0.0
  }
}