{
  "data": {
    "BotElev": 503.0,
    "Length": 8976.346238227228,
    "OBJECTID": null,
    "PFAF": "338973",
    "PFAF_CODE": 338973000000.0,
    "PF_TYPE": 2,
    "Shape_Leng": 0.06742640635,
    "Slope": 0.000111403902374,
    "TopElev": 504.0,
    "Tosegment": 3039911,
    "end_x": -110.27875000011232,
    "end_y": 54.383749999962674,
    "flow_acc": 13611.8,
    "seg_id": 3039684,
    "start_x": -110.3262499998375,
    "start_y": 54.42124999988772,
    "islake": 0,
    "lakeId": 0,
    "RATEACV": 0.0,
    "RATEBCV": 0.0,
    "lake_Vol": 0.0
  }
}