{
  "data": {
    "BotElev": 828.0,
    "Length": 32111.597728722623,
    "OBJECTID": null,
    "PFAF": "315477",
    "PFAF_CODE": 315477000000.0,
    "PF_TYPE": 3,
    "Shape_Leng": 0.35974452848,
    "Slope": 0.001401362846538,
    "TopElev": 873.0,
    "Tosegment": 3039414,
    "end_x": -128.82374999999848,
    "end_y": 57.945416666665835,
    "flow_acc": 11665.2,
    "seg_id": 3039166,
    "start_x": -128.50708333333188,
    "start_y": 57.979583333332585,
    "islake": 0,
    "lakeId": 0,
    "RATEACV": 0.0,
    "RATEBCV": 0.0,
    "lake_Vol": 0.0
  }
}