{
  "data": {
    "BotElev": 505.0,
    "Length": 33879.15601726976,
    "OBJECTID": null,
    "PFAF": "338977",
    "PFAF_CODE": 338977000000.0,
    "PF_TYPE": 2,
    "Shape_Leng": 0.38024284453,
    "Slope": 0.00100356691243,
    "TopElev": 539.0,
    "Tosegment": 3039463,
    "end_x": -110.61291666677073,
    "end_y": 54.417083332929565,
    "flow_acc": 12002.5,
    "seg_id": 3039265,
    "start_x": -110.94875000021227,
    "start_y": 54.40791666652109,
    "islake": 0,
    "lakeId": 0,
    "RATEACV": 0.0,
    "RATEBCV": 0.0,
    "lake_Vol": 0.0
  }
}