{
  "data": {
    "BotElev": 52.0,
    "Length": 14712.18438681522,
    "OBJECTID": null,
    "PFAF": "321635",
    "PFAF_CODE": 321635000000.0,
    "PF_TYPE": 3,
    "Shape_Leng": 0.23571278255,
    "Slope": -0.000475796103145,
    "TopElev": 45.0,
    "Tosegment": 3039114,
    "end_x": -127.99479166666669,
    "end_y": 66.45506944444446,
    "flow_acc": 11206.1,
    "seg_id": 3039030,
    "start_x": -127.76770833333336,
    "start_y": 66.47590277777778,
    "islake": 0,
    "lakeId": 0,
    "RATEACV": 0.0,
    "RATEBCV": 0.0,
    "lake_Vol": 0.0
  }
}