{
  "data": {
    "BotElev": 352.0,
    "Length": 21441.67234653417,
    "OBJECTID": null,
    "PFAF": "328655",
    "PFAF_CODE": 328655000000.0,
    "PF_TYPE": 3,
    "Shape_Leng": 0.22136423749,
    "Slope": 0.0016789735156,
    "TopElev": 388.0,
    "Tosegment": 3039603,
    "end_x": -109.36354166666672,
    "end_y": 56.77590277777779,
    "flow_acc": 12950.2,
    "seg_id": 3039523,
    "start_x": -109.2177083333334,
    "start_y": 56.857152777777856,
    "islake": 0,
    "lakeId": 0,
    "RATEACV": 0.0,
    "RATEBCV": 0.0,
    "lake_Vol": 0.0
  }
}