{
  "data": {
    "BotElev": 15.0,
    "Length": 30578.876431920547,
    "OBJECTID": null,
    "PFAF": "321451",
    "PFAF_CODE": 321451000000.0,
    "PF_TYPE": 3,
    "Shape_Leng": 0.37460663163,
    "Slope": 0.000228916193686,
    "TopElev": 22.0,
    "Tosegment": 3040432,
    "end_x": -133.05729166666669,
    "end_y": 66.49673611111109,
    "flow_acc": 14688.0,
    "seg_id": 3039931,
    "start_x": -132.73020833333345,
    "start_y": 66.40506944444456,
    "islake": 0,
    "lakeId": 0,
    "RATEACV": 0.0,
    "RATEBCV": 0.0,
    "lake_Vol": 0.0
  }
}