{
  "data": {
    "BotElev": 269.0,
    "Length": 29085.64882035346,
    "OBJECTID": null,
    "PFAF": "342341",
    "PFAF_CODE": 342341000000.0,
    "PF_TYPE": 4,
    "Shape_Leng": 0.29889682519,
    "Slope": 0.000859530421838,
    "TopElev": 294.0,
    "Tosegment": 3044606,
    "end_x": -103.08875000000506,
    "end_y": 53.87375000000026,
    "flow_acc": 11196.7,
    "seg_id": 3039023,
    "start_x": -103.2979166666716,
    "start_y": 53.887916666666854,
    "islake": 0,
    "lakeId": 0,
    "RATEACV": 0.0,
    "RATEBCV": 0.0,
    "lake_Vol": 0.0
  }
}