{
  "data": {
    "BotElev": 635.0,
    "Length": 34446.9432201909,
    "OBJECTID": null,
    "PFAF": "3249431",
    "PFAF_CODE": 324943100000.0,
    "PF_TYPE": 4,
    "Shape_Leng": 0.39278980259,
    "Slope": 0.000522542737245,
    "TopElev": 653.0,
    "Tosegment": 3039759,
    "end_x": -128.96145833333344,
    "end_y": 59.69465277777789,
    "flow_acc": 12192.3,
    "seg_id": 3039324,
    "start_x": -129.21354166666674,
    "start_y": 59.59465277777775,
    "islake": 0,
    "lakeId": 0,
    "RATEACV": 0.0,
    "RATEBCV": 0.0,
    "lake_Vol": 0.0
  }
}