{
  "data": {
    "BotElev": 676.0,
    "Length": 13515.667891851399,
    "OBJECTID": null,
    "PFAF": "314815",
    "PFAF_CODE": 314815000000.0,
    "PF_TYPE": 3,
    "Shape_Leng": 0.11262860744,
    "Slope": 7.3988204505e-05,
    "TopElev": 677.0,
    "Tosegment": 3039704,
    "end_x": -124.36708333333308,
    "end_y": 54.46625000000023,
    "flow_acc": 12989.8,
    "seg_id": 3039532,
    "start_x": -124.46624999999966,
    "start_y": 54.49875000000003,
    "islake": 0,
    "lakeId": 0,
    "RATEACV": 0.0,
    "RATEBCV": 0.0,
    "lake_Vol": 0.0
  }
}