{
  "data": {
    "BotElev": 633.0,
    "Length": 49167.33761135254,
    "OBJECTID": null,
    "PFAF": "314693",
    "PFAF_CODE": 314693000000.0,
    "PF_TYPE": 3,
    "Shape_Leng": 0.44932154852,
    "Slope": 0.000305080582532,
    "TopElev": 648.0,
    "Tosegment": 3039412,
    "end_x": -120.90708333333396,
    "end_y": 53.7345833333336,
    "flow_acc": 11228.4,
    "seg_id": 3039034,
    "start_x": -120.69875000000053,
    "start_y": 53.61291666666716,
    "islake": 0,
    "lakeId": 0,
    "RATEACV": 0.0,
    "RATEBCV": 0.0,
    "lake_Vol": 0.0
  }
}