{
  "data": {
    "BotElev": 587.0,
    "Length": 4408.5293524643075,
    "OBJECTID": null,
    "PFAF": "324851",
    "PFAF_CODE": 324851000000.0,
    "PF_TYPE": 3,
    "Shape_Leng": 0.04145728112,
    "Slope": -0.000453666027852,
    "TopElev": 585.0,
    "Tosegment": 3040716,
    "end_x": -127.59687500000013,
    "end_y": 59.15506944444439,
    "flow_acc": 11991.8,
    "seg_id": 3039260,
    "start_x": -127.56145833333346,
    "start_y": 59.144652777777765,
    "islake": 0,
    "lakeId": 0,
    "RATEACV": 0.0,
    "RATEBCV": 0.0,
    "lake_Vol": 0.0
  }
}