{
  "data": {
    "BotElev": 366.0,
    "Length": 63239.71835187149,
    "OBJECTID": null,
    "PFAF": "326971",
    "PFAF_CODE": 326971000000.0,
    "PF_TYPE": 2,
    "Shape_Leng": 1.1651755651,
    "Slope": 4.7438541445e-05,
    "TopElev": 369.0,
    "Tosegment": 3040206,
    "end_x": -108.12187500000005,
    "end_y": 64.08423611111112,
    "flow_acc": 12594.0,
    "seg_id": 3039430,
    "start_x": -109.26979166666678,
    "start_y": 64.0425694444445,
    "islake": 0,
    "lakeId": 0,
    "RATEACV": 0.0,
    "RATEBCV": 0.0,
    "lake_Vol": 0.0
  }
}