{
  "data": {
    "BotElev": 729.0,
    "Length": 56733.16771927422,
    "OBJECTID": null,
    "PFAF": "312839",
    "PFAF_CODE": 312839000000.0,
    "PF_TYPE": 3,
    "Shape_Leng": 0.42949921805,
    "Slope": 0.0,
    "TopElev": 729.0,
    "Tosegment": 3040085,
    "end_x": -117.99125000000134,
    "end_y": 51.91958333333429,
    "flow_acc": 14878.0,
    "seg_id": 3039961,
    "start_x": -117.65541666666815,
    "start_y": 51.736250000000894,
    "islake": 0,
    "lakeId": 0,
    "RATEACV": 0.0,
    "RATEBCV": 0.0,
    "lake_Vol": 0.0
  }
}