{
  "data": {
    "BotElev": 582.0,
    "Length": 86567.69431965826,
    "OBJECTID": null,
    "PFAF": "318877",
    "PFAF_CODE": 318877000000.0,
    "PF_TYPE": 3,
    "Shape_Leng": 1.06493025467,
    "Slope": 0.000889477311428,
    "TopElev": 659.0,
    "Tosegment": 3039341,
    "end_x": -133.85312499999998,
    "end_y": 63.384236111111136,
    "flow_acc": 11900.8,
    "seg_id": 3039235,
    "start_x": -132.84895833333337,
    "start_y": 63.33215277777805,
    "islake": 0,
    "lakeId": 0,
    "RATEACV": 0.0,
    "RATEBCV": 0.0,
    "lake_Vol": 0.0
  }
}