{
  "data": {
    "BotElev": 347.0,
    "Length": 43993.13336727214,
    "OBJECTID": null,
    "PFAF": "3142633",
    "PFAF_CODE": 314263300000.0,
    "PF_TYPE": 4,
    "Shape_Leng": 0.5099323591,
    "Slope": 2.2730820095e-05,
    "TopElev": 348.0,
    "Tosegment": 3039307,
    "end_x": -119.49875000000094,
    "end_y": 50.898750000001144,
    "flow_acc": 11456.4,
    "seg_id": 3039097,
    "start_x": -119.03541666666769,
    "start_y": 51.001250000000994,
    "islake": 0,
    "lakeId": 0,
    "RATEACV": 0.0,
    "RATEBCV": 0.0,
    "lake_Vol": 0.0
  }
}