{
  "data": {
    "BotElev": 335.0,
    "Length": 8343.910869653515,
    "OBJECTID": null,
    "PFAF": "3382633",
    "PFAF_CODE": 338263300000.0,
    "PF_TYPE": 4,
    "Shape_Leng": 0.12027158441,
    "Slope": 0.0,
    "TopElev": 335.0,
    "Tosegment": 3040115,
    "end_x": -102.7470833336289,
    "end_y": 57.39541666684585,
    "flow_acc": 14943.5,
    "seg_id": 3039971,
    "start_x": -102.85458333305434,
    "start_y": 57.36458333315443,
    "islake": 0,
    "lakeId": 0,
    "RATEACV": 0.0,
    "RATEBCV": 0.0,
    "lake_Vol": 0.0
  }
}