{
  "data": {
    "BotElev": 656.0,
    "Length": 42892.26602936281,
    "OBJECTID": null,
    "PFAF": "3145813",
    "PFAF_CODE": 314581300000.0,
    "PF_TYPE": 4,
    "Shape_Leng": 0.4366337179,
    "Slope": 0.003403877050936,
    "TopElev": 802.0,
    "Tosegment": 3039403,
    "end_x": -123.14041666666674,
    "end_y": 53.28875000000039,
    "flow_acc": 11567.5,
    "seg_id": 3039143,
    "start_x": -123.49708333333325,
    "start_y": 53.24625000000037,
    "islake": 0,
    "lakeId": 0,
    "RATEACV": 0.0,
    "RATEBCV": 0.0,
    "lake_Vol": 0.0
  }
}