{
  "data": {
    "BotElev": 454.0,
    "Length": 45761.46054550271,
    "OBJECTID": null,
    "PFAF": "3155653",
    "PFAF_CODE": 315565300000.0,
    "PF_TYPE": 4,
    "Shape_Leng": 0.55382410375,
    "Slope": 0.002534884127762,
    "TopElev": 570.0,
    "Tosegment": 3039356,
    "end_x": -137.97604166666673,
    "end_y": 60.24673611111109,
    "flow_acc": 11433.2,
    "seg_id": 3039095,
    "start_x": -137.8218750000001,
    "start_y": 60.63631944444455,
    "islake": 0,
    "lakeId": 0,
    "RATEACV": 0.0,
    "RATEBCV": 0.0,
    "lake_Vol": 0.0
  }
}