{
  "data": {
    "BotElev": 156.0,
    "Length": 14345.423056691496,
    "OBJECTID": null,
    "PFAF": "322671",
    "PFAF_CODE": 322671000000.0,
    "PF_TYPE": 3,
    "Shape_Leng": 0.23333333333,
    "Slope": -6.9708644775e-05,
    "TopElev": 155.0,
    "Tosegment": 3039516,
    "end_x": -124.85729166666681,
    "end_y": 66.2488194444445,
    "flow_acc": 11673.6,
    "seg_id": 3039169,
    "start_x": -125.09062500000005,
    "start_y": 66.2488194444445,
    "islake": 0,
    "lakeId": 0,
    "RATEACV": 0.0,
    "RATEBCV": 0.0,
    "lake_Vol": 0.0
  }
}