{
  "data": {
    "BotElev": 192.0,
    "Length": 63773.65406341322,
    "OBJECTID": null,
    "PFAF": "323655",
    "PFAF_CODE": 323655000000.0,
    "PF_TYPE": 3,
    "Shape_Leng": 0.83570226039,
    "Slope": 0.000235206845527,
    "TopElev": 207.0,
    "Tosegment": 3039904,
    "end_x": -121.36979166666674,
    "end_y": 62.652986111111204,
    "flow_acc": 13707.8,
    "seg_id": 3039716,
    "start_x": -120.60937500000006,
    "start_y": 62.6717361111111,
    "islake": 0,
    "lakeId": 0,
    "RATEACV": 0.0,
    "RATEBCV": 0.0,
    "lake_Vol": 0.0
  }
}