{
  "data": {
    "BotElev": 544.0,
    "Length": 37544.32097967394,
    "OBJECTID": null,
    "PFAF": "31892611",
    "PFAF_CODE": 318926110000.0,
    "PF_TYPE": 5,
    "Shape_Leng": 0.38898057941,
    "Slope": 0.001731287137546,
    "TopElev": 609.0,
    "Tosegment": 3041530,
    "end_x": -139.421875,
    "end_y": 62.43006944444443,
    "flow_acc": 11609.2,
    "seg_id": 3039156,
    "start_x": -139.13229166666673,
    "start_y": 62.286319444444416,
    "islake": 0,
    "lakeId": 0,
    "RATEACV": 0.0,
    "RATEBCV": 0.0,
    "lake_Vol": 0.0
  }
}