{
  "data": {
    "BotElev": 30.0,
    "Length": 74588.68784767625,
    "OBJECTID": null,
    "PFAF": "32181",
    "PFAF_CODE": 321810000000.0,
    "PF_TYPE": 3,
    "Shape_Leng": 0.87979918173,
    "Slope": 0.001327279013169,
    "TopElev": 129.0,
    "Tosegment": 3045330,
    "end_x": -128.81770833333348,
    "end_y": 65.78006944444445,
    "flow_acc": 15188.8,
    "seg_id": 3040025,
    "start_x": -129.13020833333348,
    "start_y": 65.43215277777773,
    "islake": 0,
    "lakeId": 0,
    "RATEACV": 0.0,
    "RATEBCV": 0.0,
    "lake_Vol": 0.0
  }
}