{
  "data": {
    "BotElev": 391.0,
    "Length": 10063.605629414991,
    "OBJECTID": null,
    "PFAF": "314279",
    "PFAF_CODE": 314279000000.0,
    "PF_TYPE": 3,
    "Shape_Leng": 0.11611507926,
    "Slope": 0.000993679638118,
    "TopElev": 401.0,
    "Tosegment": 3040257,
    "end_x": -120.15125000000074,
    "end_y": 51.56458333333421,
    "flow_acc": 16076.0,
    "seg_id": 3040189,
    "start_x": -120.07875000000064,
    "start_y": 51.63375000000087,
    "islake": 0,
    "lakeId": 0,
    "RATEACV": 0.0,
    "RATEBCV": 0.0,
    "lake_Vol": 0.0
  }
}