{
  "data": {
    "BotElev": 467.0,
    "Length": 103660.48888510968,
    "OBJECTID": null,
    "PFAF": "3389711",
    "PFAF_CODE": 338971100000.0,
    "PF_TYPE": 2,
    "Shape_Leng": 1.14928859761,
    "Slope": 0.000144703157021,
    "TopElev": 482.0,
    "Tosegment": 3040924,
    "end_x": -108.69541666664577,
    "end_y": 54.2445833334541,
    "flow_acc": 17560.8,
    "seg_id": 3040434,
    "start_x": -109.68208333307928,
    "start_y": 54.29541666674595,
    "islake": 0,
    "lakeId": 0,
    "RATEACV": 0.0,
    "RATEBCV": 0.0,
    "lake_Vol": 0.0
  }
}