{
  "data": {
    "BotElev": 666.0,
    "Length": 40370.97303049767,
    "OBJECTID": null,
    "PFAF": "3189635",
    "PFAF_CODE": 318963500000.0,
    "PF_TYPE": 4,
    "Shape_Leng": 0.41231601718,
    "Slope": 0.0,
    "TopElev": 666.0,
    "Tosegment": 3040784,
    "end_x": -134.96145833333333,
    "end_y": 60.625902777777696,
    "flow_acc": 19066.2,
    "seg_id": 3040683,
    "start_x": -134.58020833333336,
    "start_y": 60.55506944444471,
    "islake": 0,
    "lakeId": 0,
    "RATEACV": 0.0,
    "RATEBCV": 0.0,
    "lake_Vol": 0.0
  }
}