{
  "data": {
    "BotElev": 543.0,
    "Length": 14589.13995054345,
    "OBJECTID": null,
    "PFAF": "32881",
    "PFAF_CODE": 328810000000.0,
    "PF_TYPE": 3,
    "Shape_Leng": 0.12106812161,
    "Slope": 0.001165250320281,
    "TopElev": 560.0,
    "Tosegment": 3043541,
    "end_x": -114.05937500000016,
    "end_y": 55.16131944444453,
    "flow_acc": 20474.3,
    "seg_id": 3040875,
    "start_x": -114.13854166666675,
    "start_y": 55.21756944444445,
    "islake": 0,
    "lakeId": 0,
    "RATEACV": 0.0,
    "RATEBCV": 0.0,
    "lake_Vol": 0.0
  }
}