{
  "data": {
    "BotElev": 392.0,
    "Length": 55679.251963386945,
    "OBJECTID": null,
    "PFAF": "32961",
    "PFAF_CODE": 329610000000.0,
    "PF_TYPE": 3,
    "Shape_Leng": 0.473263588,
    "Slope": 0.000790240501595,
    "TopElev": 436.0,
    "Tosegment": 3044028,
    "end_x": -120.37812500000013,
    "end_y": 56.09673611111117,
    "flow_acc": 16023.9,
    "seg_id": 3040178,
    "start_x": -120.73854166666678,
    "start_y": 56.280069444444564,
    "islake": 0,
    "lakeId": 0,
    "RATEACV": 0.0,
    "RATEBCV": 0.0,
    "lake_Vol": 0.0
  }
}