{
  "data": {
    "BotElev": 164.0,
    "Length": 5876.901422728591,
    "OBJECTID": null,
    "PFAF": "3222371",
    "PFAF_CODE": 322237100000.0,
    "PF_TYPE": 3,
    "Shape_Leng": 0.0913346259,
    "Slope": 0.0,
    "TopElev": 164.0,
    "Tosegment": 3040464,
    "end_x": -121.51354166666681,
    "end_y": 64.6404861111111,
    "flow_acc": 16163.4,
    "seg_id": 3040200,
    "start_x": -121.57812500000006,
    "start_y": 64.57590277777774,
    "islake": 0,
    "lakeId": 0,
    "RATEACV": 0.0,
    "RATEBCV": 0.0,
    "lake_Vol": 0.0
  }
}