{
  "data": {
    "BotElev": 160.0,
    "Length": 32042.771326556653,
    "OBJECTID": null,
    "PFAF": "323651",
    "PFAF_CODE": 323651000000.0,
    "PF_TYPE": 3,
    "Shape_Leng": 0.44618025467,
    "Slope": 0.000998665180171,
    "TopElev": 192.0,
    "Tosegment": 3040454,
    "end_x": -121.81562500000013,
    "end_y": 62.505069444444416,
    "flow_acc": 16058.7,
    "seg_id": 3040185,
    "start_x": -121.45520833333342,
    "start_y": 62.65715277777781,
    "islake": 0,
    "lakeId": 0,
    "RATEACV": 0.0,
    "RATEBCV": 0.0,
    "lake_Vol": 0.0
  }
}