{
  "data": {
    "BotElev": 473.0,
    "Length": 37885.254045940805,
    "OBJECTID": null,
    "PFAF": "3292533",
    "PFAF_CODE": 329253300000.0,
    "PF_TYPE": 3,
    "Shape_Leng": 0.36484352434,
    "Slope": 0.000237559446984,
    "TopElev": 482.0,
    "Tosegment": 3041181,
    "end_x": -114.13645833333345,
    "end_y": 56.93631944444445,
    "flow_acc": 20672.8,
    "seg_id": 3040905,
    "start_x": -113.81770833333343,
    "start_y": 56.83631944444454,
    "islake": 0,
    "lakeId": 0,
    "RATEACV": 0.0,
    "RATEBCV": 0.0,
    "lake_Vol": 0.0
  }
}