{
  "data": {
    "BotElev": 3.0,
    "Length": 53490.69780145363,
    "OBJECTID": null,
    "PFAF": "33383",
    "PFAF_CODE": 333830000000.0,
    "PF_TYPE": 3,
    "Shape_Leng": 0.50733721407,
    "Slope": 0.001046911001383,
    "TopElev": 59.0,
    "Tosegment": 3040420,
    "end_x": -104.14479166670202,
    "end_y": 67.83006944454922,
    "flow_acc": 15444.5,
    "seg_id": 3040069,
    "start_x": -104.14479166670202,
    "start_y": 67.49673611128264,
    "islake": 0,
    "lakeId": 0,
    "RATEACV": 0.0,
    "RATEBCV": 0.0,
    "lake_Vol": 0.0
  }
}