{
  "data": {
    "BotElev": 791.0,
    "Length": 19859.17710335837,
    "OBJECTID": null,
    "PFAF": "342851",
    "PFAF_CODE": 342851000000.0,
    "PF_TYPE": 3,
    "Shape_Leng": 0.1781269239,
    "Slope": 0.00045319098335,
    "TopElev": 800.0,
    "Tosegment": 3040978,
    "end_x": -112.66041666666933,
    "end_y": 50.80208333333428,
    "flow_acc": 18670.4,
    "seg_id": 3040625,
    "start_x": -112.73208333333594,
    "start_y": 50.75791666666777,
    "islake": 0,
    "lakeId": 0,
    "RATEACV": 0.0,
    "RATEBCV": 0.0,
    "lake_Vol": 0.0
  }
}