{
  "data": {
    "BotElev": 156.0,
    "Length": 28942.873023078842,
    "OBJECTID": null,
    "PFAF": "322915",
    "PFAF_CODE": 322915000000.0,
    "PF_TYPE": 2,
    "Shape_Leng": 0.43604918173,
    "Slope": 0.0,
    "TopElev": 156.0,
    "Tosegment": 3040341,
    "end_x": -120.90312500000016,
    "end_y": 66.36756944444437,
    "flow_acc": 16093.6,
    "seg_id": 3040193,
    "start_x": -120.59479166666677,
    "start_y": 66.67590277777782,
    "islake": 0,
    "lakeId": 0,
    "RATEACV": 0.0,
    "RATEBCV": 0.0,
    "lake_Vol": 0.0
  }
}