{
  "data": {
    "BotElev": 6.0,
    "Length": 20680.221136747696,
    "OBJECTID": null,
    "PFAF": "3155213",
    "PFAF_CODE": 315521300000.0,
    "PF_TYPE": 4,
    "Shape_Leng": 0.26169714994,
    "Slope": 0.000483553823427,
    "TopElev": 16.0,
    "Tosegment": 3040474,
    "end_x": -133.75208333333057,
    "end_y": 58.52958333333237,
    "flow_acc": 17073.2,
    "seg_id": 3040366,
    "start_x": -133.55041666666386,
    "start_y": 58.628749999999116,
    "islake": 0,
    "lakeId": 0,
    "RATEACV": 0.0,
    "RATEBCV": 0.0,
    "lake_Vol": 0.0
  }
}