{
  "data": {
    "BotElev": 156.0,
    "Length": 10945.076794723347,
    "OBJECTID": null,
    "PFAF": "322615",
    "PFAF_CODE": 322615000000.0,
    "PF_TYPE": 3,
    "Shape_Leng": 0.08838834765,
    "Slope": 0.0,
    "TopElev": 156.0,
    "Tosegment": 3041079,
    "end_x": -121.36770833333344,
    "end_y": 66.19256944444442,
    "flow_acc": 20914.0,
    "seg_id": 3040945,
    "start_x": -121.43020833333338,
    "start_y": 66.25506944444436,
    "islake": 0,
    "lakeId": 0,
    "RATEACV": 0.0,
    "RATEBCV": 0.0,
    "lake_Vol": 0.0
  }
}