{
  "data": {
    "BotElev": 140.0,
    "Length": 19193.09691085653,
    "OBJECTID": null,
    "PFAF": "323633",
    "PFAF_CODE": 323633000000.0,
    "PF_TYPE": 3,
    "Shape_Leng": 0.20556051575,
    "Slope": 0.001042041317922,
    "TopElev": 160.0,
    "Tosegment": 3040565,
    "end_x": -121.95937500000014,
    "end_y": 62.569652777777776,
    "flow_acc": 17653.5,
    "seg_id": 3040454,
    "start_x": -121.81562500000013,
    "start_y": 62.505069444444416,
    "islake": 0,
    "lakeId": 0,
    "RATEACV": 0.0,
    "RATEBCV": 0.0,
    "lake_Vol": 0.0
  }
}