{
  "data": {
    "BotElev": 2.0,
    "Length": 40105.97386666005,
    "OBJECTID": null,
    "PFAF": "3333211",
    "PFAF_CODE": 333321100000.0,
    "PF_TYPE": 4,
    "Shape_Leng": 0.57552564364,
    "Slope": 0.001595772246119,
    "TopElev": 66.0,
    "Tosegment": -9999,
    "end_x": -123.75416666685817,
    "end_y": 69.29465277780349,
    "flow_acc": 15239.9,
    "seg_id": 3040036,
    "start_x": -123.36770833347276,
    "start_y": 69.19048611104523,
    "islake": 0,
    "lakeId": 0,
    "RATEACV": 0.0,
    "RATEBCV": 0.0,
    "lake_Vol": 0.0
  }
}