{
  "data": {
    "BotElev": 95.0,
    "Length": 6203.877031735419,
    "OBJECTID": null,
    "PFAF": "3153219",
    "PFAF_CODE": 315321900000.0,
    "PF_TYPE": 4,
    "Shape_Leng": 0.08478342948,
    "Slope": 0.001450705736745,
    "TopElev": 104.0,
    "Tosegment": 3040412,
    "end_x": -128.91624999999834,
    "end_y": 55.50458333333319,
    "flow_acc": 16957.6,
    "seg_id": 3040350,
    "start_x": -128.8445833333318,
    "start_y": 55.53625000000005,
    "islake": 0,
    "lakeId": 0,
    "RATEACV": 0.0,
    "RATEBCV": 0.0,
    "lake_Vol": 0.0
  }
}