{
  "data": {
    "BotElev": 374.0,
    "Length": 30746.878755961654,
    "OBJECTID": null,
    "PFAF": "3334593",
    "PFAF_CODE": 333459300000.0,
    "PF_TYPE": 3,
    "Shape_Leng": 0.38035112965,
    "Slope": 3.2523626477e-05,
    "TopElev": 375.0,
    "Tosegment": 3041125,
    "end_x": -114.27395833321049,
    "end_y": 65.47173611083298,
    "flow_acc": 21217.6,
    "seg_id": 3040991,
    "start_x": -114.00312499981885,
    "start_y": 65.35506944409974,
    "islake": 0,
    "lakeId": 0,
    "RATEACV": 0.0,
    "RATEBCV": 0.0,
    "lake_Vol": 0.0
  }
}