{
  "data": {
    "BotElev": 157.0,
    "Length": 31317.364994459156,
    "OBJECTID": null,
    "PFAF": "327211",
    "PFAF_CODE": 327211000000.0,
    "PF_TYPE": 3,
    "Shape_Leng": 0.39430630689,
    "Slope": 0.002043594664217,
    "TopElev": 221.0,
    "Tosegment": 3045161,
    "end_x": -117.25104166666671,
    "end_y": 61.082152777777765,
    "flow_acc": 15697.7,
    "seg_id": 3040129,
    "start_x": -117.4177083333334,
    "start_y": 60.93840277777781,
    "islake": 0,
    "lakeId": 0,
    "RATEACV": 0.0,
    "RATEBCV": 0.0,
    "lake_Vol": 0.0
  }
}