{
  "data": {
    "BotElev": 490.0,
    "Length": 23525.28638661303,
    "OBJECTID": null,
    "PFAF": "3292553",
    "PFAF_CODE": 329255300000.0,
    "PF_TYPE": 3,
    "Shape_Leng": 0.19981601718,
    "Slope": -0.000340059622167,
    "TopElev": 482.0,
    "Tosegment": 3040672,
    "end_x": -113.74479166666674,
    "end_y": 56.857152777777856,
    "flow_acc": 18628.8,
    "seg_id": 3040621,
    "start_x": -113.59687500000007,
    "start_y": 56.769652777777765,
    "islake": 0,
    "lakeId": 0,
    "RATEACV": 0.0,
    "RATEBCV": 0.0,
    "lake_Vol": 0.0
  }
}