{
  "data": {
    "BotElev": 153.0,
    "Length": 131920.61873601997,
    "OBJECTID": null,
    "PFAF": "3274211",
    "PFAF_CODE": 327421100000.0,
    "PF_TYPE": 4,
    "Shape_Leng": 1.63435921677,
    "Slope": 0.000712549720435,
    "TopElev": 247.0,
    "Tosegment": 3043583,
    "end_x": -116.10729166666675,
    "end_y": 60.88215277777789,
    "flow_acc": 17344.6,
    "seg_id": 3040403,
    "start_x": -114.89270833333342,
    "start_y": 60.57173611111119,
    "islake": 0,
    "lakeId": 0,
    "RATEACV": 0.0,
    "RATEBCV": 0.0,
    "lake_Vol": 0.0
  }
}