{
  "data": {
    "BotElev": 167.0,
    "Length": 26878.786155947175,
    "OBJECTID": null,
    "PFAF": "333253",
    "PFAF_CODE": 333253000000.0,
    "PF_TYPE": 3,
    "Shape_Leng": 0.39171747114,
    "Slope": 0.000409244671102,
    "TopElev": 178.0,
    "Tosegment": 3040334,
    "end_x": -124.73645833298565,
    "end_y": 68.67381944421203,
    "flow_acc": 15805.7,
    "seg_id": 3040140,
    "start_x": -124.43020833314796,
    "start_y": 68.75506944449933,
    "islake": 0,
    "lakeId": 0,
    "RATEACV": 0.0,
    "RATEBCV": 0.0,
    "lake_Vol": 0.0
  }
}