{
  "data": {
    "BotElev": 268.0,
    "Length": 38885.60721202742,
    "OBJECTID": null,
    "PFAF": "336773",
    "PFAF_CODE": 336773000000.0,
    "PF_TYPE": 2,
    "Shape_Leng": 0.45558591646,
    "Slope": 0.000360030381515,
    "TopElev": 282.0,
    "Tosegment": 3040918,
    "end_x": -104.79479166630233,
    "end_y": 62.740486111345035,
    "flow_acc": 19107.9,
    "seg_id": 3040688,
    "start_x": -104.83020833364759,
    "start_y": 62.56965277775362,
    "islake": 0,
    "lakeId": 0,
    "RATEACV": 0.0,
    "RATEBCV": 0.0,
    "lake_Vol": 0.0
  }
}