{
  "data": {
    "BotElev": 16.0,
    "Length": 27054.866593444778,
    "OBJECTID": null,
    "PFAF": "3155215",
    "PFAF_CODE": 315521500000.0,
    "PF_TYPE": 4,
    "Shape_Leng": 0.36557365295,
    "Slope": 0.001626324781459,
    "TopElev": 60.0,
    "Tosegment": 3040366,
    "end_x": -133.55041666666386,
    "end_y": 58.628749999999116,
    "flow_acc": 15566.7,
    "seg_id": 3040100,
    "start_x": -133.28958333333048,
    "start_y": 58.80208333333235,
    "islake": 0,
    "lakeId": 0,
    "RATEACV": 0.0,
    "RATEBCV": 0.0,
    "lake_Vol": 0.0
  }
}