{
  "data": {
    "BotElev": 346.0,
    "Length": 46524.203091032934,
    "OBJECTID": null,
    "PFAF": "31441",
    "PFAF_CODE": 314410000000.0,
    "PF_TYPE": 3,
    "Shape_Leng": 0.38263455967,
    "Slope": 0.003632517889008,
    "TopElev": 515.0,
    "Tosegment": 3044172,
    "end_x": -122.39958333333357,
    "end_y": 51.7404166666675,
    "flow_acc": 19977.3,
    "seg_id": 3040808,
    "start_x": -122.69208333333353,
    "start_y": 51.84958333333407,
    "islake": 0,
    "lakeId": 0,
    "RATEACV": 0.0,
    "RATEBCV": 0.0,
    "lake_Vol": 0.0
  }
}