{
  "data": {
    "BotElev": 729.0,
    "Length": 2075.403268092128,
    "OBJECTID": null,
    "PFAF": "312837",
    "PFAF_CODE": 312837000000.0,
    "PF_TYPE": 3,
    "Shape_Leng": 0.01526142375,
    "Slope": 0.0,
    "TopElev": 729.0,
    "Tosegment": 3040147,
    "end_x": -118.00375000000139,
    "end_y": 51.926250000001005,
    "flow_acc": 15520.2,
    "seg_id": 3040085,
    "start_x": -117.99125000000134,
    "start_y": 51.91958333333429,
    "islake": 0,
    "lakeId": 0,
    "RATEACV": 0.0,
    "RATEBCV": 0.0,
    "lake_Vol": 0.0
  }
}