{
  "data": {
    "BotElev": 578.0,
    "Length": 67962.05634303104,
    "OBJECTID": null,
    "PFAF": "3424435",
    "PFAF_CODE": 342443500000.0,
    "PF_TYPE": 4,
    "Shape_Leng": 0.70633934538,
    "Slope": 0.000323710040334,
    "TopElev": 600.0,
    "Tosegment": 3040411,
    "end_x": -110.82208333333642,
    "end_y": 53.00458333333387,
    "flow_acc": 16653.9,
    "seg_id": 3040298,
    "start_x": -111.26958333333636,
    "start_y": 52.69958333333386,
    "islake": 0,
    "lakeId": 0,
    "RATEACV": 0.0,
    "RATEBCV": 0.0,
    "lake_Vol": 0.0
  }
}