{
  "data": {
    "BotElev": 156.0,
    "Length": 12044.981094529821,
    "OBJECTID": null,
    "PFAF": "3262651",
    "PFAF_CODE": 326265100000.0,
    "PF_TYPE": 4,
    "Shape_Leng": 0.12529611588,
    "Slope": 0.000332088524557,
    "TopElev": 160.0,
    "Tosegment": 3040697,
    "end_x": -115.74062500000008,
    "end_y": 63.10298611111119,
    "flow_acc": 17490.8,
    "seg_id": 3040425,
    "start_x": -115.81979166666679,
    "start_y": 63.15298611111109,
    "islake": 0,
    "lakeId": 0,
    "RATEACV": 0.0,
    "RATEBCV": 0.0,
    "lake_Vol": 0.0
  }
}