{
  "data": {
    "BotElev": 395.0,
    "Length": 17052.064050105102,
    "OBJECTID": null,
    "PFAF": "33827713",
    "PFAF_CODE": 338277130000.0,
    "PF_TYPE": 3,
    "Shape_Leng": 0.18940951288,
    "Slope": 0.0,
    "TopElev": 395.0,
    "Tosegment": 3040605,
    "end_x": -102.91791666632105,
    "end_y": 58.829583333104495,
    "flow_acc": 17538.7,
    "seg_id": 3040433,
    "start_x": -103.03791666662084,
    "start_y": 58.715416666546105,
    "islake": 0,
    "lakeId": 0,
    "RATEACV": 0.0,
    "RATEBCV": 0.0,
    "lake_Vol": 0.0
  }
}