{
  "data": {
    "BotElev": 726.0,
    "Length": 5982.619227462927,
    "OBJECTID": null,
    "PFAF": "342913",
    "PFAF_CODE": 342913000000.0,
    "PF_TYPE": 2,
    "Shape_Leng": 0.07043909328,
    "Slope": 0.0,
    "TopElev": 726.0,
    "Tosegment": 3041703,
    "end_x": -111.94958333333608,
    "end_y": 49.902083333334645,
    "flow_acc": 28220.8,
    "seg_id": 3041657,
    "start_x": -112.01208333333614,
    "start_y": 49.88791666666782,
    "islake": 0,
    "lakeId": 0,
    "RATEACV": 0.0,
    "RATEBCV": 0.0,
    "lake_Vol": 0.0
  }
}