{
  "data": {
    "BotElev": 233.0,
    "Length": 62571.368997556,
    "OBJECTID": null,
    "PFAF": "315255",
    "PFAF_CODE": 315255000000.0,
    "PF_TYPE": 3,
    "Shape_Leng": 0.5875076956,
    "Slope": 0.001390412282707,
    "TopElev": 320.0,
    "Tosegment": 3041303,
    "end_x": -127.67874999999884,
    "end_y": 55.349583333333214,
    "flow_acc": 23901.4,
    "seg_id": 3041281,
    "start_x": -127.69374999999889,
    "start_y": 55.69791666666657,
    "islake": 0,
    "lakeId": 0,
    "RATEACV": 0.0,
    "RATEBCV": 0.0,
    "lake_Vol": 0.0
  }
}