{
  "data": {
    "BotElev": 358.0,
    "Length": 23564.207050656543,
    "OBJECTID": null,
    "PFAF": "3269355",
    "PFAF_CODE": 326935500000.0,
    "PF_TYPE": 2,
    "Shape_Leng": 0.30546326326,
    "Slope": 8.4874487637e-05,
    "TopElev": 360.0,
    "Tosegment": 3041560,
    "end_x": -108.03437500000007,
    "end_y": 63.09673611111117,
    "flow_acc": 25805.2,
    "seg_id": 3041472,
    "start_x": -107.80312500000014,
    "start_y": 63.27590277777779,
    "islake": 0,
    "lakeId": 0,
    "RATEACV": 0.0,
    "RATEBCV": 0.0,
    "lake_Vol": 0.0
  }
}