{
  "data": {
    "BotElev": 399.0,
    "Length": 22428.448784888536,
    "OBJECTID": null,
    "PFAF": "329251",
    "PFAF_CODE": 329251000000.0,
    "PF_TYPE": 3,
    "Shape_Leng": 0.23695857369,
    "Slope": 0.000802552159208,
    "TopElev": 417.0,
    "Tosegment": 3041895,
    "end_x": -115.04687500000006,
    "end_y": 57.12381944444451,
    "flow_acc": 24417.8,
    "seg_id": 3041325,
    "start_x": -114.85729166666681,
    "start_y": 57.12590277777787,
    "islake": 0,
    "lakeId": 0,
    "RATEACV": 0.0,
    "RATEBCV": 0.0,
    "lake_Vol": 0.0
  }
}