{
  "data": {
    "BotElev": 277.0,
    "Length": 36740.253446964714,
    "OBJECTID": null,
    "PFAF": "3284611",
    "PFAF_CODE": 328461100000.0,
    "PF_TYPE": 4,
    "Shape_Leng": 0.41105970389,
    "Slope": -2.721810293e-05,
    "TopElev": 276.0,
    "Tosegment": 3042879,
    "end_x": -105.54270833333345,
    "end_y": 59.14673611111118,
    "flow_acc": 22249.3,
    "seg_id": 3041124,
    "start_x": -105.77812500000005,
    "start_y": 58.917569444444496,
    "islake": 0,
    "lakeId": 0,
    "RATEACV": 0.0,
    "RATEBCV": 0.0,
    "lake_Vol": 0.0
  }
}