{
  "data": {
    "BotElev": 602.0,
    "Length": 26578.09745791435,
    "OBJECTID": null,
    "PFAF": "3189619",
    "PFAF_CODE": 318961900000.0,
    "PF_TYPE": 4,
    "Shape_Leng": 0.30088834765,
    "Slope": 0.001429748689129,
    "TopElev": 640.0,
    "Tosegment": 3041804,
    "end_x": -135.11562500000014,
    "end_y": 61.12590277777781,
    "flow_acc": 29420.0,
    "seg_id": 3041747,
    "start_x": -135.18645833333323,
    "start_y": 60.85923611111116,
    "islake": 0,
    "lakeId": 0,
    "RATEACV": 0.0,
    "RATEBCV": 0.0,
    "lake_Vol": 0.0
  }
}