{
  "data": {
    "BotElev": 366.0,
    "Length": 98263.90652772751,
    "OBJECTID": null,
    "PFAF": "3382753",
    "PFAF_CODE": 338275300000.0,
    "PF_TYPE": 3,
    "Shape_Leng": 1.24044432385,
    "Slope": 0.000142473472659,
    "TopElev": 380.0,
    "Tosegment": 3041178,
    "end_x": -101.85541666664574,
    "end_y": 58.953750000362334,
    "flow_acc": 22059.8,
    "seg_id": 3041091,
    "start_x": -102.60124999998749,
    "start_y": 58.78208333337932,
    "islake": 0,
    "lakeId": 0,
    "RATEACV": 0.0,
    "RATEBCV": 0.0,
    "lake_Vol": 0.0
  }
}