{
  "data": {
    "BotElev": 263.0,
    "Length": 38955.140103207814,
    "OBJECTID": null,
    "PFAF": "3232155",
    "PFAF_CODE": 323215500000.0,
    "PF_TYPE": 3,
    "Shape_Leng": 0.51951569243,
    "Slope": 0.002181997029784,
    "TopElev": 348.0,
    "Tosegment": 3041060,
    "end_x": -125.9947916666668,
    "end_y": 64.24465277777779,
    "flow_acc": 21458.2,
    "seg_id": 3041018,
    "start_x": -126.45729166666678,
    "start_y": 64.22590277777783,
    "islake": 0,
    "lakeId": 0,
    "RATEACV": 0.0,
    "RATEBCV": 0.0,
    "lake_Vol": 0.0
  }
}