{
  "data": {
    "BotElev": 535.0,
    "Length": 14044.33685406604,
    "OBJECTID": null,
    "PFAF": "3424419",
    "PFAF_CODE": 342441900000.0,
    "PF_TYPE": 4,
    "Shape_Leng": 0.16809223176,
    "Slope": 0.000356015385558,
    "TopElev": 540.0,
    "Tosegment": 3041326,
    "end_x": -109.94291666667004,
    "end_y": 52.88458333333381,
    "flow_acc": 22359.3,
    "seg_id": 3041136,
    "start_x": -110.09375000000324,
    "start_y": 52.864583333333826,
    "islake": 0,
    "lakeId": 0,
    "RATEACV": 0.0,
    "RATEBCV": 0.0,
    "lake_Vol": 0.0
  }
}