{
  "data": {
    "BotElev": 287.0,
    "Length": 85093.9175875621,
    "OBJECTID": null,
    "PFAF": "32465",
    "PFAF_CODE": 324650000000.0,
    "PF_TYPE": 3,
    "Shape_Leng": 0.88703478187,
    "Slope": 0.0003407999164,
    "TopElev": 316.0,
    "Tosegment": 3042573,
    "end_x": -122.53854166666673,
    "end_y": 58.827986111111215,
    "flow_acc": 23272.2,
    "seg_id": 3041228,
    "start_x": -122.23020833333345,
    "start_y": 58.534236111111056,
    "islake": 0,
    "lakeId": 0,
    "RATEACV": 0.0,
    "RATEBCV": 0.0,
    "lake_Vol": 0.0
  }
}