{
  "data": {
    "BotElev": 698.0,
    "Length": 65235.57862260139,
    "OBJECTID": null,
    "PFAF": "3424791",
    "PFAF_CODE": 342479100000.0,
    "PF_TYPE": 3,
    "Shape_Leng": 0.63072258258,
    "Slope": 0.001027046918486,
    "TopElev": 765.0,
    "Tosegment": 3041337,
    "end_x": -114.71041666666878,
    "end_y": 53.3054166666671,
    "flow_acc": 22532.0,
    "seg_id": 3041161,
    "start_x": -115.03375000000204,
    "start_y": 53.060416666667095,
    "islake": 0,
    "lakeId": 0,
    "RATEACV": 0.0,
    "RATEBCV": 0.0,
    "lake_Vol": 0.0
  }
}