{
  "data": {
    "BotElev": 157.0,
    "Length": 25710.070095503608,
    "OBJECTID": null,
    "PFAF": "326931",
    "PFAF_CODE": 326931000000.0,
    "PF_TYPE": 2,
    "Shape_Leng": 0.38627961159,
    "Slope": 0.000622324246514,
    "TopElev": 173.0,
    "Tosegment": 3042004,
    "end_x": -109.55520833333344,
    "end_y": 62.74881944444451,
    "flow_acc": 29082.1,
    "seg_id": 3041716,
    "start_x": -109.21145833333338,
    "start_y": 62.70506944444446,
    "islake": 0,
    "lakeId": 0,
    "RATEACV": 0.0,
    "RATEBCV": 0.0,
    "lake_Vol": 0.0
  }
}