{
  "data": {
    "BotElev": 417.0,
    "Length": 98201.31429037914,
    "OBJECTID": null,
    "PFAF": "3292531",
    "PFAF_CODE": 329253100000.0,
    "PF_TYPE": 3,
    "Shape_Leng": 0.98825517028,
    "Slope": 0.00057025713357,
    "TopElev": 473.0,
    "Tosegment": 3041325,
    "end_x": -114.85729166666681,
    "end_y": 57.12590277777787,
    "flow_acc": 22750.1,
    "seg_id": 3041181,
    "start_x": -114.13645833333345,
    "start_y": 56.93631944444445,
    "islake": 0,
    "lakeId": 0,
    "RATEACV": 0.0,
    "RATEBCV": 0.0,
    "lake_Vol": 0.0
  }
}