{
  "data": {
    "BotElev": 210.0,
    "Length": 19050.511045614156,
    "OBJECTID": null,
    "PFAF": "315251",
    "PFAF_CODE": 315251000000.0,
    "PF_TYPE": 3,
    "Shape_Leng": 0.17643572619,
    "Slope": 0.001049840602812,
    "TopElev": 230.0,
    "Tosegment": 3042347,
    "end_x": -127.6729166666654,
    "end_y": 55.24374999999992,
    "flow_acc": 26430.3,
    "seg_id": 3041520,
    "start_x": -127.69124999999889,
    "start_y": 55.342083333333505,
    "islake": 0,
    "lakeId": 0,
    "RATEACV": 0.0,
    "RATEBCV": 0.0,
    "lake_Vol": 0.0
  }
}