{
  "data": {
    "BotElev": 243.0,
    "Length": 30215.102615640157,
    "OBJECTID": null,
    "PFAF": "328613",
    "PFAF_CODE": 328613000000.0,
    "PF_TYPE": 3,
    "Shape_Leng": 0.33472718241,
    "Slope": 0.000297864287091,
    "TopElev": 252.0,
    "Tosegment": 3041971,
    "end_x": -111.33437500000008,
    "end_y": 56.70715277777782,
    "flow_acc": 31699.3,
    "seg_id": 3041905,
    "start_x": -111.05520833333338,
    "start_y": 56.66548611111119,
    "islake": 0,
    "lakeId": 0,
    "RATEACV": 0.0,
    "RATEBCV": 0.0,
    "lake_Vol": 0.0
  }
}