{
  "data": {
    "BotElev": 640.0,
    "Length": 3323.8120028620615,
    "OBJECTID": null,
    "PFAF": "324959",
    "PFAF_CODE": 324959000000.0,
    "PF_TYPE": 2,
    "Shape_Leng": 0.02687394778,
    "Slope": 0.0,
    "TopElev": 640.0,
    "Tosegment": 3041878,
    "end_x": -129.01562500000006,
    "end_y": 60.17381944444446,
    "flow_acc": 30617.5,
    "seg_id": 3041820,
    "start_x": -129.03645833333348,
    "start_y": 60.18840277777775,
    "islake": 0,
    "lakeId": 0,
    "RATEACV": 0.0,
    "RATEBCV": 0.0,
    "lake_Vol": 0.0
  }
}