{
  "data": {
    "BotElev": 173.0,
    "Length": 18136.950538271252,
    "OBJECTID": null,
    "PFAF": "326933",
    "PFAF_CODE": 326933000000.0,
    "PF_TYPE": 2,
    "Shape_Leng": 0.27344757082,
    "Slope": -0.000385952422665,
    "TopElev": 166.0,
    "Tosegment": 3041716,
    "end_x": -109.21145833333338,
    "end_y": 62.70506944444446,
    "flow_acc": 28223.2,
    "seg_id": 3041658,
    "start_x": -108.97395833333348,
    "start_y": 62.775902777777844,
    "islake": 0,
    "lakeId": 0,
    "RATEACV": 0.0,
    "RATEBCV": 0.0,
    "lake_Vol": 0.0
  }
}