{
  "data": {
    "BotElev": 323.0,
    "Length": 4963.529237832898,
    "OBJECTID": null,
    "PFAF": "321277",
    "PFAF_CODE": 321277000000.0,
    "PF_TYPE": 3,
    "Shape_Leng": 0.08255711875,
    "Slope": 0.00181322594645,
    "TopElev": 332.0,
    "Tosegment": 3041485,
    "end_x": -136.31979166666673,
    "end_y": 65.8696527777779,
    "flow_acc": 24981.9,
    "seg_id": 3041387,
    "start_x": -136.3864583333334,
    "start_y": 65.83423611111112,
    "islake": 0,
    "lakeId": 0,
    "RATEACV": 0.0,
    "RATEBCV": 0.0,
    "lake_Vol": 0.0
  }
}