{
  "data": {
    "BotElev": 301.0,
    "Length": 82823.04605882276,
    "OBJECTID": null,
    "PFAF": "324231",
    "PFAF_CODE": 324231000000.0,
    "PF_TYPE": 3,
    "Shape_Leng": 0.85989012093,
    "Slope": 0.000555400968558,
    "TopElev": 347.0,
    "Tosegment": 3041973,
    "end_x": -124.51979166666678,
    "end_y": 61.25715277777789,
    "flow_acc": 29630.1,
    "seg_id": 3041766,
    "start_x": -125.11562500000008,
    "start_y": 61.45923611111118,
    "islake": 0,
    "lakeId": 0,
    "RATEACV": 0.0,
    "RATEBCV": 0.0,
    "lake_Vol": 0.0
  }
}