{
  "data": {
    "BotElev": 157.0,
    "Length": 59157.9391159907,
    "OBJECTID": null,
    "PFAF": "326275",
    "PFAF_CODE": 326275000000.0,
    "PF_TYPE": 3,
    "Shape_Leng": 0.55980339059,
    "Slope": 0.000118327313368,
    "TopElev": 164.0,
    "Tosegment": 3041575,
    "end_x": -116.25104166666665,
    "end_y": 62.994652777777844,
    "flow_acc": 25384.7,
    "seg_id": 3041430,
    "start_x": -116.54895833333342,
    "start_y": 63.25715277777783,
    "islake": 0,
    "lakeId": 0,
    "RATEACV": 0.0,
    "RATEBCV": 0.0,
    "lake_Vol": 0.0
  }
}