{
  "data": {
    "BotElev": 59.0,
    "Length": 46856.1899901307,
    "OBJECTID": null,
    "PFAF": "3155615",
    "PFAF_CODE": 315561500000.0,
    "PF_TYPE": 4,
    "Shape_Leng": 0.54731391275,
    "Slope": 0.000554889332775,
    "TopElev": 85.0,
    "Tosegment": 3041444,
    "end_x": -138.2489583333333,
    "end_y": 59.365486111111125,
    "flow_acc": 24507.7,
    "seg_id": 3041333,
    "start_x": -137.77395833333344,
    "start_y": 59.4738194444447,
    "islake": 0,
    "lakeId": 0,
    "RATEACV": 0.0,
    "RATEBCV": 0.0,
    "lake_Vol": 0.0
  }
}