{
  "data": {
    "BotElev": 180.0,
    "Length": 683.2954644889123,
    "OBJECTID": null,
    "PFAF": "3224551",
    "PFAF_CODE": 322455100000.0,
    "PF_TYPE": 3,
    "Shape_Leng": 0.00797588984,
    "Slope": -0.001463495737891,
    "TopElev": 179.0,
    "Tosegment": 3041343,
    "end_x": -118.28854166666679,
    "end_y": 65.18840277777781,
    "flow_acc": 22995.0,
    "seg_id": 3041201,
    "start_x": -118.2927083333334,
    "start_y": 65.18215277777779,
    "islake": 0,
    "lakeId": 0,
    "RATEACV": 0.0,
    "RATEBCV": 0.0,
    "lake_Vol": 0.0
  }
}