{
  "data": {
    "BotElev": 188.0,
    "Length": 27394.848324035647,
    "OBJECTID": null,
    "PFAF": "336733",
    "PFAF_CODE": 336733000000.0,
    "PF_TYPE": 2,
    "Shape_Leng": 0.26454740853,
    "Slope": 0.001058593194493,
    "TopElev": 217.0,
    "Tosegment": 3041821,
    "end_x": -104.69062500044339,
    "end_y": 63.35090277754114,
    "flow_acc": 29285.8,
    "seg_id": 3041733,
    "start_x": -104.69895833346027,
    "start_y": 63.190486111345024,
    "islake": 0,
    "lakeId": 0,
    "RATEACV": 0.0,
    "RATEBCV": 0.0,
    "lake_Vol": 0.0
  }
}