{
  "data": {
    "BotElev": 652.0,
    "Length": 32435.504946284105,
    "OBJECTID": null,
    "PFAF": "328955",
    "PFAF_CODE": 328955000000.0,
    "PF_TYPE": 2,
    "Shape_Leng": 0.36303090416,
    "Slope": 0.000955742790234,
    "TopElev": 683.0,
    "Tosegment": 3041983,
    "end_x": -115.34270833333346,
    "end_y": 54.163402777777776,
    "flow_acc": 32100.3,
    "seg_id": 3041943,
    "start_x": -115.67187500000011,
    "start_y": 54.16131944444453,
    "islake": 0,
    "lakeId": 0,
    "RATEACV": 0.0,
    "RATEBCV": 0.0,
    "lake_Vol": 0.0
  }
}