{
  "data": {
    "BotElev": 217.0,
    "Length": 33614.557726110594,
    "OBJECTID": null,
    "PFAF": "334917",
    "PFAF_CODE": 334917000000.0,
    "PF_TYPE": 2,
    "Shape_Leng": 0.46052879917,
    "Slope": 0.00127920766801,
    "TopElev": 260.0,
    "Tosegment": 3041359,
    "end_x": -105.97604166708919,
    "end_y": 65.17590277749127,
    "flow_acc": 23698.5,
    "seg_id": 3041265,
    "start_x": -106.33854166636479,
    "start_y": 65.24256944432443,
    "islake": 0,
    "lakeId": 0,
    "RATEACV": 0.0,
    "RATEBCV": 0.0,
    "lake_Vol": 0.0
  }
}