{
  "data": {
    "BotElev": 72.0,
    "Length": 72771.81650787701,
    "OBJECTID": null,
    "PFAF": "33233",
    "PFAF_CODE": 332330000000.0,
    "PF_TYPE": 2,
    "Shape_Leng": 1.15426827437,
    "Slope": 0.00067333759622,
    "TopElev": 121.0,
    "Tosegment": 3042182,
    "end_x": -127.68437499990631,
    "end_y": 68.38423611130747,
    "flow_acc": 33467.4,
    "seg_id": 3042026,
    "start_x": -126.78854166686432,
    "start_y": 68.55090277794096,
    "islake": 0,
    "lakeId": 0,
    "RATEACV": 0.0,
    "RATEBCV": 0.0,
    "lake_Vol": 0.0
  }
}