{
  "data": {
    "BotElev": 452.0,
    "Length": 36442.54223597178,
    "OBJECTID": null,
    "PFAF": "349737",
    "PFAF_CODE": 349737000000.0,
    "PF_TYPE": 1,
    "Shape_Leng": 0.45821663035,
    "Slope": 0.000439047306206,
    "TopElev": 468.0,
    "Tosegment": 3042383,
    "end_x": -102.82458333333847,
    "end_y": 50.64208333333448,
    "flow_acc": 39043.0,
    "seg_id": 3042348,
    "start_x": -103.22541666667166,
    "start_y": 50.52875000000114,
    "islake": 0,
    "lakeId": 0,
    "RATEACV": 0.0,
    "RATEBCV": 0.0,
    "lake_Vol": 0.0
  }
}