{
  "data": {
    "BotElev": 344.0,
    "Length": 15983.437795332664,
    "OBJECTID": null,
    "PFAF": "329233",
    "PFAF_CODE": 329233000000.0,
    "PF_TYPE": 3,
    "Shape_Leng": 0.17071067812,
    "Slope": 0.00162668384192,
    "TopElev": 370.0,
    "Tosegment": 3042157,
    "end_x": -115.39687500000014,
    "end_y": 57.60090277777783,
    "flow_acc": 34399.3,
    "seg_id": 3042084,
    "start_x": -115.49062500000014,
    "start_y": 57.52381944444443,
    "islake": 0,
    "lakeId": 0,
    "RATEACV": 0.0,
    "RATEBCV": 0.0,
    "lake_Vol": 0.0
  }
}