{
  "data": {
    "BotElev": 157.0,
    "Length": 11651.616250915074,
    "OBJECTID": null,
    "PFAF": "326711",
    "PFAF_CODE": 326711000000.0,
    "PF_TYPE": 2,
    "Shape_Leng": 0.16806051575,
    "Slope": -8.5825003027e-05,
    "TopElev": 156.0,
    "Tosegment": 3043217,
    "end_x": -112.27604166666674,
    "end_y": 62.15923611111117,
    "flow_acc": 48769.3,
    "seg_id": 3042742,
    "start_x": -112.1364583333334,
    "start_y": 62.227986111111136,
    "islake": 0,
    "lakeId": 0,
    "RATEACV": 0.0,
    "RATEBCV": 0.0,
    "lake_Vol": 0.0
  }
}