{
  "data": {
    "BotElev": 335.0,
    "Length": 4406.195318799437,
    "OBJECTID": null,
    "PFAF": "3382715",
    "PFAF_CODE": 338271500000.0,
    "PF_TYPE": 3,
    "Shape_Leng": 0.05989171522,
    "Slope": 0.0,
    "TopElev": 335.0,
    "Tosegment": 3042136,
    "end_x": -102.20124999988752,
    "end_y": 57.53041666639609,
    "flow_acc": 34867.8,
    "seg_id": 3042120,
    "start_x": -102.15041666659585,
    "start_y": 57.54875000011248,
    "islake": 0,
    "lakeId": 0,
    "RATEACV": 0.0,
    "RATEBCV": 0.0,
    "lake_Vol": 0.0
  }
}