{
  "data": {
    "BotElev": 635.0,
    "Length": 24340.977912050184,
    "OBJECTID": null,
    "PFAF": "342631",
    "PFAF_CODE": 342631000000.0,
    "PF_TYPE": 3,
    "Shape_Leng": 0.24513876853,
    "Slope": 4.1082983749e-05,
    "TopElev": 636.0,
    "Tosegment": 3042338,
    "end_x": -111.60625000000289,
    "end_y": 50.82458333333432,
    "flow_acc": 34927.6,
    "seg_id": 3042123,
    "start_x": -111.81375000000287,
    "start_y": 50.842083333334415,
    "islake": 0,
    "lakeId": 0,
    "RATEACV": 0.0,
    "RATEBCV": 0.0,
    "lake_Vol": 0.0
  }
}