{
  "data": {
    "BotElev": 61.0,
    "Length": 110560.69759807378,
    "OBJECTID": null,
    "PFAF": "315231",
    "PFAF_CODE": 315231000000.0,
    "PF_TYPE": 3,
    "Shape_Leng": 1.14229286844,
    "Slope": 0.000967794182965,
    "TopElev": 168.0,
    "Tosegment": 3042648,
    "end_x": -128.48874999999856,
    "end_y": 54.547916666666765,
    "flow_acc": 43165.7,
    "seg_id": 3042522,
    "start_x": -128.07041666666544,
    "start_y": 55.09874999999988,
    "islake": 0,
    "lakeId": 0,
    "RATEACV": 0.0,
    "RATEBCV": 0.0,
    "lake_Vol": 0.0
  }
}