{
  "data": {
    "BotElev": 163.0,
    "Length": 16786.543837844863,
    "OBJECTID": null,
    "PFAF": "321253",
    "PFAF_CODE": 321253000000.0,
    "PF_TYPE": 3,
    "Shape_Leng": 0.26044206939,
    "Slope": 0.002561575534272,
    "TopElev": 206.0,
    "Tosegment": 3042333,
    "end_x": -135.0718750000001,
    "end_y": 65.9050694444445,
    "flow_acc": 38321.7,
    "seg_id": 3042301,
    "start_x": -135.30312500000014,
    "start_y": 65.84048611111115,
    "islake": 0,
    "lakeId": 0,
    "RATEACV": 0.0,
    "RATEBCV": 0.0,
    "lake_Vol": 0.0
  }
}