{
  "data": {
    "BotElev": 252.0,
    "Length": 56010.02992620178,
    "OBJECTID": null,
    "PFAF": "318675",
    "PFAF_CODE": 318675000000.0,
    "PF_TYPE": 3,
    "Shape_Leng": 0.84412232406,
    "Slope": 0.00023210128645,
    "TopElev": 265.0,
    "Tosegment": 3042432,
    "end_x": -139.15312500000005,
    "end_y": 67.5467361111111,
    "flow_acc": 39498.6,
    "seg_id": 3042363,
    "start_x": -138.48645833333336,
    "start_y": 67.55923611111137,
    "islake": 0,
    "lakeId": 0,
    "RATEACV": 0.0,
    "RATEBCV": 0.0,
    "lake_Vol": 0.0
  }
}