{
  "data": {
    "BotElev": 300.0,
    "Length": 20052.783538982716,
    "OBJECTID": null,
    "PFAF": "3274517",
    "PFAF_CODE": 327451700000.0,
    "PF_TYPE": 3,
    "Shape_Leng": 0.26680420245,
    "Slope": 0.000149605165496,
    "TopElev": 303.0,
    "Tosegment": 3042420,
    "end_x": -117.25729166666673,
    "end_y": 59.39465277777788,
    "flow_acc": 40249.8,
    "seg_id": 3042403,
    "start_x": -117.4343750000001,
    "start_y": 59.2134027777779,
    "islake": 0,
    "lakeId": 0,
    "RATEACV": 0.0,
    "RATEBCV": 0.0,
    "lake_Vol": 0.0
  }
}