{
  "data": {
    "BotElev": 280.0,
    "Length": 52228.43881816959,
    "OBJECTID": null,
    "PFAF": "3274355",
    "PFAF_CODE": 327435500000.0,
    "PF_TYPE": 3,
    "Shape_Leng": 0.62882410375,
    "Slope": 0.000229759883151,
    "TopElev": 292.0,
    "Tosegment": 3043008,
    "end_x": -116.69895833333345,
    "end_y": 60.12590277777781,
    "flow_acc": 54652.4,
    "seg_id": 3042992,
    "start_x": -117.0302083333334,
    "start_y": 59.86756944444443,
    "islake": 0,
    "lakeId": 0,
    "RATEACV": 0.0,
    "RATEBCV": 0.0,
    "lake_Vol": 0.0
  }
}