{
  "data": {
    "BotElev": 249.0,
    "Length": 27432.835491848706,
    "OBJECTID": null,
    "PFAF": "3334313",
    "PFAF_CODE": 333431300000.0,
    "PF_TYPE": 3,
    "Shape_Leng": 0.24659902628,
    "Slope": 0.000546789995677,
    "TopElev": 264.0,
    "Tosegment": 3042574,
    "end_x": -116.34895833356023,
    "end_y": 66.95298611102038,
    "flow_acc": 43737.2,
    "seg_id": 3042548,
    "start_x": -116.20312499991871,
    "start_y": 66.79881944436187,
    "islake": 0,
    "lakeId": 0,
    "RATEACV": 0.0,
    "RATEBCV": 0.0,
    "lake_Vol": 0.0
  }
}