{
  "data": {
    "BotElev": 2.0,
    "Length": 17888.126393099454,
    "OBJECTID": null,
    "PFAF": "3152111",
    "PFAF_CODE": 315211100000.0,
    "PF_TYPE": 3,
    "Shape_Leng": 0.21856601718,
    "Slope": 0.000223612015708,
    "TopElev": 6.0,
    "Tosegment": -9999,
    "end_x": -129.5812499999983,
    "end_y": 54.2104166666669,
    "flow_acc": 52666.6,
    "seg_id": 3042930,
    "start_x": -129.3987499999983,
    "start_y": 54.2787500000004,
    "islake": 0,
    "lakeId": 0,
    "RATEACV": 0.0,
    "RATEBCV": 0.0,
    "lake_Vol": 0.0
  }
}