{
  "data": {
    "BotElev": 687.0,
    "Length": 1451.116739681589,
    "OBJECTID": null,
    "PFAF": "32991",
    "PFAF_CODE": 329910000000.0,
    "PF_TYPE": 1,
    "Shape_Leng": 0.01839255651,
    "Slope": -0.020673732980699,
    "TopElev": 657.0,
    "Tosegment": 3043381,
    "end_x": -123.74062500000008,
    "end_y": 56.03215277777781,
    "flow_acc": 34739.3,
    "seg_id": 3042109,
    "start_x": -123.75729166666679,
    "start_y": 56.027986111111204,
    "islake": 0,
    "lakeId": 0,
    "RATEACV": 0.0,
    "RATEBCV": 0.0,
    "lake_Vol": 0.0
  }
}