{
  "data": {
    "BotElev": 593.0,
    "Length": 37662.14886513009,
    "OBJECTID": null,
    "PFAF": "3189711",
    "PFAF_CODE": 318971100000.0,
    "PF_TYPE": 2,
    "Shape_Leng": 0.38424708371,
    "Slope": 0.001221385433017,
    "TopElev": 639.0,
    "Tosegment": 3043452,
    "end_x": -134.89687500000008,
    "end_y": 61.58006944444463,
    "flow_acc": 36942.5,
    "seg_id": 3042236,
    "start_x": -134.65520833333346,
    "start_y": 61.43631944444445,
    "islake": 0,
    "lakeId": 0,
    "RATEACV": 0.0,
    "RATEBCV": 0.0,
    "lake_Vol": 0.0
  }
}