{
  "data": {
    "BotElev": 419.0,
    "Length": 14935.206440903135,
    "OBJECTID": null,
    "PFAF": "31291",
    "PFAF_CODE": 312910000000.0,
    "PF_TYPE": 2,
    "Shape_Leng": 0.17966077426,
    "Slope": 0.002209544282537,
    "TopElev": 452.0,
    "Tosegment": 3043729,
    "end_x": -117.65291666666815,
    "end_y": 49.3154166666684,
    "flow_acc": 50722.5,
    "seg_id": 3042838,
    "start_x": -117.52708333333482,
    "start_y": 49.41708333333486,
    "islake": 0,
    "lakeId": 0,
    "RATEACV": 0.0,
    "RATEBCV": 0.0,
    "lake_Vol": 0.0
  }
}