{
  "data": {
    "BotElev": 392.0,
    "Length": 11343.144476218498,
    "OBJECTID": null,
    "PFAF": "3188133",
    "PFAF_CODE": 318813300000.0,
    "PF_TYPE": 3,
    "Shape_Leng": 0.1526755651,
    "Slope": -0.000705271806841,
    "TopElev": 384.0,
    "Tosegment": 3042835,
    "end_x": -138.70937499999997,
    "end_y": 63.25715277777783,
    "flow_acc": 49873.3,
    "seg_id": 3042797,
    "start_x": -138.57395833333334,
    "start_y": 63.28215277777798,
    "islake": 0,
    "lakeId": 0,
    "RATEACV": 0.0,
    "RATEBCV": 0.0,
    "lake_Vol": 0.0
  }
}