{
  "data": {
    "BotElev": 555.0,
    "Length": 1652.4795915107734,
    "OBJECTID": null,
    "PFAF": "328913",
    "PFAF_CODE": 328913000000.0,
    "PF_TYPE": 2,
    "Shape_Leng": 0.02220177969,
    "Slope": 0.000605151195293,
    "TopElev": 556.0,
    "Tosegment": 3042934,
    "end_x": -114.09270833333335,
    "end_y": 55.0467361111111,
    "flow_acc": 52405.8,
    "seg_id": 3042920,
    "start_x": -114.11145833333342,
    "start_y": 55.03840277777789,
    "islake": 0,
    "lakeId": 0,
    "RATEACV": 0.0,
    "RATEBCV": 0.0,
    "lake_Vol": 0.0
  }
}