{
  "data": {
    "BotElev": 243.0,
    "Length": 86153.98542802906,
    "OBJECTID": null,
    "PFAF": "3246131",
    "PFAF_CODE": 324613100000.0,
    "PF_TYPE": 3,
    "Shape_Leng": 0.80852167457,
    "Slope": 0.00020892823368,
    "TopElev": 261.0,
    "Tosegment": 3043011,
    "end_x": -124.00729166666673,
    "end_y": 59.49256944444443,
    "flow_acc": 54159.6,
    "seg_id": 3042980,
    "start_x": -123.4031250000001,
    "start_y": 59.21756944444451,
    "islake": 0,
    "lakeId": 0,
    "RATEACV": 0.0,
    "RATEBCV": 0.0,
    "lake_Vol": 0.0
  }
}