{
  "data": {
    "BotElev": 574.0,
    "Length": 24710.273245291006,
    "OBJECTID": null,
    "PFAF": "324951",
    "PFAF_CODE": 324951000000.0,
    "PF_TYPE": 2,
    "Shape_Leng": 0.23588624322,
    "Slope": 0.002670953871891,
    "TopElev": 640.0,
    "Tosegment": 3042758,
    "end_x": -128.48645833333342,
    "end_y": 59.91548611111108,
    "flow_acc": 33371.4,
    "seg_id": 3042022,
    "start_x": -128.61562500000002,
    "start_y": 60.02173611111124,
    "islake": 0,
    "lakeId": 0,
    "RATEACV": 0.0,
    "RATEBCV": 0.0,
    "lake_Vol": 0.0
  }
}