{
  "data": {
    "BotElev": 269.0,
    "Length": 10308.405970633683,
    "OBJECTID": null,
    "PFAF": "3246171",
    "PFAF_CODE": 324617100000.0,
    "PF_TYPE": 3,
    "Shape_Leng": 0.10928300859,
    "Slope": 9.7008208917e-05,
    "TopElev": 270.0,
    "Tosegment": 3042832,
    "end_x": -123.0572916666668,
    "end_y": 59.20506944444446,
    "flow_acc": 49978.9,
    "seg_id": 3042806,
    "start_x": -122.9635416666668,
    "start_y": 59.19673611111119,
    "islake": 0,
    "lakeId": 0,
    "RATEACV": 0.0,
    "RATEBCV": 0.0,
    "lake_Vol": 0.0
  }
}