{
  "data": {
    "BotElev": 162.0,
    "Length": 9003.91566156932,
    "OBJECTID": null,
    "PFAF": "32675",
    "PFAF_CODE": 326750000000.0,
    "PF_TYPE": 2,
    "Shape_Leng": 0.13636634192,
    "Slope": -0.000555313953166,
    "TopElev": 157.0,
    "Tosegment": 3042690,
    "end_x": -111.8406250000001,
    "end_y": 62.350902777777776,
    "flow_acc": 44286.2,
    "seg_id": 3042568,
    "start_x": -111.71979166666677,
    "start_y": 62.3884027777778,
    "islake": 0,
    "lakeId": 0,
    "RATEACV": 0.0,
    "RATEBCV": 0.0,
    "lake_Vol": 0.0
  }
}