{
  "data": {
    "BotElev": 415.0,
    "Length": 31232.4295394311,
    "OBJECTID": null,
    "PFAF": "33871",
    "PFAF_CODE": 338710000000.0,
    "PF_TYPE": 2,
    "Shape_Leng": 0.23148057993,
    "Slope": 3.2018002273e-05,
    "TopElev": 416.0,
    "Tosegment": 3043598,
    "end_x": -107.7945833332542,
    "end_y": 55.45625000033738,
    "flow_acc": 50990.9,
    "seg_id": 3042850,
    "start_x": -107.64458333355395,
    "start_y": 55.31375000026247,
    "islake": 0,
    "lakeId": 0,
    "RATEACV": 0.0,
    "RATEBCV": 0.0,
    "lake_Vol": 0.0
  }
}