{
  "data": {
    "BotElev": 270.0,
    "Length": 14026.989130952881,
    "OBJECTID": null,
    "PFAF": "324615",
    "PFAF_CODE": 324615000000.0,
    "PF_TYPE": 3,
    "Shape_Leng": 0.13758673033,
    "Slope": -7.1291136727e-05,
    "TopElev": 269.0,
    "Tosegment": 3042932,
    "end_x": -123.17187500000011,
    "end_y": 59.24048611111124,
    "flow_acc": 50490.4,
    "seg_id": 3042832,
    "start_x": -123.0572916666668,
    "start_y": 59.20506944444446,
    "islake": 0,
    "lakeId": 0,
    "RATEACV": 0.0,
    "RATEBCV": 0.0,
    "lake_Vol": 0.0
  }
}