{
  "data": {
    "BotElev": 140.0,
    "Length": 16811.567572110813,
    "OBJECTID": null,
    "PFAF": "3365951",
    "PFAF_CODE": 336595100000.0,
    "PF_TYPE": 2,
    "Shape_Leng": 0.22746617947,
    "Slope": 0.0,
    "TopElev": 140.0,
    "Tosegment": 3042840,
    "end_x": -103.5281250000686,
    "end_y": 64.29465277790342,
    "flow_acc": 49154.6,
    "seg_id": 3042759,
    "start_x": -103.69687500018108,
    "start_y": 64.21548611109523,
    "islake": 0,
    "lakeId": 0,
    "RATEACV": 0.0,
    "RATEBCV": 0.0,
    "lake_Vol": 0.0
  }
}