{
  "data": {
    "BotElev": 161.0,
    "Length": 20290.980068898185,
    "OBJECTID": null,
    "PFAF": "334753",
    "PFAF_CODE": 334753000000.0,
    "PF_TYPE": 2,
    "Shape_Leng": 0.22216585409,
    "Slope": 0.000443546835561,
    "TopElev": 170.0,
    "Tosegment": 3042867,
    "end_x": -103.21354166631477,
    "end_y": 65.54465277810334,
    "flow_acc": 50049.3,
    "seg_id": 3042811,
    "start_x": -103.26354166711417,
    "start_y": 65.43423611090793,
    "islake": 0,
    "lakeId": 0,
    "RATEACV": 0.0,
    "RATEBCV": 0.0,
    "lake_Vol": 0.0
  }
}