{
  "data": {
    "BotElev": 1.0,
    "Length": 48320.450329994404,
    "OBJECTID": null,
    "PFAF": "315411",
    "PFAF_CODE": 315411000000.0,
    "PF_TYPE": 3,
    "Shape_Leng": 0.48789598342,
    "Slope": 6.2085514094e-05,
    "TopElev": 4.0,
    "Tosegment": -9999,
    "end_x": -132.24958333333097,
    "end_y": 56.68374999999958,
    "flow_acc": 51613.8,
    "seg_id": 3042882,
    "start_x": -131.8120833333311,
    "start_y": 56.67708333333286,
    "islake": 0,
    "lakeId": 0,
    "RATEACV": 0.0,
    "RATEBCV": 0.0,
    "lake_Vol": 0.0
  }
}