{
  "data": {
    "BotElev": 176.0,
    "Length": 20392.669692065065,
    "OBJECTID": null,
    "PFAF": "3347913",
    "PFAF_CODE": 334791300000.0,
    "PF_TYPE": 2,
    "Shape_Leng": 0.35469757013,
    "Slope": 0.000147111684998,
    "TopElev": 179.0,
    "Tosegment": 3042579,
    "end_x": -103.6864583336851,
    "end_y": 65.27381944471165,
    "flow_acc": 43989.2,
    "seg_id": 3042556,
    "start_x": -104.01354166651458,
    "start_y": 65.20715277787849,
    "islake": 0,
    "lakeId": 0,
    "RATEACV": 0.0,
    "RATEBCV": 0.0,
    "lake_Vol": 0.0
  }
}