{
  "data": {
    "BotElev": 274.0,
    "Length": 37905.00273444374,
    "OBJECTID": null,
    "PFAF": "3334353",
    "PFAF_CODE": 333435300000.0,
    "PF_TYPE": 3,
    "Shape_Leng": 0.49868235873,
    "Slope": 0.0,
    "TopElev": 274.0,
    "Tosegment": 3042467,
    "end_x": -115.16354166671448,
    "end_y": 66.69048611154489,
    "flow_acc": 40626.4,
    "seg_id": 3042425,
    "start_x": -114.71145833323538,
    "start_y": 66.57798611087043,
    "islake": 0,
    "lakeId": 0,
    "RATEACV": 0.0,
    "RATEBCV": 0.0,
    "lake_Vol": 0.0
  }
}