{
  "data": {
    "BotElev": 573.0,
    "Length": 19533.08777118727,
    "OBJECTID": null,
    "PFAF": "3426111",
    "PFAF_CODE": 342611100000.0,
    "PF_TYPE": 3,
    "Shape_Leng": 0.18688918942,
    "Slope": 0.000255975914232,
    "TopElev": 578.0,
    "Tosegment": 3043946,
    "end_x": -109.88041666666993,
    "end_y": 50.92375000000095,
    "flow_acc": 44750.0,
    "seg_id": 3042589,
    "start_x": -110.01208333333659,
    "start_y": 50.9670833333343,
    "islake": 0,
    "lakeId": 0,
    "RATEACV": 0.0,
    "RATEBCV": 0.0,
    "lake_Vol": 0.0
  }
}