{
  "data": {
    "BotElev": 522.0,
    "Length": 23241.07975957102,
    "OBJECTID": null,
    "PFAF": "34247135",
    "PFAF_CODE": 342471350000.0,
    "PF_TYPE": 3,
    "Shape_Leng": 0.30639682519,
    "Slope": 0.000258163564777,
    "TopElev": 528.0,
    "Tosegment": 3042672,
    "end_x": -110.8904166666697,
    "end_y": 53.86125000000021,
    "flow_acc": 46159.9,
    "seg_id": 3042640,
    "start_x": -111.15125000000302,
    "start_y": 53.75125000000031,
    "islake": 0,
    "lakeId": 0,
    "RATEACV": 0.0,
    "RATEBCV": 0.0,
    "lake_Vol": 0.0
  }
}