{
  "data": {
    "BotElev": 333.0,
    "Length": 50334.70385249047,
    "OBJECTID": null,
    "PFAF": "324753",
    "PFAF_CODE": 324753000000.0,
    "PF_TYPE": 2,
    "Shape_Leng": 0.56040614451,
    "Slope": 0.000695345304952,
    "TopElev": 368.0,
    "Tosegment": 3043980,
    "end_x": -125.0260416666668,
    "end_y": 59.355069444444496,
    "flow_acc": 108962.0,
    "seg_id": 3043963,
    "start_x": -125.48020833333345,
    "start_y": 59.31756944444447,
    "islake": 0,
    "lakeId": 0,
    "RATEACV": 0.0,
    "RATEBCV": 0.0,
    "lake_Vol": 0.0
  }
}