{
  "data": {
    "BotElev": 157.0,
    "Length": 8396.0238886446,
    "OBJECTID": null,
    "PFAF": "326235",
    "PFAF_CODE": 326235000000.0,
    "PF_TYPE": 3,
    "Shape_Leng": 0.06187184335,
    "Slope": 0.0,
    "TopElev": 157.0,
    "Tosegment": 3043142,
    "end_x": -115.13645833333345,
    "end_y": 62.434236111111204,
    "flow_acc": 58390.5,
    "seg_id": 3043101,
    "start_x": -115.18020833333338,
    "start_y": 62.47798611111125,
    "islake": 0,
    "lakeId": 0,
    "RATEACV": 0.0,
    "RATEBCV": 0.0,
    "lake_Vol": 0.0
  }
}