{
  "data": {
    "BotElev": 393.0,
    "Length": 35618.98017549071,
    "OBJECTID": null,
    "PFAF": "338575",
    "PFAF_CODE": 338575000000.0,
    "PF_TYPE": 2,
    "Shape_Leng": 0.31047973765,
    "Slope": 8.4224758407e-05,
    "TopElev": 396.0,
    "Tosegment": 3043746,
    "end_x": -107.11875000031222,
    "end_y": 55.9079166662213,
    "flow_acc": 88820.8999998,
    "seg_id": 3043733,
    "start_x": -107.31374999956279,
    "start_y": 55.96791666682083,
    "islake": 0,
    "lakeId": 0,
    "RATEACV": 0.0,
    "RATEBCV": 0.0,
    "lake_Vol": 0.0
  }
}