{
  "data": {
    "BotElev": 456.0,
    "Length": 43059.30634412977,
    "OBJECTID": null,
    "PFAF": "3189533",
    "PFAF_CODE": 318953300000.0,
    "PF_TYPE": 2,
    "Shape_Leng": 0.39397426612,
    "Slope": 0.000278685399716,
    "TopElev": 468.0,
    "Tosegment": 3043786,
    "end_x": -136.88645833333345,
    "end_y": 62.59048611111109,
    "flow_acc": 93045.8,
    "seg_id": 3043782,
    "start_x": -136.58645833333344,
    "start_y": 62.384236111111136,
    "islake": 0,
    "lakeId": 0,
    "RATEACV": 0.0,
    "RATEBCV": 0.0,
    "lake_Vol": 0.0
  }
}