{
  "data": {
    "BotElev": 470.0,
    "Length": 10522.310225715928,
    "OBJECTID": null,
    "PFAF": "324791",
    "PFAF_CODE": 324791000000.0,
    "PF_TYPE": 2,
    "Shape_Leng": 0.14089045208,
    "Slope": 0.00066525314782,
    "TopElev": 477.0,
    "Tosegment": 3043853,
    "end_x": -126.95312500000006,
    "end_y": 59.65298611111109,
    "flow_acc": 89306.6,
    "seg_id": 3043737,
    "start_x": -127.07604166666681,
    "start_y": 59.61548611111107,
    "islake": 0,
    "lakeId": 0,
    "RATEACV": 0.0,
    "RATEBCV": 0.0,
    "lake_Vol": 0.0
  }
}