{
  "data": {
    "BotElev": 464.0,
    "Length": 52514.06970095068,
    "OBJECTID": null,
    "PFAF": "3424551",
    "PFAF_CODE": 342455100000.0,
    "PF_TYPE": 3,
    "Shape_Leng": 0.45745268128,
    "Slope": 0.000209467673381,
    "TopElev": 475.0,
    "Tosegment": 3043348,
    "end_x": -108.53375000000369,
    "end_y": 52.934583333333876,
    "flow_acc": 62949.1,
    "seg_id": 3043258,
    "start_x": -108.92208333333684,
    "start_y": 53.09791666666712,
    "islake": 0,
    "lakeId": 0,
    "RATEACV": 0.0,
    "RATEBCV": 0.0,
    "lake_Vol": 0.0
  }
}