{
  "data": {
    "BotElev": 233.0,
    "Length": 10553.48878969139,
    "OBJECTID": null,
    "PFAF": "32871",
    "PFAF_CODE": 328710000000.0,
    "PF_TYPE": 2,
    "Shape_Leng": 0.07270728112,
    "Slope": 0.000284266185314,
    "TopElev": 236.0,
    "Tosegment": 3044124,
    "end_x": -111.40520833333346,
    "end_y": 56.7967361111111,
    "flow_acc": 102020.0,
    "seg_id": 3043881,
    "start_x": -111.39895833333344,
    "start_y": 56.73006944444455,
    "islake": 0,
    "lakeId": 0,
    "RATEACV": 0.0,
    "RATEBCV": 0.0,
    "lake_Vol": 0.0
  }
}