{
  "data": {
    "BotElev": 209.0,
    "Length": 1157.5304347822298,
    "OBJECTID": null,
    "PFAF": "328419",
    "PFAF_CODE": 328419000000.0,
    "PF_TYPE": 3,
    "Shape_Leng": 0.01473139127,
    "Slope": 0.0,
    "TopElev": 209.0,
    "Tosegment": 3043762,
    "end_x": -109.93645833333346,
    "end_y": 59.14673611111118,
    "flow_acc": 90901.7,
    "seg_id": 3043756,
    "start_x": -109.92604166666683,
    "start_y": 59.15715277777781,
    "islake": 0,
    "lakeId": 0,
    "RATEACV": 0.0,
    "RATEBCV": 0.0,
    "lake_Vol": 0.0
  }
}