{
  "data": {
    "BotElev": 405.0,
    "Length": 20145.58596469058,
    "OBJECTID": null,
    "PFAF": "338591",
    "PFAF_CODE": 338591000000.0,
    "PF_TYPE": 2,
    "Shape_Leng": 0.18456685804,
    "Slope": 0.000397109322808,
    "TopElev": 413.0,
    "Tosegment": 3043711,
    "end_x": -107.59791666632105,
    "end_y": 56.01708333332925,
    "flow_acc": 80336.0,
    "seg_id": 3043626,
    "start_x": -107.67125000028722,
    "start_y": 55.93041666689578,
    "islake": 0,
    "lakeId": 0,
    "RATEACV": 0.0,
    "RATEBCV": 0.0,
    "lake_Vol": 0.0
  }
}