{
  "data": {
    "BotElev": 401.0,
    "Length": 27442.24559812903,
    "OBJECTID": null,
    "PFAF": "312611",
    "PFAF_CODE": 312611000000.0,
    "PF_TYPE": 3,
    "Shape_Leng": 0.27620899457,
    "Slope": 0.00451858065174,
    "TopElev": 525.0,
    "Tosegment": 3044269,
    "end_x": -117.62708333333484,
    "end_y": 49.00375000000167,
    "flow_acc": 67847.5,
    "seg_id": 3043398,
    "start_x": -117.38291666666805,
    "start_y": 49.02541666666815,
    "islake": 0,
    "lakeId": 0,
    "RATEACV": 0.0,
    "RATEBCV": 0.0,
    "lake_Vol": 0.0
  }
}