{
  "data": {
    "BotElev": 440.0,
    "Length": 52561.755679469956,
    "OBJECTID": null,
    "PFAF": "32477",
    "PFAF_CODE": 324770000000.0,
    "PF_TYPE": 2,
    "Shape_Leng": 0.52886002863,
    "Slope": 0.000570757190512,
    "TopElev": 470.0,
    "Tosegment": 3043896,
    "end_x": -126.48437500000006,
    "end_y": 59.54881944444452,
    "flow_acc": 99456.8999998,
    "seg_id": 3043853,
    "start_x": -126.95312500000006,
    "start_y": 59.65298611111109,
    "islake": 0,
    "lakeId": 0,
    "RATEACV": 0.0,
    "RATEBCV": 0.0,
    "lake_Vol": 0.0
  }
}