{
  "data": {
    "BotElev": 663.0,
    "Length": 51105.01458383995,
    "OBJECTID": null,
    "PFAF": "329793",
    "PFAF_CODE": 329793000000.0,
    "PF_TYPE": 1,
    "Shape_Leng": 0.51338834765,
    "Slope": 0.000254378168285,
    "TopElev": 676.0,
    "Tosegment": 3043433,
    "end_x": -123.14895833333344,
    "end_y": 55.98215277777791,
    "flow_acc": 68189.1,
    "seg_id": 3043407,
    "start_x": -123.63645833333345,
    "start_y": 56.044652777777856,
    "islake": 0,
    "lakeId": 0,
    "RATEACV": 0.0,
    "RATEBCV": 0.0,
    "lake_Vol": 0.0
  }
}