{
  "data": {
    "BotElev": 468.0,
    "Length": 14535.900116619803,
    "OBJECTID": null,
    "PFAF": "3189535",
    "PFAF_CODE": 318953500000.0,
    "PF_TYPE": 2,
    "Shape_Leng": 0.14886634192,
    "Slope": 0.001375903785768,
    "TopElev": 488.0,
    "Tosegment": 3043782,
    "end_x": -136.58645833333344,
    "end_y": 62.384236111111136,
    "flow_acc": 92111.3,
    "seg_id": 3043770,
    "start_x": -136.46145833333338,
    "start_y": 62.3384027777779,
    "islake": 0,
    "lakeId": 0,
    "RATEACV": 0.0,
    "RATEBCV": 0.0,
    "lake_Vol": 0.0
  }
}