{
  "data": {
    "BotElev": 379.0,
    "Length": 5385.312146088906,
    "OBJECTID": null,
    "PFAF": "338535",
    "PFAF_CODE": 338535000000.0,
    "PF_TYPE": 2,
    "Shape_Leng": 0.07135618133,
    "Slope": 0.0,
    "TopElev": 379.0,
    "Tosegment": 3043948,
    "end_x": -106.18958333340407,
    "end_y": 55.78791666682088,
    "flow_acc": 107243.0,
    "seg_id": 3043939,
    "start_x": -106.25375000006244,
    "start_y": 55.78124999968787,
    "islake": 0,
    "lakeId": 0,
    "RATEACV": 0.0,
    "RATEBCV": 0.0,
    "lake_Vol": 0.0
  }
}