{
  "data": {
    "BotElev": 579.0,
    "Length": 44231.27862642413,
    "OBJECTID": null,
    "PFAF": "318959",
    "PFAF_CODE": 318959000000.0,
    "PF_TYPE": 2,
    "Shape_Leng": 0.47171115883,
    "Slope": 0.000316518093864,
    "TopElev": 593.0,
    "Tosegment": 3043581,
    "end_x": -134.9197916666667,
    "end_y": 61.87590277777781,
    "flow_acc": 70272.6,
    "seg_id": 3043452,
    "start_x": -134.89687500000008,
    "start_y": 61.58006944444463,
    "islake": 0,
    "lakeId": 0,
    "RATEACV": 0.0,
    "RATEBCV": 0.0,
    "lake_Vol": 0.0
  }
}