{
  "data": {
    "BotElev": 366.0,
    "Length": 25935.86607382141,
    "OBJECTID": null,
    "PFAF": "328737",
    "PFAF_CODE": 328737000000.0,
    "PF_TYPE": 2,
    "Shape_Leng": 0.17999368671,
    "Slope": 0.000809689560404,
    "TopElev": 387.0,
    "Tosegment": 3043824,
    "end_x": -112.61562500000008,
    "end_y": 56.327986111111215,
    "flow_acc": 95854.8,
    "seg_id": 3043810,
    "start_x": -112.51562500000006,
    "start_y": 56.20090277777791,
    "islake": 0,
    "lakeId": 0,
    "RATEACV": 0.0,
    "RATEBCV": 0.0,
    "lake_Vol": 0.0
  }
}