{
  "data": {
    "BotElev": 156.0,
    "Length": 5189.24624857107,
    "OBJECTID": null,
    "PFAF": "326239",
    "PFAF_CODE": 326239000000.0,
    "PF_TYPE": 3,
    "Shape_Leng": 0.06452200573,
    "Slope": 0.000192706214371,
    "TopElev": 157.0,
    "Tosegment": 3043043,
    "end_x": -116.09062500000016,
    "end_y": 62.69881944444444,
    "flow_acc": 55131.4,
    "seg_id": 3043007,
    "start_x": -116.05520833333338,
    "start_y": 62.73006944444444,
    "islake": 0,
    "lakeId": 0,
    "RATEACV": 0.0,
    "RATEBCV": 0.0,
    "lake_Vol": 0.0
  }
}