{
  "data": {
    "BotElev": 672.0,
    "Length": 30196.289679511763,
    "OBJECTID": null,
    "PFAF": "329779",
    "PFAF_CODE": 329779000000.0,
    "PF_TYPE": 1,
    "Shape_Leng": 0.35446278255,
    "Slope": -0.000562983074425,
    "TopElev": 655.0,
    "Tosegment": 3043489,
    "end_x": -122.68854166666677,
    "end_y": 56.084236111111125,
    "flow_acc": 70591.8999998,
    "seg_id": 3043460,
    "start_x": -123.03437500000013,
    "start_y": 56.06340277777781,
    "islake": 0,
    "lakeId": 0,
    "RATEACV": 0.0,
    "RATEBCV": 0.0,
    "lake_Vol": 0.0
  }
}