{
  "data": {
    "BotElev": 556.0,
    "Length": 44041.29988256859,
    "OBJECTID": null,
    "PFAF": "342595",
    "PFAF_CODE": 342595000000.0,
    "PF_TYPE": 2,
    "Shape_Leng": 0.44340866983,
    "Slope": 0.000249765561628,
    "TopElev": 567.0,
    "Tosegment": 3043973,
    "end_x": -108.76958333333693,
    "end_y": 50.95791666666764,
    "flow_acc": 109020.0,
    "seg_id": 3043965,
    "start_x": -109.1670833333369,
    "start_y": 51.01375000000087,
    "islake": 0,
    "lakeId": 0,
    "RATEACV": 0.0,
    "RATEBCV": 0.0,
    "lake_Vol": 0.0
  }
}