{
  "data": {
    "BotElev": 375.0,
    "Length": 35940.52548033134,
    "OBJECTID": null,
    "PFAF": "338531",
    "PFAF_CODE": 338531000000.0,
    "PF_TYPE": 2,
    "Shape_Leng": 0.36514472189,
    "Slope": 0.000111294978205,
    "TopElev": 379.0,
    "Tosegment": 3044001,
    "end_x": -105.85875000031223,
    "end_y": 55.75624999973786,
    "flow_acc": 108942.0,
    "seg_id": 3043961,
    "start_x": -106.13708333332914,
    "start_y": 55.752916667070565,
    "islake": 0,
    "lakeId": 0,
    "RATEACV": 0.0,
    "RATEBCV": 0.0,
    "lake_Vol": 0.0
  }
}