{
  "data": {
    "BotElev": 567.0,
    "Length": 17410.24607309005,
    "OBJECTID": null,
    "PFAF": "342597",
    "PFAF_CODE": 342597000000.0,
    "PF_TYPE": 2,
    "Shape_Leng": 0.2062825877,
    "Slope": 5.7437442056e-05,
    "TopElev": 568.0,
    "Tosegment": 3043965,
    "end_x": -109.1670833333369,
    "end_y": 51.01375000000087,
    "flow_acc": 108426.0,
    "seg_id": 3043955,
    "start_x": -109.35541666667018,
    "start_y": 50.993750000000944,
    "islake": 0,
    "lakeId": 0,
    "RATEACV": 0.0,
    "RATEBCV": 0.0,
    "lake_Vol": 0.0
  }
}