{
  "data": {
    "BotElev": 157.0,
    "Length": 4690.219222247394,
    "OBJECTID": null,
    "PFAF": "32659",
    "PFAF_CODE": 326590000000.0,
    "PF_TYPE": 2,
    "Shape_Leng": 0.06868867239,
    "Slope": 0.0,
    "TopElev": 157.0,
    "Tosegment": 3043262,
    "end_x": -112.33437500000008,
    "end_y": 62.13423611111119,
    "flow_acc": 61716.3,
    "seg_id": 3043217,
    "start_x": -112.27604166666674,
    "start_y": 62.15923611111117,
    "islake": 0,
    "lakeId": 0,
    "RATEACV": 0.0,
    "RATEBCV": 0.0,
    "lake_Vol": 0.0
  }
}