{
  "data": {
    "BotElev": 156.0,
    "Length": 43154.169892412116,
    "OBJECTID": null,
    "PFAF": "326211",
    "PFAF_CODE": 326211000000.0,
    "PF_TYPE": 3,
    "Shape_Leng": 0.3122800923,
    "Slope": 2.3172731685e-05,
    "TopElev": 157.0,
    "Tosegment": 3044285,
    "end_x": -114.63229166666673,
    "end_y": 61.84465277777787,
    "flow_acc": 64692.1,
    "seg_id": 3043317,
    "start_x": -114.7927083333334,
    "start_y": 62.090486111111204,
    "islake": 0,
    "lakeId": 0,
    "RATEACV": 0.0,
    "RATEBCV": 0.0,
    "lake_Vol": 0.0
  }
}