{
  "data": {
    "BotElev": 217.0,
    "Length": 26279.859867021212,
    "OBJECTID": null,
    "PFAF": "328557",
    "PFAF_CODE": 328557000000.0,
    "PF_TYPE": 2,
    "Shape_Leng": 0.18609562877,
    "Slope": 7.610390657e-05,
    "TopElev": 219.0,
    "Tosegment": 3044264,
    "end_x": -111.44479166666679,
    "end_y": 57.93423611111103,
    "flow_acc": 156093.0,
    "seg_id": 3044261,
    "start_x": -111.36562500000008,
    "start_y": 57.79048611111125,
    "islake": 0,
    "lakeId": 0,
    "RATEACV": 0.0,
    "RATEBCV": 0.0,
    "lake_Vol": 0.0
  }
}