{
  "data": {
    "BotElev": 211.0,
    "Length": 3564.326750719936,
    "OBJECTID": null,
    "PFAF": "32831",
    "PFAF_CODE": 328310000000.0,
    "PF_TYPE": 2,
    "Shape_Leng": 0.02428511302,
    "Slope": 0.000280557892117,
    "TopElev": 212.0,
    "Tosegment": 3044661,
    "end_x": -111.29687500000011,
    "end_y": 58.8571527777778,
    "flow_acc": 275705.0,
    "seg_id": 3044618,
    "start_x": -111.28854166666667,
    "start_y": 58.836319444444484,
    "islake": 0,
    "lakeId": 0,
    "RATEACV": 0.0,
    "RATEBCV": 0.0,
    "lake_Vol": 0.0
  }
}