{
  "data": {
    "BotElev": 210.0,
    "Length": 9429.927742512831,
    "OBJECTID": null,
    "PFAF": "32453",
    "PFAF_CODE": 324530000000.0,
    "PF_TYPE": 2,
    "Shape_Leng": 0.13428300859,
    "Slope": 0.00031813605384,
    "TopElev": 213.0,
    "Tosegment": 3044420,
    "end_x": -123.5593750000001,
    "end_y": 60.20506944444446,
    "flow_acc": 197410.0,
    "seg_id": 3044416,
    "start_x": -123.67812500000014,
    "start_y": 60.16756944444444,
    "islake": 0,
    "lakeId": 0,
    "RATEACV": 0.0,
    "RATEBCV": 0.0,
    "lake_Vol": 0.0
  }
}