{
  "data": {
    "BotElev": 352.0,
    "Length": 12167.770722644931,
    "OBJECTID": null,
    "PFAF": "318799",
    "PFAF_CODE": 318799000000.0,
    "PF_TYPE": 2,
    "Shape_Leng": 0.12437184335,
    "Slope": -0.000657474584487,
    "TopElev": 344.0,
    "Tosegment": 3044575,
    "end_x": -139.54270833333345,
    "end_y": 63.34881944444453,
    "flow_acc": 253547.0,
    "seg_id": 3044574,
    "start_x": -139.43645833333346,
    "start_y": 63.305069444444484,
    "islake": 0,
    "lakeId": 0,
    "RATEACV": 0.0,
    "RATEBCV": 0.0,
    "lake_Vol": 0.0
  }
}