{
  "data": {
    "BotElev": 166.0,
    "Length": 14435.625577556686,
    "OBJECTID": null,
    "PFAF": "32419",
    "PFAF_CODE": 324190000000.0,
    "PF_TYPE": 2,
    "Shape_Leng": 0.21439935051,
    "Slope": 0.000277092251978,
    "TopElev": 170.0,
    "Tosegment": 3044593,
    "end_x": -123.04270833333345,
    "end_y": 61.10090277777783,
    "flow_acc": 264309.0,
    "seg_id": 3044591,
    "start_x": -123.22604166666673,
    "start_y": 61.025902777777844,
    "islake": 0,
    "lakeId": 0,
    "RATEACV": 0.0,
    "RATEBCV": 0.0,
    "lake_Vol": 0.0
  }
}