{
  "data": {
    "BotElev": 303.0,
    "Length": 41011.30866703147,
    "OBJECTID": null,
    "PFAF": "3381997",
    "PFAF_CODE": 338199700000.0,
    "PF_TYPE": 2,
    "Shape_Leng": 0.45640698623,
    "Slope": 0.000414519813011,
    "TopElev": 320.0,
    "Tosegment": 3044466,
    "end_x": -102.79374999996242,
    "end_y": 55.584583333653995,
    "flow_acc": 213074.0,
    "seg_id": 3044463,
    "start_x": -103.17208333367887,
    "start_y": 55.572916667070615,
    "islake": 0,
    "lakeId": 0,
    "RATEACV": 0.0,
    "RATEBCV": 0.0,
    "lake_Vol": 0.0
  }
}