{
  "data": {
    "BotElev": 232.0,
    "Length": 10031.390305894656,
    "OBJECTID": null,
    "PFAF": "328591",
    "PFAF_CODE": 328591000000.0,
    "PF_TYPE": 2,
    "Shape_Leng": 0.06696278255,
    "Slope": -0.000199374158418,
    "TopElev": 230.0,
    "Tosegment": 3044187,
    "end_x": -111.62604166666677,
    "end_y": 57.18840277777781,
    "flow_acc": 139019.0,
    "seg_id": 3044156,
    "start_x": -111.60520833333345,
    "start_y": 57.13006944444453,
    "islake": 0,
    "lakeId": 0,
    "RATEACV": 0.0,
    "RATEBCV": 0.0,
    "lake_Vol": 0.0
  }
}