{
  "data": {
    "BotElev": 230.0,
    "Length": 16978.955585213123,
    "OBJECTID": null,
    "PFAF": "329153",
    "PFAF_CODE": 329153000000.0,
    "PF_TYPE": 1,
    "Shape_Leng": 0.23157151861,
    "Slope": 0.000176689313129,
    "TopElev": 233.0,
    "Tosegment": 3044644,
    "end_x": -114.54895833333347,
    "end_y": 58.50506944444453,
    "flow_acc": 289432.0,
    "seg_id": 3044643,
    "start_x": -114.74062500000014,
    "start_y": 58.41756944444444,
    "islake": 0,
    "lakeId": 0,
    "RATEACV": 0.0,
    "RATEBCV": 0.0,
    "lake_Vol": 0.0
  }
}