{
  "data": {
    "BotElev": 279.0,
    "Length": 51385.40137376017,
    "OBJECTID": null,
    "PFAF": "3381993",
    "PFAF_CODE": 338199300000.0,
    "PF_TYPE": 2,
    "Shape_Leng": 0.52065319782,
    "Slope": 0.000389215603368,
    "TopElev": 299.0,
    "Tosegment": 3044479,
    "end_x": -102.32624999963775,
    "end_y": 55.53208333357907,
    "flow_acc": 214918.0,
    "seg_id": 3044474,
    "start_x": -102.67875000001243,
    "start_y": 55.584583333653995,
    "islake": 0,
    "lakeId": 0,
    "RATEACV": 0.0,
    "RATEBCV": 0.0,
    "lake_Vol": 0.0
  }
}