{
  "data": {
    "BotElev": 257.0,
    "Length": 75112.35443669632,
    "OBJECTID": null,
    "PFAF": "329351",
    "PFAF_CODE": 329351000000.0,
    "PF_TYPE": 1,
    "Shape_Leng": 0.78816843995,
    "Slope": 7.9880334533e-05,
    "TopElev": 263.0,
    "Tosegment": 3044501,
    "end_x": -116.99687500000016,
    "end_y": 57.75923611111108,
    "flow_acc": 219103.0,
    "seg_id": 3044490,
    "start_x": -117.11562500000008,
    "start_y": 57.492569444444484,
    "islake": 0,
    "lakeId": 0,
    "RATEACV": 0.0,
    "RATEBCV": 0.0,
    "lake_Vol": 0.0
  }
}