{
  "data": {
    "BotElev": 360.0,
    "Length": 33221.96542568924,
    "OBJECTID": null,
    "PFAF": "314513",
    "PFAF_CODE": 314513000000.0,
    "PF_TYPE": 2,
    "Shape_Leng": 0.30486297483,
    "Slope": 0.001173922117499,
    "TopElev": 399.0,
    "Tosegment": 3044061,
    "end_x": -122.40125000000012,
    "end_y": 51.8770833333341,
    "flow_acc": 121371.0,
    "seg_id": 3044054,
    "start_x": -122.27541666666696,
    "start_y": 52.05875000000077,
    "islake": 0,
    "lakeId": 0,
    "RATEACV": 0.0,
    "RATEBCV": 0.0,
    "lake_Vol": 0.0
  }
}