{
  "data": {
    "BotElev": 474.0,
    "Length": 38420.455245274374,
    "OBJECTID": null,
    "PFAF": "342533",
    "PFAF_CODE": 342533000000.0,
    "PF_TYPE": 2,
    "Shape_Leng": 0.3537149468,
    "Slope": -2.6027801951e-05,
    "TopElev": 473.0,
    "Tosegment": 3044094,
    "end_x": -106.58291666667088,
    "end_y": 52.217916666667406,
    "flow_acc": 126967.0,
    "seg_id": 3044087,
    "start_x": -106.72208333333742,
    "start_y": 51.98375000000078,
    "islake": 0,
    "lakeId": 0,
    "RATEACV": 0.0,
    "RATEBCV": 0.0,
    "lake_Vol": 0.0
  }
}