{
  "data": {
    "BotElev": 373.0,
    "Length": 3022.9928173826283,
    "OBJECTID": null,
    "PFAF": "3385175",
    "PFAF_CODE": 338517500000.0,
    "PF_TYPE": 2,
    "Shape_Leng": 0.04436886675,
    "Slope": 0.0,
    "TopElev": 373.0,
    "Tosegment": 3044011,
    "end_x": -105.62625000023729,
    "end_y": 55.63541666694567,
    "flow_acc": 115079.0,
    "seg_id": 3044007,
    "start_x": -105.66958333300425,
    "start_y": 55.634583333554076,
    "islake": 0,
    "lakeId": 0,
    "RATEACV": 0.0,
    "RATEBCV": 0.0,
    "lake_Vol": 0.0
  }
}