{
  "data": {
    "BotElev": 432.0,
    "Length": 11294.993454220083,
    "OBJECTID": null,
    "PFAF": "318935",
    "PFAF_CODE": 318935000000.0,
    "PF_TYPE": 2,
    "Shape_Leng": 0.14095177969,
    "Slope": -0.000531208807187,
    "TopElev": 426.0,
    "Tosegment": 3044243,
    "end_x": -138.30312500000008,
    "end_y": 62.80090277777799,
    "flow_acc": 148814.0,
    "seg_id": 3044223,
    "start_x": -138.16562500000003,
    "start_y": 62.80923611111103,
    "islake": 0,
    "lakeId": 0,
    "RATEACV": 0.0,
    "RATEBCV": 0.0,
    "lake_Vol": 0.0
  }
}