{
  "data": {
    "BotElev": 123.0,
    "Length": 23063.75203301261,
    "OBJECTID": null,
    "PFAF": "322155",
    "PFAF_CODE": 322155000000.0,
    "PF_TYPE": 2,
    "Shape_Leng": 0.3558312289,
    "Slope": 0.000390222717757,
    "TopElev": 132.0,
    "Tosegment": 3044242,
    "end_x": -124.06562500000013,
    "end_y": 65.02173611111112,
    "flow_acc": 149752.0,
    "seg_id": 3044237,
    "start_x": -123.72187500000001,
    "start_y": 65.04256944444444,
    "islake": 0,
    "lakeId": 0,
    "RATEACV": 0.0,
    "RATEBCV": 0.0,
    "lake_Vol": 0.0
  }
}