{
  "data": {
    "BotElev": 71.0,
    "Length": 15705.292246917665,
    "OBJECTID": null,
    "PFAF": "322151",
    "PFAF_CODE": 322151000000.0,
    "PF_TYPE": 2,
    "Shape_Leng": 0.24794206939,
    "Slope": 0.00076407365182,
    "TopElev": 83.0,
    "Tosegment": 3044251,
    "end_x": -124.89687500000014,
    "end_y": 64.98423611111116,
    "flow_acc": 151289.0,
    "seg_id": 3044245,
    "start_x": -124.67395833333342,
    "start_y": 65.04465277777786,
    "islake": 0,
    "lakeId": 0,
    "RATEACV": 0.0,
    "RATEBCV": 0.0,
    "lake_Vol": 0.0
  }
}