{
  "data": {
    "BotElev": 335.0,
    "Length": 71060.5460161122,
    "OBJECTID": null,
    "PFAF": "318931",
    "PFAF_CODE": 318931000000.0,
    "PF_TYPE": 2,
    "Shape_Leng": 0.7567090544,
    "Slope": 0.001308743110121,
    "TopElev": 428.0,
    "Tosegment": 3044434,
    "end_x": -139.58229166666666,
    "end_y": 63.1925694444447,
    "flow_acc": 152667.0,
    "seg_id": 3044249,
    "start_x": -139.0510416666666,
    "start_y": 62.90715277777775,
    "islake": 0,
    "lakeId": 0,
    "RATEACV": 0.0,
    "RATEBCV": 0.0,
    "lake_Vol": 0.0
  }
}