{
  "data": {
    "BotElev": 347.0,
    "Length": 33930.20120665118,
    "OBJECTID": null,
    "PFAF": "329537",
    "PFAF_CODE": 329537000000.0,
    "PF_TYPE": 1,
    "Shape_Leng": 0.30189935051,
    "Slope": 2.9472268493e-05,
    "TopElev": 348.0,
    "Tosegment": 3044126,
    "end_x": -118.63854166666675,
    "end_y": 55.92590277777782,
    "flow_acc": 134210.0,
    "seg_id": 3044120,
    "start_x": -118.87812500000007,
    "start_y": 56.027986111111204,
    "islake": 0,
    "lakeId": 0,
    "RATEACV": 0.0,
    "RATEBCV": 0.0,
    "lake_Vol": 0.0
  }
}