{
  "data": {
    "BotElev": 348.0,
    "Length": 37484.478530282635,
    "OBJECTID": null,
    "PFAF": "3295391",
    "PFAF_CODE": 329539100000.0,
    "PF_TYPE": 1,
    "Shape_Leng": 0.30558591847,
    "Slope": 0.000453521048352,
    "TopElev": 365.0,
    "Tosegment": 3044120,
    "end_x": -118.87812500000007,
    "end_y": 56.027986111111204,
    "flow_acc": 133260.0,
    "seg_id": 3044115,
    "start_x": -118.95729166666678,
    "start_y": 56.230069444444496,
    "islake": 0,
    "lakeId": 0,
    "RATEACV": 0.0,
    "RATEBCV": 0.0,
    "lake_Vol": 0.0
  }
}