{
  "data": {
    "BotElev": 208.0,
    "Length": 1687.6999300390653,
    "OBJECTID": null,
    "PFAF": "32797",
    "PFAF_CODE": 327970000000.0,
    "PF_TYPE": 1,
    "Shape_Leng": 0.01422588984,
    "Slope": 0.000592522392281,
    "TopElev": 209.0,
    "Tosegment": 3044966,
    "end_x": -111.45312500000011,
    "end_y": 59.42590277777788,
    "flow_acc": 605445.0,
    "seg_id": 3044963,
    "start_x": -111.45729166666683,
    "start_y": 59.413402777777776,
    "islake": 0,
    "lakeId": 0,
    "RATEACV": 0.0,
    "RATEBCV": 0.0,
    "lake_Vol": 0.0
  }
}