{
  "data": {
    "BotElev": 224.0,
    "Length": 657.8090656637983,
    "OBJECTID": null,
    "PFAF": "329117",
    "PFAF_CODE": 329117000000.0,
    "PF_TYPE": 1,
    "Shape_Leng": 0.00883883476,
    "Slope": 0.0,
    "TopElev": 224.0,
    "Tosegment": 3044669,
    "end_x": -112.86770833333344,
    "end_y": 59.06131944444451,
    "flow_acc": 300584.0,
    "seg_id": 3044668,
    "start_x": -112.87395833333346,
    "start_y": 59.055069444444484,
    "islake": 0,
    "lakeId": 0,
    "RATEACV": 0.0,
    "RATEBCV": 0.0,
    "lake_Vol": 0.0
  }
}