{
  "data": {
    "BotElev": 417.0,
    "Length": 74945.19702303885,
    "OBJECTID": null,
    "PFAF": "314535",
    "PFAF_CODE": 314535000000.0,
    "PF_TYPE": 2,
    "Shape_Leng": 0.57319805154,
    "Slope": 0.000467007912318,
    "TopElev": 452.0,
    "Tosegment": 3044016,
    "end_x": -122.37541666666692,
    "end_y": 52.37875000000071,
    "flow_acc": 115928.0,
    "seg_id": 3044010,
    "start_x": -122.45958333333334,
    "start_y": 52.812916666667434,
    "islake": 0,
    "lakeId": 0,
    "RATEACV": 0.0,
    "RATEBCV": 0.0,
    "lake_Vol": 0.0
  }
}