{
  "data": {
    "BotElev": 343.0,
    "Length": 4519.214265110069,
    "OBJECTID": null,
    "PFAF": "3385131",
    "PFAF_CODE": 338513100000.0,
    "PF_TYPE": 2,
    "Shape_Leng": 0.04647462736,
    "Slope": 0.000663832211533,
    "TopElev": 346.0,
    "Tosegment": 3044059,
    "end_x": -104.59541666674573,
    "end_y": 55.587083332929524,
    "flow_acc": 120836.0,
    "seg_id": 3044050,
    "start_x": -104.63124999988753,
    "start_y": 55.5837500002624,
    "islake": 0,
    "lakeId": 0,
    "RATEACV": 0.0,
    "RATEBCV": 0.0,
    "lake_Vol": 0.0
  }
}