{
  "data": {
    "BotElev": 170.0,
    "Length": 15806.554727102706,
    "OBJECTID": null,
    "PFAF": "32431",
    "PFAF_CODE": 324310000000.0,
    "PF_TYPE": 2,
    "Shape_Leng": 0.17092006367,
    "Slope": 0.000632648934107,
    "TopElev": 180.0,
    "Tosegment": 3044591,
    "end_x": -123.22604166666673,
    "end_y": 61.025902777777844,
    "flow_acc": 226389.0,
    "seg_id": 3044513,
    "start_x": -123.31354166666671,
    "start_y": 60.942569444444416,
    "islake": 0,
    "lakeId": 0,
    "RATEACV": 0.0,
    "RATEBCV": 0.0,
    "lake_Vol": 0.0
  }
}