{
  "data": {
    "BotElev": 154.0,
    "Length": 15956.953984242642,
    "OBJECTID": null,
    "PFAF": "324131",
    "PFAF_CODE": 324131000000.0,
    "PF_TYPE": 2,
    "Shape_Leng": 0.21502750716,
    "Slope": 0.000250674408408,
    "TopElev": 158.0,
    "Tosegment": 3044613,
    "end_x": -121.87395833333346,
    "end_y": 61.36340277777788,
    "flow_acc": 270581.0,
    "seg_id": 3044600,
    "start_x": -122.07604166666675,
    "start_y": 61.348819444444416,
    "islake": 0,
    "lakeId": 0,
    "RATEACV": 0.0,
    "RATEBCV": 0.0,
    "lake_Vol": 0.0
  }
}