{
  "data": {
    "BotElev": 145.0,
    "Length": 1248.5899924222556,
    "OBJECTID": null,
    "PFAF": "32555",
    "PFAF_CODE": 325550000000.0,
    "PF_TYPE": 1,
    "Shape_Leng": 0.01214255651,
    "Slope": 0.0,
    "TopElev": 145.0,
    "Tosegment": 3045232,
    "end_x": -119.61145833333347,
    "end_y": 61.26548611111116,
    "flow_acc": 1025910.0,
    "seg_id": 3045231,
    "start_x": -119.60104166666673,
    "start_y": 61.261319444444496,
    "islake": 0,
    "lakeId": 0,
    "RATEACV": 0.0,
    "RATEBCV": 0.0,
    "lake_Vol": 0.0
  }
}