{
  "data": {
    "BotElev": 30.0,
    "Length": 22589.664236647506,
    "OBJECTID": null,
    "PFAF": "321771",
    "PFAF_CODE": 321771000000.0,
    "PF_TYPE": 1,
    "Shape_Leng": 0.19606812161,
    "Slope": 4.4268032916e-05,
    "TopElev": 31.0,
    "Tosegment": 3045333,
    "end_x": -129.0781250000001,
    "end_y": 66.10090277777778,
    "flow_acc": 1642320.0,
    "seg_id": 3045332,
    "start_x": -129.03229166666677,
    "start_y": 65.92381944444458,
    "islake": 0,
    "lakeId": 0,
    "RATEACV": 0.0,
    "RATEBCV": 0.0,
    "lake_Vol": 0.0
  }
}