{
  "data": {
    "BotElev": 61.0,
    "Length": 31658.30661062537,
    "OBJECTID": null,
    "PFAF": "32333",
    "PFAF_CODE": 323330000000.0,
    "PF_TYPE": 1,
    "Shape_Leng": 0.30263964022,
    "Slope": 0.0,
    "TopElev": 61.0,
    "Tosegment": 3045319,
    "end_x": -124.78437500000013,
    "end_y": 64.43006944444454,
    "flow_acc": 1419070.0,
    "seg_id": 3045318,
    "start_x": -124.54687500000011,
    "start_y": 64.29048611111119,
    "islake": 0,
    "lakeId": 0,
    "RATEACV": 0.0,
    "RATEBCV": 0.0,
    "lake_Vol": 0.0
  }
}