{
  "data": {
    "BotElev": 6.0,
    "Length": 87061.28626860547,
    "OBJECTID": null,
    "PFAF": "321113",
    "PFAF_CODE": 321113000000.0,
    "PF_TYPE": 1,
    "Shape_Leng": 1.06667102509,
    "Slope": -2.2972323127e-05,
    "TopElev": 4.0,
    "Tosegment": 3045365,
    "end_x": -135.78437500000007,
    "end_y": 68.64465277777782,
    "flow_acc": 1809770.0,
    "seg_id": 3045364,
    "start_x": -135.02395833333344,
    "start_y": 68.24048611111107,
    "islake": 0,
    "lakeId": 0,
    "RATEACV": 0.0,
    "RATEBCV": 0.0,
    "lake_Vol": 0.0
  }
}