{
  "data": {
    "BotElev": 105.0,
    "Length": 22093.998609853144,
    "OBJECTID": null,
    "PFAF": "32359",
    "PFAF_CODE": 323590000000.0,
    "PF_TYPE": 1,
    "Shape_Leng": 0.17336084049,
    "Slope": 9.0522319446e-05,
    "TopElev": 107.0,
    "Tosegment": 3045306,
    "end_x": -123.23437500000006,
    "end_y": 62.97381944444453,
    "flow_acc": 1375400.0,
    "seg_id": 3045305,
    "start_x": -123.20729166666672,
    "start_y": 62.81340277777787,
    "islake": 0,
    "lakeId": 0,
    "RATEACV": 0.0,
    "RATEBCV": 0.0,
    "lake_Vol": 0.0
  }
}