{
  "data": {
    "BotElev": 72.0,
    "Length": 33871.59180846242,
    "OBJECTID": null,
    "PFAF": "323515",
    "PFAF_CODE": 323515000000.0,
    "PF_TYPE": 1,
    "Shape_Leng": 0.28746407512,
    "Slope": 0.000147616327815,
    "TopElev": 77.0,
    "Tosegment": 3045316,
    "end_x": -124.4677083333334,
    "end_y": 64.22798611111125,
    "flow_acc": 1401460.0,
    "seg_id": 3045315,
    "start_x": -124.3739583333334,
    "start_y": 64.00090277777787,
    "islake": 0,
    "lakeId": 0,
    "RATEACV": 0.0,
    "RATEBCV": 0.0,
    "lake_Vol": 0.0
  }
}