{
  "data": {
    "BotElev": 145.0,
    "Length": 13111.597954434095,
    "OBJECTID": null,
    "PFAF": "325751",
    "PFAF_CODE": 325751000000.0,
    "PF_TYPE": 1,
    "Shape_Leng": 0.191753397,
    "Slope": 0.0,
    "TopElev": 145.0,
    "Tosegment": 3045228,
    "end_x": -118.95937500000008,
    "end_y": 61.259236111111136,
    "flow_acc": 1020940.0,
    "seg_id": 3045227,
    "start_x": -118.78229166666677,
    "start_y": 61.29465277777774,
    "islake": 0,
    "lakeId": 0,
    "RATEACV": 0.0,
    "RATEBCV": 0.0,
    "lake_Vol": 0.0
  }
}