{
  "data": {
    "BotElev": 61.0,
    "Length": 744.5316440192657,
    "OBJECTID": null,
    "PFAF": "32331",
    "PFAF_CODE": 323310000000.0,
    "PF_TYPE": 1,
    "Shape_Leng": 0.00589255651,
    "Slope": 0.0,
    "TopElev": 61.0,
    "Tosegment": 3045320,
    "end_x": -124.78854166666673,
    "end_y": 64.4342361111112,
    "flow_acc": 1419520.0,
    "seg_id": 3045319,
    "start_x": -124.78437500000013,
    "start_y": 64.43006944444454,
    "islake": 0,
    "lakeId": 0,
    "RATEACV": 0.0,
    "RATEBCV": 0.0,
    "lake_Vol": 0.0
  }
}