{
  "data": {
    "BotElev": 155.0,
    "Length": 26778.585374087394,
    "OBJECTID": null,
    "PFAF": "32733",
    "PFAF_CODE": 327330000000.0,
    "PF_TYPE": 1,
    "Shape_Leng": 0.36035533906,
    "Slope": 7.4686544194e-05,
    "TopElev": 157.0,
    "Tosegment": 3045155,
    "end_x": -116.86145833333342,
    "end_y": 61.04256944444455,
    "flow_acc": 794296.0,
    "seg_id": 3045154,
    "start_x": -116.51145833333345,
    "start_y": 61.017569444444405,
    "islake": 0,
    "lakeId": 0,
    "RATEACV": 0.0,
    "RATEBCV": 0.0,
    "lake_Vol": 0.0
  }
}