{
  "data": {
    "BotElev": 14.0,
    "Length": 25696.119755767813,
    "OBJECTID": null,
    "PFAF": "321551",
    "PFAF_CODE": 321551000000.0,
    "PF_TYPE": 1,
    "Shape_Leng": 0.41437394778,
    "Slope": -3.891638152e-05,
    "TopElev": 13.0,
    "Tosegment": 3045344,
    "end_x": -131.4968750000001,
    "end_y": 67.45715277777782,
    "flow_acc": 1689750.0,
    "seg_id": 3045343,
    "start_x": -131.08854166666669,
    "start_y": 67.47173611111111,
    "islake": 0,
    "lakeId": 0,
    "RATEACV": 0.0,
    "RATEBCV": 0.0,
    "lake_Vol": 0.0
  }
}