{
  "data": {
    "BotElev": 62.0,
    "Length": 14479.89575986121,
    "OBJECTID": null,
    "PFAF": "32199",
    "PFAF_CODE": 321990000000.0,
    "PF_TYPE": 1,
    "Shape_Leng": 0.19857022604,
    "Slope": -0.000138122541292,
    "TopElev": 60.0,
    "Tosegment": 3045324,
    "end_x": -125.96354166666674,
    "end_y": 64.9196527777778,
    "flow_acc": 1607800.0,
    "seg_id": 3045323,
    "start_x": -125.77187500000014,
    "start_y": 64.90298611111109,
    "islake": 0,
    "lakeId": 0,
    "RATEACV": 0.0,
    "RATEBCV": 0.0,
    "lake_Vol": 0.0
  }
}