{
  "data": {
    "BotElev": 9.0,
    "Length": 9899.584334772553,
    "OBJECTID": null,
    "PFAF": "32173",
    "PFAF_CODE": 321730000000.0,
    "PF_TYPE": 1,
    "Shape_Leng": 0.16151439986,
    "Slope": 0.003939559347256,
    "TopElev": 48.0,
    "Tosegment": 3045335,
    "end_x": -128.89479166666672,
    "end_y": 66.18215277777779,
    "flow_acc": 1648320.0,
    "seg_id": 3045334,
    "start_x": -129.03645833333348,
    "start_y": 66.13423611111114,
    "islake": 0,
    "lakeId": 0,
    "RATEACV": 0.0,
    "RATEBCV": 0.0,
    "lake_Vol": 0.0
  }
}