{
  "data": {
    "BotElev": 6.0,
    "Length": 33771.01773486305,
    "OBJECTID": null,
    "PFAF": "321511",
    "PFAF_CODE": 321511000000.0,
    "PF_TYPE": 1,
    "Shape_Leng": 0.39740064308,
    "Slope": 0.000148055946648,
    "TopElev": 11.0,
    "Tosegment": 3045350,
    "end_x": -133.77604166666674,
    "end_y": 67.4550694444444,
    "flow_acc": 1698620.0,
    "seg_id": 3045349,
    "start_x": -133.4489583333334,
    "start_y": 67.33215277777776,
    "islake": 0,
    "lakeId": 0,
    "RATEACV": 0.0,
    "RATEBCV": 0.0,
    "lake_Vol": 0.0
  }
}