{
  "data": {
    "COMID": 71031506.0,
    "slope": 0.02946192917,
    "NextDownID": 71028700.0,
    "length": 20734.91557234007
  }
}