{
  "data": {
    "COMID": 71031643.0,
    "slope": 0.056912746455,
    "NextDownID": 71029016.0,
    "length": 3493.652183263622
  }
}