{
  "data": {
    "COMID": 71031359.0,
    "slope": 0.037775430899,
    "NextDownID": 71028904.0,
    "length": 9302.115395811807
  }
}