{
  "data": {
    "COMID": 71028740.0,
    "slope": 0.001970293108,
    "NextDownID": 71028700.0,
    "length": 7445.7819946547625
  }
}