{
  "data": {
    "COMID": 71029022.0,
    "slope": 0.006422613937,
    "NextDownID": 71029016.0,
    "length": 311.066868808836
  }
}