{
  "data": {
    "COMID": 71028597.0,
    "slope": 0.020344166288943,
    "NextDownID": 71028585.0,
    "length": 4374.7184689682235
  }
}