{
  "data": {
    "GRU_ID": "71032440",
    "HRU_ID": 96,
    "center_lat": 51.65775630950844,
    "center_lon": -116.41422511452991,
    "HRU_area": 20071661.76
  }
}