{
  "data": {
    "GRU_ID": "71030287",
    "HRU_ID": 112,
    "center_lat": 51.34737648573619,
    "center_lon": -116.0675000038875,
    "HRU_area": 145338.296
  }
}