{
  "data": {
    "GRU_ID": "71029963",
    "HRU_ID": 15,
    "center_lat": 51.11130189910444,
    "center_lon": -115.67616728854993,
    "HRU_area": 5924269.659
  }
}