{
  "data": {
    "GRU_ID": "71029798",
    "HRU_ID": 13,
    "center_lat": 51.1345580939296,
    "center_lon": -115.66120880390667,
    "HRU_area": 1092334.807
  }
}