{
  "data": {
    "GRU_ID": "71028597",
    "HRU_ID": 100,
    "center_lat": 51.17273743993668,
    "center_lon": -115.61166165139227,
    "HRU_area": 6386550.315
  }
}