{
  "data": {
    "GRU_ID": "71030784",
    "HRU_ID": 27,
    "center_lat": 51.12059768927725,
    "center_lon": -115.89998318993163,
    "HRU_area": 30297004.68
  }
}