{
  "data": {
    "GRU_ID": "71031359",
    "HRU_ID": 82,
    "center_lat": 51.34018238275296,
    "center_lon": -116.16110576889291,
    "HRU_area": 14299198.85
  }
}