{
  "data": {
    "GRU_ID": "71031506",
    "HRU_ID": 117,
    "center_lat": 51.246739394997824,
    "center_lon": -115.84571755655234,
    "HRU_area": 1046550.209
  }
}