{
  "data": {
    "GRU_ID": "71029857",
    "HRU_ID": 63,
    "center_lat": 51.20818380959291,
    "center_lon": -115.58813219339505,
    "HRU_area": 12757983.3
  }
}