{
  "data": {
    "GRU_ID": "71032440",
    "HRU_ID": 47,
    "center_lat": 51.667509287412265,
    "center_lon": -116.45110958461677,
    "HRU_area": 86940813.87
  }
}