{
  "data": {
    "GRU_ID": "71030100",
    "HRU_ID": 18,
    "center_lat": 51.18720846155113,
    "center_lon": -115.8432328996518,
    "HRU_area": 10306050.76
  }
}