{
  "data": {
    "GRU_ID": "71028852",
    "HRU_ID": 54,
    "center_lat": 51.30596203259391,
    "center_lon": -116.0179012630657,
    "HRU_area": 57158207.1
  }
}