{
  "data": {
    "GRU_ID": "71030418",
    "HRU_ID": 71,
    "center_lat": 51.036610173572775,
    "center_lon": -115.6042253697221,
    "HRU_area": 19882074.17
  }
}