{
  "data": {
    "GRU_ID": "71030418",
    "HRU_ID": 22,
    "center_lat": 51.00901987397416,
    "center_lon": -115.59692364591888,
    "HRU_area": 54606227.95
  }
}