{
  "data": {
    "GRU_ID": "71030774",
    "HRU_ID": 114,
    "center_lat": 51.15867757044283,
    "center_lon": -115.62434037387196,
    "HRU_area": 1502535.177
  }
}