{
  "data": {
    "GRU_ID": "71028700",
    "HRU_ID": 52,
    "center_lat": 51.23543680780609,
    "center_lon": -115.83561956427785,
    "HRU_area": 4516368.174
  }
}