{
  "data": {
    "GRU_ID": "71032292",
    "HRU_ID": 93,
    "center_lat": 51.62108173417444,
    "center_lon": -116.11673727827014,
    "HRU_area": 1899612.839
  }
}