{
  "data": {
    "GRU_ID": "71029798",
    "HRU_ID": 62,
    "center_lat": 51.14314599716791,
    "center_lon": -115.67746131737756,
    "HRU_area": 4979481.209
  }
}