{
  "data": {
    "GRU_ID": "71029992",
    "HRU_ID": 65,
    "center_lat": 51.50297300797191,
    "center_lon": -116.1826173551779,
    "HRU_area": 37301371.0
  }
}