{
  "data": {
    "GRU_ID": "71031687",
    "HRU_ID": 87,
    "center_lat": 51.427425081736814,
    "center_lon": -116.02474325810772,
    "HRU_area": 2745904.367
  }
}