{
  "data": {
    "GRU_ID": "71032422",
    "HRU_ID": 95,
    "center_lat": 51.64787220465635,
    "center_lon": -116.32313465267656,
    "HRU_area": 3299650.87
  }
}