{
  "data": {
    "GRU_ID": "71030287",
    "HRU_ID": 69,
    "center_lat": 51.39430440778611,
    "center_lon": -116.0554979897056,
    "HRU_area": 16589403.86
  }
}