{
  "data": {
    "GRU_ID": "71028740",
    "HRU_ID": 5,
    "center_lat": 51.27739635354308,
    "center_lon": -115.90370145376966,
    "HRU_area": 27003628.5
  }
}