{
  "data": {
    "GRU_ID": "71028609",
    "HRU_ID": 2,
    "center_lat": 51.17666920929247,
    "center_lon": -115.65520996771701,
    "HRU_area": 6569698.768
  }
}