{
  "data": {
    "GRU_ID": "71031503",
    "HRU_ID": 34,
    "center_lat": 51.36001537408404,
    "center_lon": -116.237274100702,
    "HRU_area": 30588043.79
  }
}