{
  "data": {
    "COMID": 71031654.0,
    "slope": 0.036514280395,
    "NextDownID": 71028957.0,
    "length": 2762.866767676687
  }
}