{
  "data": {
    "COMID": 71030287.0,
    "slope": 0.023103988467,
    "NextDownID": 71028852.0,
    "length": 12023.977754413163
  }
}