{
  "data": {
    "COMID": 71030100.0,
    "slope": 0.033148432237,
    "NextDownID": 71028676.0,
    "length": 7025.087080560407
  }
}