{
  "data": {
    "COMID": 71032409.0,
    "slope": 0.016693233524,
    "NextDownID": 71030270.0,
    "length": 6012.001960832327
  }
}